cement,blast_furnace_slag,fly_ash,water,superplasticizer,coarse_aggregate,fine_aggregate ,age,concrete_compressive_strength
1.0,0.0,0.0,0.6963249516441007,0.09803921568627451,0.9082969432314411,0.7015541083984123,28,1.0
1.0,0.0,0.0,0.6963249516441007,0.09803921568627451,0.9213973799126638,0.7015541083984123,28,0.7758312701745589
0.6157407407407407,0.3987408184679958,0.0,0.980012894906512,0.0,0.8139737991266376,0.6164543496873622,270,0.5048105550158263
0.6157407407407407,0.3987408184679958,0.0,0.980012894906512,0.0,0.8139737991266376,0.6164543496873622,365,0.5145883606506001
0.36777777777777776,0.37047918852745715,0.0,0.8252740167633785,0.0,0.8544978165938865,0.8567054977557533,360,0.5553292174621579
0.4925925925925926,0.31899265477439664,0.0,0.980012894906512,0.0,0.8139737991266376,0.6953272967854085,90,0.5895515371838665
0.7037037037037037,0.2658272123119972,0.0,0.980012894906512,0.0,0.8139737991266376,0.6164543496873622,365,0.5478078285123319
0.7037037037037037,0.2658272123119972,0.0,0.980012894906512,0.0,0.8139737991266376,0.6164543496873622,28,0.4569243787019336
0.4925925925925926,0.31899265477439664,0.0,0.980012894906512,0.0,0.8139737991266376,0.6953272967854085,28,0.5747594722492086
0.8796296296296297,0.0,0.0,0.980012894906512,0.0,0.8139737991266376,0.6164543496873622,28,0.4925256197311103
0.36777777777777776,0.37047918852745715,0.0,0.8252740167633785,0.0,0.8544978165938865,0.8567054977557533,90,0.477232128866464
0.36777777777777776,0.37047918852745715,0.0,0.8252740167633785,0.0,0.8544978165938865,0.8567054977557533,28,0.3512488639568773
0.7916666666666666,0.1329136061559986,0.0,0.980012894906512,0.0,0.8139737991266376,0.6164543496873622,270,0.5391582312200319
0.35185185185185186,0.5316544246239944,0.0,0.980012894906512,0.0,0.8139737991266376,0.6953272967854085,90,0.530633990410229
0.562962962962963,0.21266176984959775,0.0,0.980012894906512,0.0,0.8139737991266376,0.6953272967854085,28,0.5993293428186405
0.7037037037037037,0.0,0.0,0.980012894906512,0.0,0.8139737991266376,0.6953272967854085,90,0.6632611488921619
0.2585185185185185,0.5859391395592864,0.0,0.8252740167633785,0.0,0.914410480349345,0.837402381755442,90,0.49340311510859
0.6333333333333333,0.10633088492479888,0.0,0.980012894906512,0.0,0.8139737991266376,0.6953272967854085,365,0.7037512927387257
0.7037037037037037,0.2658272123119972,0.0,0.980012894906512,0.0,0.8139737991266376,0.6164543496873622,90,0.5084458930082422
0.8796296296296297,0.0,0.0,0.980012894906512,0.0,0.8139737991266376,0.6164543496873622,180,0.534269328402645
0.7916666666666666,0.1329136061559986,0.0,0.980012894906512,0.0,0.8139737991266376,0.6164543496873622,180,0.5244915227678711
0.2585185185185185,0.5859391395592864,0.0,0.8252740167633785,0.0,0.914410480349345,0.837402381755442,28,0.35400670657181355
0.2585185185185185,0.5859391395592864,0.0,0.8252740167633785,0.0,0.914410480349345,0.837402381755442,3,0.10103732489266351
0.2585185185185185,0.5859391395592864,0.0,0.8252740167633785,0.0,0.914410480349345,0.837402381755442,180,0.5542010091196841
0.7037037037037037,0.0,0.0,0.980012894906512,0.0,0.8139737991266376,0.6953272967854085,365,0.6583722460747751
0.7037037037037037,0.0,0.0,0.980012894906512,0.0,0.8139737991266376,0.6953272967854085,270,0.6681500517095489
0.7037037037037037,0.2658272123119972,0.0,0.980012894906512,0.0,0.8139737991266376,0.6164543496873622,270,0.5158419254755711
0.6333333333333333,0.10633088492479888,0.0,0.980012894906512,0.0,0.8139737991266376,0.6953272967854085,180,0.653357986774891
0.7916666666666666,0.1329136061559986,0.0,0.980012894906512,0.0,0.8139737991266376,0.6164543496873622,28,0.4692093139866495
0.8796296296296297,0.0,0.0,0.980012894906512,0.0,0.8139737991266376,0.6164543496873622,7,0.48387602243881034
0.562962962962963,0.21266176984959775,0.0,0.980012894906512,0.0,0.8139737991266376,0.6953272967854085,365,0.6927199222789807
0.4925925925925926,0.31899265477439664,0.0,0.980012894906512,0.0,0.8139737991266376,0.6953272967854085,365,0.6632611488921619
0.36777777777777776,0.37047918852745715,0.0,0.8252740167633785,0.0,0.8544978165938865,0.8567054977557533,180,0.5229872449779058
0.8796296296296297,0.0,0.0,0.980012894906512,0.0,0.8139737991266376,0.6164543496873622,270,0.528126860760287
0.35185185185185186,0.5316544246239944,0.0,0.980012894906512,0.0,0.8139737991266376,0.6953272967854085,365,0.6730389545269359
0.4398148148148148,0.664568030779993,0.0,0.980012894906512,0.0,0.8139737991266376,0.6164543496873622,270,0.48149424927136536
0.4398148148148148,0.664568030779993,0.0,0.980012894906512,0.0,0.8139737991266376,0.6164543496873622,28,0.37707229935128017
0.6157407407407407,0.3987408184679958,0.0,0.980012894906512,0.0,0.8139737991266376,0.6164543496873622,90,0.4728446519790654
0.8796296296296297,0.0,0.0,0.980012894906512,0.0,0.8139737991266376,0.6164543496873622,90,0.529380425585258
0.4398148148148148,0.664568030779993,0.0,0.980012894906512,0.0,0.8139737991266376,0.6164543496873622,180,0.45441724905199155
0.6333333333333333,0.10633088492479888,0.0,0.980012894906512,0.0,0.8139737991266376,0.6953272967854085,90,0.6325488106803723
0.7916666666666666,0.1329136061559986,0.0,0.980012894906512,0.0,0.8139737991266376,0.6164543496873622,365,0.5478078285123319
0.4398148148148148,0.664568030779993,0.0,0.980012894906512,0.0,0.8139737991266376,0.6164543496873622,365,0.48889028173869437
0.7037037037037037,0.0,0.0,0.980012894906512,0.0,0.8139737991266376,0.6953272967854085,180,0.665642922059607
0.7916666666666666,0.1329136061559986,0.0,0.980012894906512,0.0,0.8139737991266376,0.6164543496873622,90,0.520730828292958
0.7916666666666666,0.1329136061559986,0.0,0.980012894906512,0.0,0.8139737991266376,0.6164543496873622,7,0.4397505405998307
0.6462962962962963,0.0,0.0,0.8252740167633785,0.0,0.914410480349345,0.837402381755442,3,0.1886615061581372
0.7037037037037037,0.2658272123119972,0.0,0.980012894906512,0.0,0.8139737991266376,0.6164543496873622,180,0.5109530226581841
0.4398148148148148,0.664568030779993,0.0,0.980012894906512,0.0,0.8139737991266376,0.6164543496873622,7,0.32918612303738753
0.7037037037037037,0.2658272123119972,0.0,0.980012894906512,0.0,0.8139737991266376,0.6164543496873622,7,0.4114199755554859
0.6157407407407407,0.3987408184679958,0.0,0.980012894906512,0.0,0.8139737991266376,0.6164543496873622,180,0.49866808737346824
0.35185185185185186,0.5316544246239944,0.0,0.980012894906512,0.0,0.8139737991266376,0.6953272967854085,180,0.5882979723588956
0.4398148148148148,0.664568030779993,0.0,0.980012894906512,0.0,0.8139737991266376,0.6164543496873622,90,0.4151806700303989
0.562962962962963,0.21266176984959775,0.0,0.980012894906512,0.0,0.8139737991266376,0.6953272967854085,90,0.6166285374032404
0.2585185185185185,0.5859391395592864,0.0,0.8252740167633785,0.0,0.914410480349345,0.837402381755442,7,0.18289510796327052
0.36777777777777776,0.37047918852745715,0.0,0.8252740167633785,0.0,0.8544978165938865,0.8567054977557533,7,0.18352189037575606
0.8796296296296297,0.0,0.0,0.980012894906512,0.0,0.8139737991266376,0.6164543496873622,365,0.525619731110345
0.36777777777777776,0.37047918852745715,0.0,0.8252740167633785,0.0,0.8544978165938865,0.8567054977557533,3,0.11445046851985333
0.562962962962963,0.21266176984959775,0.0,0.980012894906512,0.0,0.8139737991266376,0.6953272967854085,180,0.6386912783227302
0.6157407407407407,0.3987408184679958,0.0,0.980012894906512,0.0,0.8139737991266376,0.6164543496873622,28,0.4139271052054279
0.562962962962963,0.21266176984959775,0.0,0.980012894906512,0.0,0.8139737991266376,0.6953272967854085,270,0.6816885518192359
0.4925925925925926,0.31899265477439664,0.0,0.980012894906512,0.0,0.8139737991266376,0.6953272967854085,270,0.648469083957504
0.5740740740740741,0.0,0.0,0.8252740167633785,0.0,0.8480349344978166,0.8827543263368187,3,0.1237268482246388
0.35185185185185186,0.5316544246239944,0.0,0.980012894906512,0.0,0.8139737991266376,0.6953272967854085,270,0.6350559403303142
0.4925925925925926,0.31899265477439664,0.0,0.980012894906512,0.0,0.8139737991266376,0.6953272967854085,180,0.6104860697608825
0.6333333333333333,0.10633088492479888,0.0,0.980012894906512,0.0,0.8139737991266376,0.6953272967854085,270,0.6902127926290388
0.2585185185185185,0.5859391395592864,0.0,0.8252740167633785,0.0,0.914410480349345,0.837402381755442,360,0.560343476762042
0.6157407407407407,0.3987408184679958,0.0,0.980012894906512,0.0,0.8139737991266376,0.6164543496873622,7,0.3795794290012222
0.35185185185185186,0.5316544246239944,0.0,0.980012894906512,0.0,0.8139737991266376,0.6953272967854085,28,0.5122065874831552
0.8981481481481481,0.0,0.0,0.6275521169138191,0.0,0.9781659388646288,0.8302415484004878,28,0.9024413174966309
0.6925925925925925,0.5294158796782091,0.0,0.7311411992263056,0.396078431372549,0.80882096069869,0.7853047245933115,3,0.43122629979002786
0.5801851851851852,0.7336831059811122,0.0,0.7543520309477757,0.3372549019607843,0.9143231441048035,0.634927224139273,3,0.36102666959165125
0.7870370370370371,0.2974466596712137,0.0,0.6597893831936386,0.6470588235294118,0.7441921397379913,0.9206340969825909,3,0.4186906515403177
0.7870370370370371,0.2974466596712137,0.0,0.6507629486352892,0.7294117647058824,0.8174672489082969,0.8340814155618401,3,0.45504403146447703
0.6944444444444444,0.26246939489331933,0.0,0.5441650548033528,0.9176470588235294,0.7441921397379913,1.0,3,0.36353379924159324
0.8796296296296297,0.33242392444910807,0.0,0.7784225231033742,0.3490196078431373,0.7441921397379913,0.8110422125937266,3,0.4738475038390422
0.8685185185185185,0.3279468345575376,0.0,0.5923060391145498,1.0,0.7441921397379913,0.8722725267882625,3,0.5039330596383466
0.7870370370370371,0.2974466596712137,0.0,0.6597893831936386,0.6470588235294118,0.7441921397379913,0.9206340969825909,3,0.4186906515403177
0.7196296296296296,0.2717033927946834,0.0,0.678701912744466,0.4745098039215686,0.7441921397379913,0.9606932516929145,3,0.35225171581685416
0.9838888888888888,0.0,0.0,0.6094992477971203,1.0,0.7441921397379913,0.927483589756895,3,0.5177222727130276
0.7870370370370371,0.2974466596712137,0.0,0.6597893831936386,0.6470588235294118,0.7441921397379913,0.9206340969825909,3,0.4186906515403177
0.5903703703703704,0.5946135012242043,0.0,0.6692456479690523,0.5607843137254902,0.7441921397379913,0.9136808240147368,3,0.31589833589269484
0.7440740740740741,0.26498775795732776,0.0,0.6335697399527188,0.4470588235294118,0.8268995633187772,0.8843110292400697,3,0.5152151430630856
0.6714814814814816,0.5288562434417629,0.0,0.7087900279389642,0.4549019607843137,0.8250655021834061,0.7843707028513608,3,0.44250838321476693
0.5994444444444444,0.7913256383350822,0.0,0.7900279389641093,0.403921568627451,0.8233187772925764,0.6848454972368524,3,0.3547588454667962
0.7027777777777777,0.42308499475341027,0.0,0.6615087040618957,0.6235294117647059,0.9906550218340611,0.6278701709778689,3,0.3585195399417092
0.6714814814814816,0.5288562434417629,0.0,0.7087900279389642,0.4549019607843137,0.8250655021834061,0.7843707028513608,3,0.44250838321476693
0.5301851851851852,0.5621545995103183,0.0,0.6219643240919837,0.4392156862745098,0.8773799126637555,0.8340814155618401,3,0.3058698172929267
0.6714814814814816,0.5288562434417629,0.0,0.7087900279389642,0.4549019607843137,0.8250655021834061,0.7843707028513608,3,0.44250838321476693
0.812962962962963,0.49527806925498424,0.0,0.799484203739523,0.43529411764705883,0.7728384279475983,0.7346599901408817,3,0.49265097621360737
0.722037037037037,0.5288562434417629,0.0,0.6271222866967548,0.8627450980392157,0.8250655021834061,0.7843707028513608,3,0.5089473189382305
0.6714814814814816,0.5288562434417629,0.0,0.7087900279389642,0.4549019607843137,0.8250655021834061,0.7843707028513608,3,0.44250838321476693
0.6257407407407407,0.5288562434417629,0.0,0.7517730496453902,0.37254901960784315,0.8250655021834061,0.7843707028513608,3,0.3021091228180137
0.6925925925925925,0.5294158796782091,0.0,0.7311411992263056,0.396078431372549,0.80882096069869,0.7853047245933115,7,0.5791469491366072
0.5801851851851852,0.7336831059811122,0.0,0.7543520309477757,0.3372549019607843,0.9143231441048035,0.634927224139273,7,0.5365257450875928
0.7870370370370371,0.2974466596712137,0.0,0.6597893831936386,0.6470588235294118,0.7441921397379913,0.9206340969825909,7,0.6167538938857375
0.7870370370370371,0.2974466596712137,0.0,0.6507629486352892,0.7294117647058824,0.8174672489082969,0.8340814155618401,7,0.5866683380864331
0.6944444444444444,0.26246939489331933,0.0,0.5441650548033528,0.9176470588235294,0.7441921397379913,1.0,7,0.5728791250117522
0.8796296296296297,0.33242392444910807,0.0,0.7784225231033742,0.3490196078431373,0.7441921397379913,0.8110422125937266,7,0.6969820426838822
0.8685185185185185,0.3279468345575376,0.0,0.5923060391145498,1.0,0.7441921397379913,0.8722725267882625,7,0.6882070889090851
0.7870370370370371,0.2974466596712137,0.0,0.6597893831936386,0.6470588235294118,0.7441921397379913,0.9206340969825909,7,0.6167538938857375
0.7196296296296296,0.2717033927946834,0.0,0.678701912744466,0.4745098039215686,0.7441921397379913,0.9606932516929145,7,0.4374941239148829
0.9838888888888888,0.0,0.0,0.6094992477971203,1.0,0.7441921397379913,0.927483589756895,7,0.5879219029114042
0.7870370370370371,0.2974466596712137,0.0,0.6597893831936386,0.6470588235294118,0.7441921397379913,0.9206340969825909,7,0.6167538938857375
0.5903703703703704,0.5946135012242043,0.0,0.6692456479690523,0.5607843137254902,0.7441921397379913,0.9136808240147368,7,0.4186906515403177
0.7440740740740741,0.26498775795732776,0.0,0.6335697399527188,0.4470588235294118,0.8268995633187772,0.8843110292400697,7,0.678178570309317
0.6714814814814816,0.5288562434417629,0.0,0.7087900279389642,0.4549019607843137,0.8250655021834061,0.7843707028513608,7,0.7007427371587952
0.5994444444444444,0.7913256383350822,0.0,0.7900279389641093,0.403921568627451,0.8233187772925764,0.6848454972368524,7,0.6242752828355635
0.7027777777777777,0.42308499475341027,0.0,0.6615087040618957,0.6235294117647059,0.9906550218340611,0.6278701709778689,7,0.5904290325613463
0.6714814814814816,0.5288562434417629,0.0,0.7087900279389642,0.4549019607843137,0.8250655021834061,0.7843707028513608,7,0.7007427371587952
0.5301851851851852,0.5621545995103183,0.0,0.6219643240919837,0.4392156862745098,0.8773799126637555,0.8340814155618401,7,0.47635463348898427
0.6714814814814816,0.5288562434417629,0.0,0.7087900279389642,0.4549019607843137,0.8250655021834061,0.7843707028513608,7,0.7007427371587952
0.812962962962963,0.49527806925498424,0.0,0.799484203739523,0.43529411764705883,0.7728384279475983,0.7346599901408817,7,0.7032498668087372
0.722037037037037,0.5288562434417629,0.0,0.6271222866967548,0.8627450980392157,0.8250655021834061,0.7843707028513608,7,0.7407314550753705
0.6714814814814816,0.5288562434417629,0.0,0.7087900279389642,0.4549019607843137,0.8250655021834061,0.7843707028513608,7,0.2870663449183615
0.6257407407407407,0.5288562434417629,0.0,0.7517730496453902,0.37254901960784315,0.8250655021834061,0.7843707028513608,7,0.44000125356482495
0.6925925925925925,0.5294158796782091,0.0,0.7311411992263056,0.396078431372549,0.80882096069869,0.7853047245933115,28,0.7658027515747908
0.5801851851851852,0.7336831059811122,0.0,0.7543520309477757,0.3372549019607843,0.9143231441048035,0.634927224139273,28,0.7496317653326646
0.7870370370370371,0.2974466596712137,0.0,0.6597893831936386,0.6470588235294118,0.7441921397379913,0.9206340969825909,28,0.7557742329750227
0.7870370370370371,0.2974466596712137,0.0,0.6507629486352892,0.7294117647058824,0.8174672489082969,0.8340814155618401,28,0.7747030618320849
0.6944444444444444,0.26246939489331933,0.0,0.5441650548033528,0.9176470588235294,0.7441921397379913,1.0,28,0.7107712557585634
0.8796296296296297,0.33242392444910807,0.0,0.7784225231033742,0.3490196078431373,0.7441921397379913,0.8110422125937266,28,0.8561847754552006
0.8685185185185185,0.3279468345575376,0.0,0.5923060391145498,1.0,0.7441921397379913,0.8722725267882625,28,0.8386348679056066
0.7870370370370371,0.2974466596712137,0.0,0.6597893831936386,0.6470588235294118,0.7441921397379913,0.9206340969825909,28,0.7557742329750227
0.7196296296296296,0.2717033927946834,0.0,0.678701912744466,0.4745098039215686,0.7441921397379913,0.9606932516929145,28,0.6355573662603027
0.9838888888888888,0.0,0.0,0.6094992477971203,1.0,0.7441921397379913,0.927483589756895,28,0.7070105612836503
0.7870370370370371,0.2974466596712137,0.0,0.6597893831936386,0.6470588235294118,0.7441921397379913,0.9206340969825909,28,0.7557742329750227
0.5903703703703704,0.5946135012242043,0.0,0.6692456479690523,0.5607843137254902,0.7441921397379913,0.9136808240147368,28,0.6957284778589112
0.7440740740740741,0.26498775795732776,0.0,0.6335697399527188,0.4470588235294118,0.8268995633187772,0.8843110292400697,28,0.8586919051051427
0.6714814814814816,0.5288562434417629,0.0,0.7087900279389642,0.4549019607843137,0.8250655021834061,0.7843707028513608,28,0.893791720204331
0.5994444444444444,0.7913256383350822,0.0,0.7900279389641093,0.403921568627451,0.8233187772925764,0.6848454972368524,28,0.9364129242533454
0.7027777777777777,0.42308499475341027,0.0,0.6615087040618957,0.6235294117647059,0.9906550218340611,0.6278701709778689,28,0.6543608386348678
0.6714814814814816,0.5288562434417629,0.0,0.7087900279389642,0.4549019607843137,0.8250655021834061,0.7843707028513608,28,0.893791720204331
0.5301851851851852,0.5621545995103183,0.0,0.6219643240919837,0.4392156862745098,0.8773799126637555,0.8340814155618401,28,0.8486633865053747
0.6714814814814816,0.5288562434417629,0.0,0.7087900279389642,0.4549019607843137,0.8250655021834061,0.7843707028513608,28,0.893791720204331
0.812962962962963,0.49527806925498424,0.0,0.799484203739523,0.43529411764705883,0.7728384279475983,0.7346599901408817,28,0.8273527844808674
0.722037037037037,0.5288562434417629,0.0,0.6271222866967548,0.8627450980392157,0.8250655021834061,0.7843707028513608,28,0.9339057946034033
0.6714814814814816,0.5288562434417629,0.0,0.7087900279389642,0.4549019607843137,0.8250655021834061,0.7843707028513608,28,0.893791720204331
0.6257407407407407,0.5288562434417629,0.0,0.7517730496453902,0.37254901960784315,0.8250655021834061,0.7843707028513608,28,0.6255288476605345
0.6925925925925925,0.5294158796782091,0.0,0.7311411992263056,0.396078431372549,0.80882096069869,0.7853047245933115,56,0.794760099031621
0.5801851851851852,0.7336831059811122,0.0,0.7543520309477757,0.3372549019607843,0.9143231441048035,0.634927224139273,56,0.8135635714061863
0.7870370370370371,0.2974466596712137,0.0,0.6597893831936386,0.6470588235294118,0.7441921397379913,0.9206340969825909,56,0.8060421824563602
0.7870370370370371,0.2974466596712137,0.0,0.6507629486352892,0.7294117647058824,0.8174672489082969,0.8340814155618401,56,0.8135635714061863
0.6944444444444444,0.26246939489331933,0.0,0.5441650548033528,0.9176470588235294,0.7441921397379913,1.0,56,0.7546460246325488
0.8796296296296297,0.33242392444910807,0.0,0.7784225231033742,0.3490196078431373,0.7441921397379913,0.8110422125937266,56,0.906327368454041
0.8685185185185185,0.3279468345575376,0.0,0.5923060391145498,1.0,0.7441921397379913,0.8722725267882625,56,0.8687204237049108
0.7870370370370371,0.2974466596712137,0.0,0.6597893831936386,0.6470588235294118,0.7441921397379913,0.9206340969825909,56,0.8060421824563602
0.7196296296296296,0.2717033927946834,0.0,0.678701912744466,0.4745098039215686,0.7441921397379913,0.9606932516929145,56,0.6919677833839982
0.9838888888888888,0.0,0.0,0.6094992477971203,1.0,0.7441921397379913,0.927483589756895,56,0.7370961170829545
0.7870370370370371,0.2974466596712137,0.0,0.6597893831936386,0.6470588235294118,0.7441921397379913,0.9206340969825909,56,0.8060421824563602
0.5903703703703704,0.5946135012242043,0.0,0.6692456479690523,0.5607843137254902,0.7441921397379913,0.9136808240147368,56,0.8286063493058383
0.7440740740740741,0.26498775795732776,0.0,0.6335697399527188,0.4470588235294118,0.8268995633187772,0.8843110292400697,56,0.9238772760036352
0.6714814814814816,0.5288562434417629,0.0,0.7087900279389642,0.4549019607843137,0.8250655021834061,0.7843707028513608,56,0.9690056097025916
0.5994444444444444,0.7913256383350822,0.0,0.7900279389641093,0.403921568627451,0.8233187772925764,0.6848454972368524,56,1.0
0.7027777777777777,0.42308499475341027,0.0,0.6615087040618957,0.6235294117647059,0.9906550218340611,0.6278701709778689,56,0.6882070889090851
0.6714814814814816,0.5288562434417629,0.0,0.7087900279389642,0.4549019607843137,0.8250655021834061,0.7843707028513608,56,0.9690056097025916
0.5301851851851852,0.5621545995103183,0.0,0.6219643240919837,0.4392156862745098,0.8773799126637555,0.8340814155618401,56,0.914976965746341
0.6714814814814816,0.5288562434417629,0.0,0.7087900279389642,0.4549019607843137,0.8250655021834061,0.7843707028513608,56,0.9690056097025916
0.812962962962963,0.49527806925498424,0.0,0.799484203739523,0.43529411764705883,0.7728384279475983,0.7346599901408817,56,0.898805979504215
0.722037037037037,0.5288562434417629,0.0,0.6271222866967548,0.8627450980392157,0.8250655021834061,0.7843707028513608,56,0.9953304710269829
0.6714814814814816,0.5288562434417629,0.0,0.7087900279389642,0.4549019607843137,0.8250655021834061,0.7843707028513608,56,0.9690056097025916
0.6257407407407407,0.5288562434417629,0.0,0.7517730496453902,0.37254901960784315,0.8250655021834061,0.7843707028513608,56,0.7507599736751386
0.6925925925925925,0.5294158796782091,0.0,0.7311411992263056,0.396078431372549,0.80882096069869,0.7853047245933115,91,0.8135635714061863
0.5801851851851852,0.7336831059811122,0.0,0.7543520309477757,0.3372549019607843,0.9143231441048035,0.634927224139273,91,0.8348741734306934
0.7870370370370371,0.2974466596712137,0.0,0.6597893831936386,0.6470588235294118,0.7441921397379913,0.9206340969825909,91,0.8173242658810993
0.7870370370370371,0.2974466596712137,0.0,0.6507629486352892,0.7294117647058824,0.8174672489082969,0.8340814155618401,91,0.8361277382556644
0.6944444444444444,0.26246939489331933,0.0,0.5441650548033528,0.9176470588235294,0.7441921397379913,1.0,91,0.783478015606882
0.8796296296296297,0.33242392444910807,0.0,0.7784225231033742,0.3490196078431373,0.7441921397379913,0.8110422125937266,91,0.9300197436459932
0.8685185185185185,0.3279468345575376,0.0,0.5923060391145498,1.0,0.7441921397379913,0.8722725267882625,91,0.8862703312545049
0.7870370370370371,0.2974466596712137,0.0,0.6597893831936386,0.6470588235294118,0.7441921397379913,0.9206340969825909,91,0.8173242658810993
0.7196296296296296,0.2717033927946834,0.0,0.678701912744466,0.4745098039215686,0.7441921397379913,0.9606932516929145,91,0.7220533391833025
0.9838888888888888,0.0,0.0,0.6094992477971203,1.0,0.7441921397379913,0.927483589756895,91,0.7421103763828386
0.7870370370370371,0.2974466596712137,0.0,0.6597893831936386,0.6470588235294118,0.7441921397379913,0.9206340969825909,91,0.8173242658810993
0.5903703703703704,0.5946135012242043,0.0,0.6692456479690523,0.5607843137254902,0.7441921397379913,0.9136808240147368,91,0.8536776458052585
0.7440740740740741,0.26498775795732776,0.0,0.6335697399527188,0.4470588235294118,0.8268995633187772,0.8843110292400697,91,0.9464414428531135
0.6714814814814816,0.5288562434417629,0.0,0.7087900279389642,0.4549019607843137,0.8250655021834061,0.7843707028513608,91,0.9940769062020118
0.7027777777777777,0.42308499475341027,0.0,0.6615087040618957,0.6235294117647059,0.9906550218340611,0.6278701709778689,91,0.7082641261086213
0.6714814814814816,0.5288562434417629,0.0,0.7087900279389642,0.4549019607843137,0.8250655021834061,0.7843707028513608,91,0.9940769062020118
0.5301851851851852,0.5621545995103183,0.0,0.6219643240919837,0.4392156862745098,0.8773799126637555,0.8340814155618401,91,0.9627377855777366
0.6714814814814816,0.5288562434417629,0.0,0.7087900279389642,0.4549019607843137,0.8250655021834061,0.7843707028513608,91,0.9940769062020118
0.812962962962963,0.49527806925498424,0.0,0.799484203739523,0.43529411764705883,0.7728384279475983,0.7346599901408817,91,0.9188630167037511
0.722037037037037,0.5288562434417629,0.0,0.6271222866967548,0.8627450980392157,0.8250655021834061,0.7843707028513608,91,1.0
0.6714814814814816,0.5288562434417629,0.0,0.7087900279389642,0.4549019607843137,0.8250655021834061,0.7843707028513608,91,0.9940769062020118
0.6257407407407407,0.5288562434417629,0.0,0.7517730496453902,0.37254901960784315,0.8250655021834061,0.7843707028513608,91,0.8499169513303455
0.41185185185185186,0.0,0.4832583708145927,0.8136686009026436,0.17647058823529413,0.8446288209606987,0.9031990244661806,3,0.14516280673164308
0.41185185185185186,0.0,0.4832583708145927,0.8136686009026436,0.17647058823529413,0.8446288209606987,0.9031990244661806,14,0.3064965997054122
0.41185185185185186,0.0,0.4832583708145927,0.8136686009026436,0.17647058823529413,0.8446288209606987,0.9031990244661806,28,0.3120122849352847
0.41185185185185186,0.0,0.4832583708145927,0.8136686009026436,0.17647058823529413,0.8446288209606987,0.9031990244661806,56,0.3691748409539628
0.41185185185185186,0.0,0.4832583708145927,0.8136686009026436,0.17647058823529413,0.8446288209606987,0.9031990244661806,100,0.5103262402456986
0.432962962962963,0.0,0.4727636181909045,0.8506339995701699,0.1803921568627451,0.8270742358078602,0.8844148094336197,3,0.13012002883199097
0.432962962962963,0.0,0.4727636181909045,0.8506339995701699,0.1803921568627451,0.8270742358078602,0.8844148094336197,14,0.2775392522485819
0.432962962962963,0.0,0.4727636181909045,0.8506339995701699,0.1803921568627451,0.8270742358078602,0.8844148094336197,28,0.286314206023379
0.432962962962963,0.0,0.4727636181909045,0.8506339995701699,0.1803921568627451,0.8270742358078602,0.8844148094336197,56,0.3467360305869817
0.432962962962963,0.0,0.4727636181909045,0.8506339995701699,0.1803921568627451,0.8270742358078602,0.8844148094336197,100,0.4332320035099815
0.3605555555555555,0.0,0.5022488755622189,0.7117988394584139,0.29411764705882354,0.8789519650655022,0.9401447733700024,3,0.1560688207088909
0.3605555555555555,0.0,0.5022488755622189,0.7117988394584139,0.29411764705882354,0.8789519650655022,0.9401447733700024,14,0.3132658497602557
0.3605555555555555,0.0,0.5022488755622189,0.7117988394584139,0.29411764705882354,0.8789519650655022,0.9401447733700024,28,0.32241687298254407
0.3605555555555555,0.0,0.5022488755622189,0.7117988394584139,0.29411764705882354,0.8789519650655022,0.9401447733700024,56,0.4257106145601554
0.3605555555555555,0.0,0.5022488755622189,0.7117988394584139,0.29411764705882354,0.8789519650655022,0.9401447733700024,100,0.4680811056441756
0.3531481481481481,0.0,0.6266866566716642,0.6967547818611649,0.30588235294117644,0.9519650655021834,0.8343927561424903,3,0.18853614967564009
0.3531481481481481,0.0,0.6266866566716642,0.6967547818611649,0.30588235294117644,0.9519650655021834,0.8343927561424903,14,0.26400075213889496
0.3531481481481481,0.0,0.6266866566716642,0.6967547818611649,0.30588235294117644,0.9519650655021834,0.8343927561424903,28,0.3309411137923469
0.3531481481481481,0.0,0.6266866566716642,0.6967547818611649,0.30588235294117644,0.9519650655021834,0.8343927561424903,56,0.4430098091447554
0.3531481481481481,0.0,0.6266866566716642,0.6967547818611649,0.30588235294117644,0.9519650655021834,0.8343927561424903,100,0.5085712494907393
0.3927777777777778,0.0,0.6076961519240379,0.7749838813668602,0.2235294117647059,0.9236681222707422,0.8087590483356252,3,0.1563195336738851
0.3927777777777778,0.0,0.6076961519240379,0.7749838813668602,0.2235294117647059,0.9236681222707422,0.8087590483356252,14,0.26224576138393557
0.3927777777777778,0.0,0.6076961519240379,0.7749838813668602,0.2235294117647059,0.9236681222707422,0.8087590483356252,28,0.3121376414177818
0.3927777777777778,0.0,0.6076961519240379,0.7749838813668602,0.2235294117647059,0.9236681222707422,0.8087590483356252,56,0.42871917014008587
0.3927777777777778,0.0,0.6076961519240379,0.7749838813668602,0.2235294117647059,0.9236681222707422,0.8087590483356252,100,0.4965370271710175
0.42592592592592593,0.0,0.5912043978010995,0.8403180743606277,0.1803921568627451,0.8990393013100437,0.7872765482707627,3,0.1257325519445924
0.42592592592592593,0.0,0.5912043978010995,0.8403180743606277,0.1803921568627451,0.8990393013100437,0.7872765482707627,14,0.25171581685417904
0.42592592592592593,0.0,0.5912043978010995,0.8403180743606277,0.1803921568627451,0.8990393013100437,0.7872765482707627,28,0.30687266915290357
0.42592592592592593,0.0,0.5912043978010995,0.8403180743606277,0.1803921568627451,0.8990393013100437,0.7872765482707627,56,0.3953743457958569
0.42592592592592593,0.0,0.5912043978010995,0.8403180743606277,0.1803921568627451,0.8990393013100437,0.7872765482707627,100,0.4430098091447554
0.35240740740740745,0.0,0.6256871564217892,0.6958951214270365,0.38823529411764707,0.9503056768558951,0.8329398334327894,3,0.11846187595976054
0.35240740740740745,0.0,0.6256871564217892,0.6958951214270365,0.38823529411764707,0.9503056768558951,0.8329398334327894,14,0.2848099282334137
0.35240740740740745,0.0,0.6256871564217892,0.6958951214270365,0.38823529411764707,0.9503056768558951,0.8329398334327894,28,0.3568899056692469
0.35240740740740745,0.0,0.6256871564217892,0.6958951214270365,0.38823529411764707,0.9503056768558951,0.8329398334327894,56,0.4833745965088219
0.35240740740740745,0.0,0.6256871564217892,0.6958951214270365,0.38823529411764707,0.9503056768558951,0.8329398334327894,100,0.5063148328057915
0.3075925925925926,0.0,0.8160919540229886,0.7586503331184183,0.17647058823529413,0.9245414847161572,0.8095892898840257,3,0.1348835751668808
0.3075925925925926,0.0,0.8160919540229886,0.7586503331184183,0.17647058823529413,0.9245414847161572,0.8095892898840257,14,0.31940831740261366
0.3075925925925926,0.0,0.8160919540229886,0.7586503331184183,0.17647058823529413,0.9245414847161572,0.8095892898840257,28,0.2700178632987558
0.3075925925925926,0.0,0.8160919540229886,0.7586503331184183,0.17647058823529413,0.9245414847161572,0.8095892898840257,56,0.3588956093892005
0.3075925925925926,0.0,0.8160919540229886,0.7586503331184183,0.17647058823529413,0.9245414847161572,0.8095892898840257,100,0.42044564229527714
0.3111111111111111,0.11780342777194824,0.8185907046476762,0.5340640447023427,0.2235294117647059,0.9246288209606988,0.8095892898840257,3,0.09715127393525337
0.3111111111111111,0.11780342777194824,0.8185907046476762,0.5340640447023427,0.2235294117647059,0.9246288209606988,0.8095892898840257,14,0.2233852518098342
0.3111111111111111,0.11780342777194824,0.8185907046476762,0.5340640447023427,0.2235294117647059,0.9246288209606988,0.8095892898840257,28,0.3038641135729731
0.3111111111111111,0.11780342777194824,0.8185907046476762,0.5340640447023427,0.2235294117647059,0.9246288209606988,0.8095892898840257,56,0.4117960450029772
0.3111111111111111,0.11780342777194824,0.8185907046476762,0.5340640447023427,0.2235294117647059,0.9246288209606988,0.8095892898840257,100,0.49177348083612765
0.3957407407407407,0.274501573976915,0.12243878060969515,0.7810015044057598,0.2705882352941177,0.9308296943231441,0.8150896401421789,3,0.225641668494782
0.3957407407407407,0.274501573976915,0.12243878060969515,0.7810015044057598,0.2705882352941177,0.9308296943231441,0.8150896401421789,14,0.3809583503086903
0.3957407407407407,0.274501573976915,0.12243878060969515,0.7810015044057598,0.2705882352941177,0.9308296943231441,0.8150896401421789,28,0.5730044814942492
0.3957407407407407,0.274501573976915,0.12243878060969515,0.7810015044057598,0.2705882352941177,0.9308296943231441,0.8150896401421789,56,0.6364348616377824
0.3957407407407407,0.274501573976915,0.12243878060969515,0.7810015044057598,0.2705882352941177,0.9308296943231441,0.8150896401421789,100,0.675671440659375
0.39592592592592596,0.274501573976915,0.12243878060969515,0.7810015044057598,0.2627450980392157,0.9310043668122271,0.815193420335729,3,0.16521984393117928
0.39592592592592596,0.274501573976915,0.12243878060969515,0.7810015044057598,0.2627450980392157,0.9310043668122271,0.815193420335729,14,0.2236359647748284
0.39592592592592596,0.274501573976915,0.12243878060969515,0.7810015044057598,0.2627450980392157,0.9310043668122271,0.815193420335729,28,0.5043091290858378
0.39592592592592596,0.274501573976915,0.12243878060969515,0.7810015044057598,0.2627450980392157,0.9310043668122271,0.815193420335729,56,0.5908051020088376
0.39592592592592596,0.274501573976915,0.12243878060969515,0.7810015044057598,0.2627450980392157,0.9310043668122271,0.815193420335729,100,0.6264063430380142
0.42537037037037034,0.0,0.5907046476761619,0.8390285837094348,0.2392156862745098,0.8979039301310043,0.786238746335262,3,0.16747626061612708
0.42537037037037034,0.0,0.5907046476761619,0.8390285837094348,0.2392156862745098,0.8979039301310043,0.786238746335262,14,0.2797956689335297
0.42537037037037034,0.0,0.5907046476761619,0.8390285837094348,0.2392156862745098,0.8979039301310043,0.786238746335262,28,0.3076248080478861
0.42537037037037034,0.0,0.5907046476761619,0.8390285837094348,0.2392156862745098,0.8979039301310043,0.786238746335262,56,0.39299257262841203
0.42537037037037034,0.0,0.5907046476761619,0.8390285837094348,0.2392156862745098,0.8979039301310043,0.786238746335262,100,0.5122065874831552
0.4409259259259259,0.0,0.4702648675662169,0.8024930152589728,0.27450980392156865,0.8296069868995632,0.8790182393690165,3,0.24983546961672254
0.4409259259259259,0.0,0.4702648675662169,0.8024930152589728,0.27450980392156865,0.8296069868995632,0.8790182393690165,14,0.32204080353505277
0.4409259259259259,0.0,0.4702648675662169,0.8024930152589728,0.27450980392156865,0.8296069868995632,0.8790182393690165,28,0.3789526465887367
0.4409259259259259,0.0,0.4702648675662169,0.8024930152589728,0.27450980392156865,0.8296069868995632,0.8790182393690165,56,0.49628631420602337
0.4409259259259259,0.0,0.4702648675662169,0.8024930152589728,0.27450980392156865,0.8296069868995632,0.8790182393690165,100,0.5553292174621579
0.46296296296296297,0.0,0.4782608695652174,0.8055018267784226,0.21568627450980393,0.8357205240174672,0.8937550268531252,3,0.17324265881099374
0.46296296296296297,0.0,0.4782608695652174,0.8055018267784226,0.21568627450980393,0.8357205240174672,0.8937550268531252,14,0.312388354382776
0.46296296296296297,0.0,0.4782608695652174,0.8055018267784226,0.21568627450980393,0.8357205240174672,0.8937550268531252,28,0.36629164185652946
0.46296296296296297,0.0,0.4782608695652174,0.8055018267784226,0.21568627450980393,0.8357205240174672,0.8937550268531252,56,0.4804913974113886
0.46296296296296297,0.0,0.4782608695652174,0.8055018267784226,0.21568627450980393,0.8357205240174672,0.8937550268531252,100,0.5308847033752233
0.39351851851851855,0.0,0.5017491254372815,0.6847195357833656,0.34117647058823525,0.8801746724890829,0.937757828918351,3,0.1697326773010749
0.39351851851851855,0.0,0.5017491254372815,0.6847195357833656,0.34117647058823525,0.8801746724890829,0.937757828918351,14,0.329812905449873
0.39351851851851855,0.0,0.5017491254372815,0.6847195357833656,0.34117647058823525,0.8801746724890829,0.937757828918351,28,0.396627910620828
0.39351851851851855,0.0,0.5017491254372815,0.6847195357833656,0.34117647058823525,0.8801746724890829,0.937757828918351,56,0.5333918330251652
0.39351851851851855,0.0,0.5017491254372815,0.6847195357833656,0.34117647058823525,0.8801746724890829,0.937757828918351,100,0.5380300228775581
0.39370370370370367,0.0,0.5017491254372815,0.68514936600043,0.40784313725490196,0.8766812227074235,0.937965389305451,3,0.16710019116863578
0.39370370370370367,0.0,0.5017491254372815,0.68514936600043,0.40784313725490196,0.8766812227074235,0.937965389305451,14,0.3180293960951456
0.39370370370370367,0.0,0.5017491254372815,0.68514936600043,0.40784313725490196,0.8766812227074235,0.937965389305451,28,0.46883324453915814
0.39370370370370367,0.0,0.5017491254372815,0.68514936600043,0.40784313725490196,0.8766812227074235,0.937965389305451,56,0.556582782287129
0.39370370370370367,0.0,0.5017491254372815,0.68514936600043,0.40784313725490196,0.8766812227074235,0.937965389305451,100,0.5984518474411608
0.3925925925925926,0.0,0.623688155922039,0.6834300451321729,0.30588235294117644,0.9479475982532752,0.8297226474327375,3,0.2446958538343414
0.3925925925925926,0.0,0.623688155922039,0.6834300451321729,0.30588235294117644,0.9479475982532752,0.8297226474327375,14,0.39299257262841203
0.3925925925925926,0.0,0.623688155922039,0.6834300451321729,0.30588235294117644,0.9479475982532752,0.8297226474327375,28,0.4826224576138393
0.3925925925925926,0.0,0.623688155922039,0.6834300451321729,0.30588235294117644,0.9479475982532752,0.8297226474327375,56,0.5651070230969318
0.3925925925925926,0.0,0.623688155922039,0.6834300451321729,0.30588235294117644,0.9479475982532752,0.8297226474327375,100,0.5994546993011376
0.4292592592592593,0.0,0.6076961519240379,0.7479045776918118,0.2627450980392157,0.9226200873362447,0.8079288067872247,3,0.1935504089755241
0.4292592592592593,0.0,0.6076961519240379,0.7479045776918118,0.2627450980392157,0.9226200873362447,0.8079288067872247,14,0.3355793036447397
0.4292592592592593,0.0,0.6076961519240379,0.7479045776918118,0.2627450980392157,0.9226200873362447,0.8079288067872247,28,0.422827415462722
0.4292592592592593,0.0,0.6076961519240379,0.7479045776918118,0.2627450980392157,0.9226200873362447,0.8079288067872247,56,0.5352721802626218
0.4292592592592593,0.0,0.6076961519240379,0.7479045776918118,0.2627450980392157,0.9226200873362447,0.8079288067872247,100,0.5746341157667115
0.46555555555555556,0.0,0.5912043978010995,0.8102299591661295,0.22745098039215686,0.8981659388646289,0.7863425265288121,3,0.2158638628600081
0.46555555555555556,0.0,0.5912043978010995,0.8102299591661295,0.22745098039215686,0.8981659388646289,0.7863425265288121,14,0.37519195211382367
0.46555555555555556,0.0,0.5912043978010995,0.8102299591661295,0.22745098039215686,0.8981659388646289,0.7863425265288121,28,0.3716819706039048
0.46555555555555556,0.0,0.5912043978010995,0.8102299591661295,0.22745098039215686,0.8981659388646289,0.7863425265288121,56,0.4634429157917828
0.46555555555555556,0.0,0.5912043978010995,0.8102299591661295,0.22745098039215686,0.8981659388646289,0.7863425265288121,100,0.5463035507223667
0.46555555555555556,0.0,0.5912043978010995,0.8102299591661295,0.25098039215686274,0.8981659388646289,0.7863425265288121,3,0.16446770503619665
0.46555555555555556,0.0,0.5912043978010995,0.8102299591661295,0.25098039215686274,0.8981659388646289,0.7863425265288121,14,0.306245886740418
0.46555555555555556,0.0,0.5912043978010995,0.8102299591661295,0.25098039215686274,0.8981659388646289,0.7863425265288121,28,0.4094142718355322
0.46555555555555556,0.0,0.5912043978010995,0.8102299591661295,0.25098039215686274,0.8981659388646289,0.7863425265288121,56,0.4593061518693785
0.46555555555555556,0.0,0.5912043978010995,0.8102299591661295,0.25098039215686274,0.8981659388646289,0.7863425265288121,100,0.5542010091196841
0.33592592592592596,0.0,0.8345827086456772,0.7289920481409844,0.2980392156862745,0.9219213973799126,0.8072023454323742,3,0.17073552916105172
0.33592592592592596,0.0,0.8345827086456772,0.7289920481409844,0.2980392156862745,0.9219213973799126,0.8072023454323742,14,0.2707700021937384
0.33592592592592596,0.0,0.8345827086456772,0.7289920481409844,0.2980392156862745,0.9219213973799126,0.8072023454323742,28,0.3481149518944498
0.33592592592592596,0.0,0.8345827086456772,0.7289920481409844,0.2980392156862745,0.9219213973799126,0.8072023454323742,56,0.4458930082421887
0.33592592592592596,0.0,0.8345827086456772,0.7289920481409844,0.2980392156862745,0.9219213973799126,0.8072023454323742,100,0.5687423610893477
0.337037037037037,0.12647778943686605,0.6096951524237881,0.7315710294433699,0.32156862745098036,0.9252401746724892,0.810211971045326,3,0.09176094518787803
0.337037037037037,0.12647778943686605,0.6096951524237881,0.7315710294433699,0.32156862745098036,0.9252401746724892,0.810211971045326,14,0.2695164373687674
0.337037037037037,0.12647778943686605,0.6096951524237881,0.7315710294433699,0.32156862745098036,0.9252401746724892,0.810211971045326,28,0.3919897207684352
0.337037037037037,0.12647778943686605,0.6096951524237881,0.7315710294433699,0.32156862745098036,0.9252401746724892,0.810211971045326,56,0.5453006988623899
0.337037037037037,0.12647778943686605,0.6096951524237881,0.7315710294433699,0.32156862745098036,0.9252401746724892,0.810211971045326,100,0.6101100003133911
0.31277777777777777,0.1180832458901714,0.6211894052973513,0.6804212336127231,0.42352941176470593,0.9439301310043667,0.8262979010455855,3,0.09276379704785483
0.31277777777777777,0.1180832458901714,0.6211894052973513,0.6804212336127231,0.42352941176470593,0.9439301310043667,0.8262979010455855,14,0.29471309035068477
0.31277777777777777,0.1180832458901714,0.6211894052973513,0.6804212336127231,0.42352941176470593,0.9439301310043667,0.8262979010455855,28,0.3901093735309787
0.31277777777777777,0.1180832458901714,0.6211894052973513,0.6804212336127231,0.42352941176470593,0.9439301310043667,0.8262979010455855,56,0.49077062897615087
0.31277777777777777,0.1180832458901714,0.6211894052973513,0.6804212336127231,0.42352941176470593,0.9439301310043667,0.8262979010455855,100,0.6035914632235418
0.5377777777777777,0.0,0.4807596201899051,0.7225445948850204,0.3686274509803922,0.8394759825327511,0.8976986742080275,3,0.2820520856184775
0.5377777777777777,0.0,0.4807596201899051,0.7225445948850204,0.3686274509803922,0.8394759825327511,0.8976986742080275,14,0.4346109248174496
0.5377777777777777,0.0,0.4807596201899051,0.7225445948850204,0.3686274509803922,0.8394759825327511,0.8976986742080275,28,0.43548842019492934
0.5377777777777777,0.0,0.4807596201899051,0.7225445948850204,0.3686274509803922,0.8394759825327511,0.8976986742080275,56,0.5651070230969318
0.5377777777777777,0.0,0.4807596201899051,0.7225445948850204,0.3686274509803922,0.8394759825327511,0.8976986742080275,100,0.6138706947883041
0.5131481481481482,0.0,0.48675662168915546,0.6903073286052009,0.4627450980392157,0.8505676855895197,0.9086993747243339,3,0.290074900498292
0.5131481481481482,0.0,0.48675662168915546,0.6903073286052009,0.4627450980392157,0.8505676855895197,0.9086993747243339,14,0.5251183051803566
0.5131481481481482,0.0,0.48675662168915546,0.6903073286052009,0.4627450980392157,0.8505676855895197,0.9086993747243339,28,0.6052210974960042
0.5131481481481482,0.0,0.48675662168915546,0.6903073286052009,0.4627450980392157,0.8505676855895197,0.9086993747243339,56,0.639819486665204
0.5131481481481482,0.0,0.48675662168915546,0.6903073286052009,0.4627450980392157,0.8505676855895197,0.9086993747243339,100,0.6974834686138707
0.5475925925925925,0.0,0.4777611194402798,0.7371588222652053,0.3490196078431373,0.8341484716157206,0.891679422982124,3,0.28769312733084706
0.5475925925925925,0.0,0.4777611194402798,0.7371588222652053,0.3490196078431373,0.8341484716157206,0.891679422982124,14,0.4416308878372872
0.5475925925925925,0.0,0.4777611194402798,0.7371588222652053,0.3490196078431373,0.8341484716157206,0.891679422982124,28,0.5006737910934218
0.5475925925925925,0.0,0.4777611194402798,0.7371588222652053,0.3490196078431373,0.8341484716157206,0.891679422982124,56,0.6107367827258766
0.5475925925925925,0.0,0.4777611194402798,0.7371588222652053,0.3490196078431373,0.8341484716157206,0.891679422982124,100,0.6523551349149143
0.4662962962962963,0.0,0.49925037481259377,0.6279819471308833,0.48627450980392156,0.8786026200873363,0.9338141815634486,3,0.26349932620890654
0.4662962962962963,0.0,0.49925037481259377,0.6279819471308833,0.48627450980392156,0.8786026200873363,0.9338141815634486,14,0.41818922561032934
0.4662962962962963,0.0,0.49925037481259377,0.6279819471308833,0.48627450980392156,0.8786026200873363,0.9338141815634486,28,0.42545990159516117
0.4662962962962963,0.0,0.49925037481259377,0.6279819471308833,0.48627450980392156,0.8786026200873363,0.9338141815634486,56,0.5533235137422043
0.4662962962962963,0.0,0.49925037481259377,0.6279819471308833,0.48627450980392156,0.8786026200873363,0.9338141815634486,100,0.5687423610893477
0.46129629629629626,0.0,0.49375312343828087,0.6795615731785944,0.5019607843137255,0.862707423580786,0.9226059206600421,3,0.1925475571155473
0.46129629629629626,0.0,0.49375312343828087,0.6795615731785944,0.5019607843137255,0.862707423580786,0.9226059206600421,14,0.359522391801686
0.46129629629629626,0.0,0.49375312343828087,0.6795615731785944,0.5019607843137255,0.862707423580786,0.9226059206600421,28,0.386724748503557
0.46129629629629626,0.0,0.49375312343828087,0.6795615731785944,0.5019607843137255,0.862707423580786,0.9226059206600421,56,0.5268732959353161
0.46129629629629626,0.0,0.49375312343828087,0.6795615731785944,0.5019607843137255,0.862707423580786,0.9226059206600421,100,0.6400701996301983
0.46722222222222226,0.0,0.49375312343828087,0.628841607565012,0.5568627450980392,0.862707423580786,0.9226059206600421,3,0.27302641887868623
0.46722222222222226,0.0,0.49375312343828087,0.628841607565012,0.5568627450980392,0.862707423580786,0.9226059206600421,14,0.5301325644802406
0.46722222222222226,0.0,0.49375312343828087,0.628841607565012,0.5568627450980392,0.862707423580786,0.9226059206600421,28,0.6343038014353317
0.46722222222222226,0.0,0.49375312343828087,0.628841607565012,0.5568627450980392,0.862707423580786,0.9226059206600421,56,0.6998652417813155
0.46722222222222226,0.0,0.49375312343828087,0.628841607565012,0.5568627450980392,0.862707423580786,0.9226059206600421,100,0.7640477608198314
0.4570370370370371,0.0,0.6251874062968515,0.6159467010530841,0.47058823529411764,0.9491703056768559,0.8311755701424384,3,0.29483844683318183
0.4570370370370371,0.0,0.6251874062968515,0.6159467010530841,0.47058823529411764,0.9491703056768559,0.8311755701424384,14,0.5292550691027609
0.4570370370370371,0.0,0.6251874062968515,0.6159467010530841,0.47058823529411764,0.9491703056768559,0.8311755701424384,28,0.6581215331097808
0.4570370370370371,0.0,0.6251874062968515,0.6159467010530841,0.47058823529411764,0.9491703056768559,0.8311755701424384,56,0.7561503024225139
0.4570370370370371,0.0,0.6251874062968515,0.6159467010530841,0.47058823529411764,0.9491703056768559,0.8311755701424384,100,0.8326177567457457
0.5094444444444445,0.0,0.606696651674163,0.6855791962174942,0.38823529411764707,0.9201746724890829,0.8068910048517242,3,0.29834842834310066
0.5094444444444445,0.0,0.606696651674163,0.6855791962174942,0.38823529411764707,0.9201746724890829,0.8068910048517242,14,0.4860070826412611
0.5094444444444445,0.0,0.606696651674163,0.6855791962174942,0.38823529411764707,0.9201746724890829,0.8068910048517242,28,0.64345482465762
0.5094444444444445,0.0,0.606696651674163,0.6855791962174942,0.38823529411764707,0.9201746724890829,0.8068910048517242,56,0.7126516029960199
0.5094444444444445,0.0,0.606696651674163,0.6855791962174942,0.38823529411764707,0.9201746724890829,0.8068910048517242,100,0.7347143439155096
0.5503703703703704,0.0,0.5872063968015993,0.7513432194283259,0.37254901960784315,0.8932751091703056,0.7819837583997095,3,0.27465605315114855
0.5503703703703704,0.0,0.5872063968015993,0.7513432194283259,0.37254901960784315,0.8932751091703056,0.7819837583997095,14,0.46369362875677705
0.5503703703703704,0.0,0.5872063968015993,0.7513432194283259,0.37254901960784315,0.8932751091703056,0.7819837583997095,28,0.5941897270362593
0.5503703703703704,0.0,0.5872063968015993,0.7513432194283259,0.37254901960784315,0.8932751091703056,0.7819837583997095,56,0.6513522830549374
0.5503703703703704,0.0,0.5872063968015993,0.7513432194283259,0.37254901960784315,0.8932751091703056,0.7819837583997095,100,0.7112726816885517
0.3957407407407407,0.0,0.873063468265867,0.665377176015474,0.39999999999999997,0.9200873362445415,0.8057494227226734,3,0.22025133974740668
0.3957407407407407,0.0,0.873063468265867,0.665377176015474,0.39999999999999997,0.9200873362445415,0.8057494227226734,14,0.422827415462722
0.3957407407407407,0.0,0.873063468265867,0.665377176015474,0.39999999999999997,0.9200873362445415,0.8057494227226734,28,0.503306277225861
0.3957407407407407,0.0,0.873063468265867,0.665377176015474,0.39999999999999997,0.9200873362445415,0.8057494227226734,56,0.5846626343664796
0.3957407407407407,0.0,0.873063468265867,0.665377176015474,0.39999999999999997,0.9200873362445415,0.8057494227226734,100,0.6277852643454824
0.39537037037037037,0.0,0.8705647176411794,0.6645175155813454,0.4588235294117647,0.9190393013100436,0.8048154009807229,3,0.21774421009746467
0.39537037037037037,0.0,0.8705647176411794,0.6645175155813454,0.4588235294117647,0.9190393013100436,0.8048154009807229,14,0.4224513460152308
0.39537037037037037,0.0,0.8705647176411794,0.6645175155813454,0.4588235294117647,0.9190393013100436,0.8048154009807229,28,0.5758876805916825
0.39537037037037037,0.0,0.8705647176411794,0.6645175155813454,0.4588235294117647,0.9190393013100436,0.8048154009807229,56,0.644708389482591
0.39537037037037037,0.0,0.8705647176411794,0.6645175155813454,0.4588235294117647,0.9190393013100436,0.8048154009807229,100,0.7433639412078096
0.5133333333333333,0.2736621196222455,0.12243878060969515,0.6907371588222653,0.4392156862745098,0.9272489082969433,0.8120800145292272,3,0.3817104892036729
0.5133333333333333,0.2736621196222455,0.12243878060969515,0.6907371588222653,0.4392156862745098,0.9272489082969433,0.8120800145292272,14,0.5980757779936694
0.5133333333333333,0.2736621196222455,0.12243878060969515,0.6907371588222653,0.4392156862745098,0.9272489082969433,0.8120800145292272,28,0.7915008304866965
0.5133333333333333,0.2736621196222455,0.12243878060969515,0.6907371588222653,0.4392156862745098,0.9272489082969433,0.8120800145292272,56,0.8376320160456296
0.5133333333333333,0.2736621196222455,0.12243878060969515,0.6907371588222653,0.4392156862745098,0.9272489082969433,0.8120800145292272,100,0.8392616503180921
0.40407407407407403,0.1527806925498426,0.6186906546726637,0.6052009456264776,0.4666666666666667,0.9394759825327511,0.8226655942713335,3,0.3437274750070513
0.40407407407407403,0.1527806925498426,0.6186906546726637,0.6052009456264776,0.4666666666666667,0.9394759825327511,0.8226655942713335,14,0.45078191105957566
0.40407407407407403,0.1527806925498426,0.6186906546726637,0.6052009456264776,0.4666666666666667,0.9394759825327511,0.8226655942713335,28,0.6958538343414082
0.40407407407407403,0.1527806925498426,0.6186906546726637,0.6052009456264776,0.4666666666666667,0.9394759825327511,0.8226655942713335,56,0.7770848349995298
0.40407407407407403,0.1527806925498426,0.6186906546726637,0.6052009456264776,0.4666666666666667,0.9394759825327511,0.8226655942713335,100,0.7963897333040835
0.39796296296296296,0.15054214760405735,0.6091954022988506,0.668815817751988,0.3764705882352941,0.8858515283842794,0.810108190851776,3,0.22589238145977622
0.39796296296296296,0.15054214760405735,0.6091954022988506,0.668815817751988,0.3764705882352941,0.8858515283842794,0.810108190851776,14,0.48387602243881034
0.39796296296296296,0.15054214760405735,0.6091954022988506,0.668815817751988,0.3764705882352941,0.8858515283842794,0.810108190851776,28,0.6543608386348678
0.39796296296296296,0.15054214760405735,0.6091954022988506,0.668815817751988,0.3764705882352941,0.8858515283842794,0.810108190851776,56,0.6764235795543576
0.39796296296296296,0.15054214760405735,0.6091954022988506,0.668815817751988,0.3764705882352941,0.8858515283842794,0.810108190851776,100,0.7098937603810836
0.4053703703703704,0.0,0.6201899050474763,0.6812808940468515,0.4431372549019608,0.9420960698689956,0.8249487585294347,3,0.19229684415055312
0.4053703703703704,0.0,0.6201899050474763,0.6812808940468515,0.4431372549019608,0.9420960698689956,0.8249487585294347,14,0.32655363690494843
0.4053703703703704,0.0,0.6201899050474763,0.6812808940468515,0.4431372549019608,0.9420960698689956,0.8249487585294347,28,0.37882729010623956
0.4053703703703704,0.0,0.6201899050474763,0.6812808940468515,0.4431372549019608,0.9420960698689956,0.8249487585294347,56,0.46720361026669593
0.4053703703703704,0.0,0.6201899050474763,0.6812808940468515,0.4431372549019608,0.9420960698689956,0.8249487585294347,100,0.5795230185840984
0.6962962962962963,0.0,0.0,0.9224156458199012,0.0,0.8764192139737991,0.7912201956256649,3,0.20408035350528064
0.6962962962962963,0.0,0.0,0.9224156458199012,0.0,0.8764192139737991,0.7912201956256649,14,0.3211633081575731
0.6962962962962963,0.0,0.0,0.9224156458199012,0.0,0.8764192139737991,0.7912201956256649,28,0.4007646745432323
0.6962962962962963,0.0,0.0,0.9224156458199012,0.0,0.8764192139737991,0.7912201956256649,56,0.45504403146447703
0.6962962962962963,0.0,0.0,0.9224156458199012,0.0,0.8764192139737991,0.7912201956256649,100,0.5397850136325174
0.9259259259259259,0.0,0.0,0.6017623038899635,0.1568627450980392,0.8436681222707424,0.8852450509820201,28,0.8470337522329122
0.8796296296296297,0.0,0.29485257371314344,0.6103589082312487,0.07450980392156863,0.9589519650655022,0.6652310406558909,28,0.7174151493309097
0.5833333333333334,0.3833508219657223,0.0,0.6232538147431765,0.23137254901960785,0.9868995633187773,0.7731624419479542,28,1.0
0.9351851851851852,0.0,0.29985007496251875,0.8381689232753063,0.0,0.8995633187772926,0.6538152193653841,28,0.8025322009464413
0.8351851851851851,0.0,0.0,0.7092198581560284,0.4431372549019608,0.8995633187772926,0.7731624419479542,28,0.9878090820771568
0.9555555555555556,0.0,0.0,0.6963249516441007,0.32156862745098036,0.6995633187772926,0.8323171522714891,28,0.5185997680905073
0.9629629629629629,0.0,0.0,0.7307113690092414,0.20392156862745098,0.7467248908296943,0.8873206548530214,28,0.7556488764925255
0.9777777777777777,0.0,0.0,0.7951859015688804,0.2705882352941177,0.8034934497816594,0.747217393560439,28,0.7124008900310257
0.9629629629629629,0.0,0.0,0.7522028798624544,0.20392156862745098,0.759825327510917,0.8354305580779908,28,0.6395687737002099
0.7129629629629629,0.0,0.6796601699150425,0.6791317429615302,0.7843137254901961,0.788646288209607,0.7970318864644683,28,0.6963552602713967
0.9261111111111111,0.0,0.0,0.8596604341285193,0.11764705882352941,0.9820087336244542,0.6363801468489739,28,0.5531981572597072
0.8335185185185185,0.13990905911157747,0.0,0.8596604341285193,0.11764705882352941,0.9820087336244542,0.6363801468489739,28,0.4936538280735842
0.7351851851851852,0.04812871633438265,0.7896051974012994,0.7178164624973137,0.8156862745098039,0.8445414847161572,0.656928625171886,28,0.6976088250963677
0.6166666666666667,0.04896817068905212,0.8145927036481759,0.7178164624973137,0.7019607843137254,0.8698689956331878,0.6766468619463976,28,0.5926854492462941
0.6185185185185185,0.049247988807275274,0.7896051974012994,0.8123791102514507,0.6,0.8445414847161572,0.656928625171886,28,0.5557052869096493
0.75,0.0,0.0,0.7522028798624544,0.0,0.9781659388646288,0.7212723451729238,28,0.6556144034598388
0.37037037037037035,0.5596362364463099,0.0,0.8166774124220934,0.0,1.0,0.6849492774304025,28,0.617380676298223
0.9555555555555556,0.0,0.0,0.6963249516441007,0.3254901960784314,0.6995633187772926,0.8323171522714891,28,0.5185997680905073
0.26851851851851855,0.32458901713885974,0.5947026486756621,0.7908875993982378,0.2235294117647059,0.7275109170305677,0.9132657032405366,28,0.36553950296154686
0.2962962962962963,0.35816719132563835,0.6096951524237881,0.7822909950569525,0.25098039215686274,0.719650655021834,0.912227901305036,28,0.4939045410385784
0.43333333333333335,0.43651626442812175,0.0,0.8123791102514507,0.23137254901960785,0.856768558951965,0.7887294709804634,28,0.49265097621360737
0.46296296296296297,0.5036726128016789,0.47476261869065467,0.6834300451321729,0.37254901960784315,0.7510917030567685,0.8302415484004878,28,0.8507944467078253
0.8796296296296297,0.0,0.0,0.6963249516441007,0.37254901960784315,0.9117903930131004,0.6870248813014037,28,0.7335861355730358
0.5277777777777778,0.5316544246239944,0.0,0.7006232538147432,0.2980392156862745,0.9004366812227074,0.7108943258179177,28,0.6716600332194678
0.6592592592592592,0.3329835606855544,0.0,0.6877283473028154,0.35294117647058826,0.9266375545851528,0.6818358716239006,28,0.7396032467328966
0.5092592592592593,0.5036726128016789,0.5997001499250375,0.6963249516441007,0.40784313725490196,0.7248908296943232,0.7939184806579664,28,0.9557178225578988
0.9259259259259259,0.0,0.0,0.6490436277670321,0.35294117647058826,0.9021834061135371,0.6797602677528994,28,0.8754896737597543
0.3055555555555556,0.0,0.7176411794102948,0.7040618955512574,0.0,0.8782532751091703,0.9349557636924993,3,0.18051333479582563
0.3055555555555556,0.3595662819167541,0.6601699150424788,0.7526327100795186,0.3176470588235294,0.8784279475982533,0.7748229250447553,3,0.2434422890093704
0.3296296296296296,0.36320391745365516,0.592703648175912,0.7732645604986031,0.1411764705882353,0.8797379912663755,0.7750304854318554,3,0.25986398821649065
0.31,0.3634837355718783,0.6426786606696652,0.7543520309477757,0.30588235294117644,0.8788646288209606,0.7748229250447553,3,0.18728258485066906
0.31925925925925924,0.03805526407834907,0.8615692153923039,0.6739737803567591,0.16078431372549018,0.8788646288209606,0.8887735775627222,3,0.2668839512363283
0.3212962962962963,0.14018887722980064,0.8670664667666167,0.7083601977219,0.2549019607843137,0.8787772925764192,0.8234958358197338,3,0.2893227616033094
0.30925925925925923,0.21098286114025885,0.8345827086456772,0.7049215559853859,0.30980392156862746,0.8797379912663755,0.7992112705290196,3,0.19455326083550092
0.3218518518518519,0.2613501224204267,0.7991004497751125,0.7405974640017194,0.3803921568627451,0.8796506550218341,0.7748229250447553,3,0.198313955310414
0.35240740740740745,0.0,0.6256871564217892,0.7160971416290566,0.38823529411764707,0.9423580786026201,0.8290999662714371,3,0.1573223855338619
0.46296296296296297,0.0,0.4782608695652174,0.8244143563292501,0.20784313725490194,0.8287336244541484,0.8896038191111227,3,0.10642765364003885
0.39537037037037037,0.0,0.8705647176411794,0.6842897055663013,0.4588235294117647,0.9114410480349344,0.8010793140129207,3,0.19568146917797483
0.3605555555555555,0.0,0.5022488755622189,0.7315710294433699,0.29411764705882354,0.8716157205240175,0.9358897854344499,3,0.15268419568146915
0.46555555555555556,0.0,0.5912043978010995,0.829142488716957,0.22745098039215686,0.9114410480349344,0.78281399994811,3,0.15017706603152714
0.3055555555555556,0.0,0.7176411794102948,0.7040618955512574,0.0,0.8782532751091703,0.9349557636924993,14,0.21160174245510668
0.3055555555555556,0.3595662819167541,0.6601699150424788,0.7526327100795186,0.3176470588235294,0.8784279475982533,0.7748229250447553,14,0.41480460058290763
0.3296296296296296,0.36320391745365516,0.592703648175912,0.7732645604986031,0.1411764705882353,0.8797379912663755,0.7750304854318554,14,0.42922059607007423
0.31,0.3634837355718783,0.6426786606696652,0.7543520309477757,0.30588235294117644,0.8788646288209606,0.7748229250447553,14,0.39875897082327866
0.31925925925925924,0.03805526407834907,0.8615692153923039,0.6739737803567591,0.16078431372549018,0.8788646288209606,0.8887735775627222,14,0.3729355354288758
0.3212962962962963,0.14018887722980064,0.8670664667666167,0.7083601977219,0.2549019607843137,0.8787772925764192,0.8234958358197338,14,0.4138017487229308
0.30925925925925923,0.21098286114025885,0.8345827086456772,0.7049215559853859,0.30980392156862746,0.8797379912663755,0.7992112705290196,14,0.41242282741546266
0.3218518518518519,0.2613501224204267,0.7991004497751125,0.7405974640017194,0.3803921568627451,0.8796506550218341,0.7748229250447553,14,0.3704284057789338
0.35240740740740745,0.0,0.6256871564217892,0.7160971416290566,0.38823529411764707,0.9423580786026201,0.8290999662714371,14,0.2434422890093704
0.46296296296296297,0.0,0.4782608695652174,0.8244143563292501,0.20784313725490194,0.8287336244541484,0.8896038191111227,14,0.30912908583785137
0.39537037037037037,0.0,0.8705647176411794,0.6842897055663013,0.4588235294117647,0.9114410480349344,0.8010793140129207,14,0.3709298317089222
0.3605555555555555,0.0,0.5022488755622189,0.7315710294433699,0.29411764705882354,0.8716157205240175,0.9358897854344499,14,0.3043655395029615
0.46555555555555556,0.0,0.5912043978010995,0.829142488716957,0.22745098039215686,0.9114410480349344,0.78281399994811,14,0.25986398821649065
0.3055555555555556,0.0,0.7176411794102948,0.7040618955512574,0.0,0.8782532751091703,0.9349557636924993,28,0.32843398414240493
0.3055555555555556,0.3595662819167541,0.6601699150424788,0.7526327100795186,0.3176470588235294,0.8784279475982533,0.7748229250447553,28,0.5815287223040521
0.3296296296296296,0.36320391745365516,0.592703648175912,0.7732645604986031,0.1411764705882353,0.8797379912663755,0.7750304854318554,28,0.49089598545864793
0.31,0.3634837355718783,0.6426786606696652,0.7543520309477757,0.30588235294117644,0.8788646288209606,0.7748229250447553,28,0.5164687078880567
0.31925925925925924,0.03805526407834907,0.8615692153923039,0.6739737803567591,0.16078431372549018,0.8788646288209606,0.8887735775627222,28,0.42232598953273365
0.3212962962962963,0.14018887722980064,0.8670664667666167,0.7083601977219,0.2549019607843137,0.8787772925764192,0.8234958358197338,28,0.4788617631389263
0.30925925925925923,0.21098286114025885,0.8345827086456772,0.7049215559853859,0.30980392156862746,0.8797379912663755,0.7992112705290196,28,0.5191011940204957
0.3218518518518519,0.2613501224204267,0.7991004497751125,0.7405974640017194,0.3803921568627451,0.8796506550218341,0.7748229250447553,28,0.47397286032153935
0.35240740740740745,0.0,0.6256871564217892,0.7160971416290566,0.38823529411764707,0.9423580786026201,0.8290999662714371,28,0.3115108590052963
0.46296296296296297,0.0,0.4782608695652174,0.8244143563292501,0.20784313725490194,0.8287336244541484,0.8896038191111227,28,0.3412203453571092
0.39537037037037037,0.0,0.8705647176411794,0.6842897055663013,0.4588235294117647,0.9114410480349344,0.8010793140129207,28,0.5595913378670594
0.3605555555555555,0.0,0.5022488755622189,0.7315710294433699,0.29411764705882354,0.8716157205240175,0.9358897854344499,28,0.46720361026669593
0.46555555555555556,0.0,0.5912043978010995,0.829142488716957,0.22745098039215686,0.9114410480349344,0.78281399994811,28,0.41706101726785544
0.3055555555555556,0.0,0.7176411794102948,0.7040618955512574,0.0,0.8782532751091703,0.9349557636924993,56,0.4583033000094017
0.3055555555555556,0.3595662819167541,0.6601699150424788,0.7526327100795186,0.3176470588235294,0.8784279475982533,0.7748229250447553,56,0.6734150239744272
0.3296296296296296,0.36320391745365516,0.592703648175912,0.7732645604986031,0.1411764705882353,0.8797379912663755,0.7750304854318554,56,0.6091071484534144
0.31,0.3634837355718783,0.6426786606696652,0.7543520309477757,0.30588235294117644,0.8788646288209606,0.7748229250447553,56,0.648343727475007
0.31925925925925924,0.03805526407834907,0.8615692153923039,0.6739737803567591,0.16078431372549018,0.8788646288209606,0.8887735775627222,56,0.4494029897521075
0.3212962962962963,0.14018887722980064,0.8670664667666167,0.7083601977219,0.2549019607843137,0.8787772925764192,0.8234958358197338,56,0.6740418063869128
0.30925925925925923,0.21098286114025885,0.8345827086456772,0.7049215559853859,0.30980392156862746,0.8797379912663755,0.7992112705290196,56,0.6701557554295026
0.3218518518518519,0.2613501224204267,0.7991004497751125,0.7405974640017194,0.3803921568627451,0.8796506550218341,0.7748229250447553,56,0.6141214077532984
0.35240740740740745,0.0,0.6256871564217892,0.7160971416290566,0.38823529411764707,0.9423580786026201,0.8290999662714371,56,0.39763076248080476
0.46296296296296297,0.0,0.4782608695652174,0.8244143563292501,0.20784313725490194,0.8287336244541484,0.8896038191111227,56,0.49691309661850885
0.39537037037037037,0.0,0.8705647176411794,0.6842897055663013,0.4588235294117647,0.9114410480349344,0.8010793140129207,56,0.6425773292801403
0.3605555555555555,0.0,0.5022488755622189,0.7315710294433699,0.29411764705882354,0.8716157205240175,0.9358897854344499,56,0.5439217775549218
0.46555555555555556,0.0,0.5912043978010995,0.829142488716957,0.22745098039215686,0.9114410480349344,0.78281399994811,56,0.4922749067661161
0.3055555555555556,0.0,0.7176411794102948,0.7040618955512574,0.0,0.8782532751091703,0.9349557636924993,100,0.47585320755899585
0.3055555555555556,0.3595662819167541,0.6601699150424788,0.7526327100795186,0.3176470588235294,0.8784279475982533,0.7748229250447553,100,0.6897113666990504
0.3296296296296296,0.36320391745365516,0.592703648175912,0.7732645604986031,0.1411764705882353,0.8797379912663755,0.7750304854318554,100,0.6266570560030085
0.31,0.3634837355718783,0.6426786606696652,0.7543520309477757,0.30588235294117644,0.8788646288209606,0.7748229250447553,100,0.6726628850794446
0.31925925925925924,0.03805526407834907,0.8615692153923039,0.6739737803567591,0.16078431372549018,0.8788646288209606,0.8887735775627222,100,0.472343226049077
0.3212962962962963,0.14018887722980064,0.8670664667666167,0.7083601977219,0.2549019607843137,0.8787772925764192,0.8234958358197338,100,0.7027484408787489
0.30925925925925923,0.21098286114025885,0.8345827086456772,0.7049215559853859,0.30980392156862746,0.8797379912663755,0.7992112705290196,100,0.7121501770660315
0.3218518518518519,0.2613501224204267,0.7991004497751125,0.7405974640017194,0.3803921568627451,0.8796506550218341,0.7748229250447553,100,0.6385659218402331
0.35240740740740745,0.0,0.6256871564217892,0.7160971416290566,0.38823529411764707,0.9423580786026201,0.8290999662714371,100,0.4206963552602714
0.46296296296296297,0.0,0.4782608695652174,0.8244143563292501,0.20784313725490194,0.8287336244541484,0.8896038191111227,100,0.5159672819580682
0.39537037037037037,0.0,0.8705647176411794,0.6842897055663013,0.4588235294117647,0.9114410480349344,0.8010793140129207,100,0.6638879313046475
0.3605555555555555,0.0,0.5022488755622189,0.7315710294433699,0.29411764705882354,0.8716157205240175,0.9358897854344499,100,0.5550785044971638
0.46555555555555556,0.0,0.5912043978010995,0.829142488716957,0.22745098039215686,0.9114410480349344,0.78281399994811,100,0.503306277225861
0.825925925925926,0.06715634837355719,0.3948025987006497,0.6963249516441007,0.4549019607843137,0.8445414847161572,0.7389149780764341,28,0.7149080196809677
0.825925925925926,0.06715634837355719,0.3948025987006497,0.6963249516441007,0.4549019607843137,0.8445414847161572,0.7389149780764341,28,0.5568334952521232
0.825925925925926,0.06715634837355719,0.3948025987006497,0.6963249516441007,0.4549019607843137,0.8445414847161572,0.7389149780764341,28,0.6395687737002099
0.825925925925926,0.06715634837355719,0.3948025987006497,0.6963249516441007,0.403921568627451,0.8445414847161572,0.7389149780764341,28,0.6692782600520228
0.825925925925926,0.06715634837355719,0.3948025987006497,0.6963249516441007,0.4549019607843137,0.8445414847161572,0.7389149780764341,3,0.44326052210974953
0.825925925925926,0.06715634837355719,0.3948025987006497,0.6963249516441007,0.4549019607843137,0.8445414847161572,0.7389149780764341,3,0.313641919207747
0.825925925925926,0.06715634837355719,0.3948025987006497,0.6963249516441007,0.4549019607843137,0.8445414847161572,0.7389149780764341,3,0.29270738663073115
0.825925925925926,0.06715634837355719,0.3948025987006497,0.6963249516441007,0.4549019607843137,0.8445414847161572,0.7389149780764341,7,0.6519790654674229
0.825925925925926,0.06715634837355719,0.3948025987006497,0.6963249516441007,0.4549019607843137,0.8445414847161572,0.7389149780764341,7,0.4766053464539785
0.825925925925926,0.06715634837355719,0.3948025987006497,0.6963249516441007,0.4549019607843137,0.8445414847161572,0.7389149780764341,7,0.49265097621360737
0.825925925925926,0.06715634837355719,0.3948025987006497,0.6963249516441007,0.4549019607843137,0.8445414847161572,0.7389149780764341,56,0.7655520386097965
0.825925925925926,0.06715634837355719,0.3948025987006497,0.6963249516441007,0.4549019607843137,0.8445414847161572,0.7389149780764341,56,0.7037512927387257
0.825925925925926,0.06715634837355719,0.3948025987006497,0.6963249516441007,0.4549019607843137,0.8445414847161572,0.7389149780764341,56,0.6925945657964837
0.825925925925926,0.06715634837355719,0.3948025987006497,0.6963249516441007,0.403921568627451,0.8445414847161572,0.7389149780764341,56,0.6865774546366229
0.7166666666666667,0.05596362364463099,0.46976511744127936,0.6748334407908877,0.5607843137254902,0.8192139737991266,0.8769426354980152,28,0.629790968065436
0.7166666666666667,0.05596362364463099,0.46976511744127936,0.6748334407908877,0.5450980392156863,0.8192139737991266,0.8769426354980152,28,0.5851640602964681
0.7166666666666667,0.05596362364463099,0.46976511744127936,0.6748334407908877,0.4549019607843137,0.8192139737991266,0.8769426354980152,28,0.5851640602964681
0.7166666666666667,0.05596362364463099,0.46976511744127936,0.6748334407908877,0.5607843137254902,0.8192139737991266,0.8769426354980152,3,0.285185997680905
0.7166666666666667,0.05596362364463099,0.46976511744127936,0.6748334407908877,0.5450980392156863,0.8192139737991266,0.8769426354980152,3,0.31978438685010496
0.7166666666666667,0.05596362364463099,0.46976511744127936,0.6748334407908877,0.4549019607843137,0.8192139737991266,0.8769426354980152,3,0.43586448964242064
0.7166666666666667,0.05596362364463099,0.46976511744127936,0.6748334407908877,0.5607843137254902,0.8192139737991266,0.8769426354980152,7,0.46181328151932055
0.7166666666666667,0.05596362364463099,0.46976511744127936,0.6748334407908877,0.5450980392156863,0.8192139737991266,0.8769426354980152,7,0.5753862546616941
0.7166666666666667,0.05596362364463099,0.46976511744127936,0.6748334407908877,0.4549019607843137,0.8192139737991266,0.8769426354980152,7,0.5223604625654203
0.7166666666666667,0.05596362364463099,0.46976511744127936,0.6748334407908877,0.5607843137254902,0.8192139737991266,0.8769426354980152,56,0.7062584223886678
0.7166666666666667,0.05596362364463099,0.46976511744127936,0.6748334407908877,0.5450980392156863,0.8192139737991266,0.8769426354980152,56,0.601335046538594
0.7166666666666667,0.05596362364463099,0.46976511744127936,0.6748334407908877,0.4549019607843137,0.8192139737991266,0.8769426354980152,56,0.7704409414271834
0.6574074074074074,0.05316544246239944,0.4847576211894053,0.6232538147431765,0.5137254901960784,0.8445414847161572,0.9039254858210312,28,0.5519445924347363
0.6574074074074074,0.05316544246239944,0.4847576211894053,0.6232538147431765,0.4823529411764706,0.8445414847161572,0.9039254858210312,28,0.6951016954464257
0.9092592592592592,0.07275271073802028,0.6146926536731634,0.9026434558349453,0.15294117647058822,0.7703056768558952,0.7254235529149262,28,0.6963552602713967
0.9092592592592592,0.07275271073802028,0.6146926536731634,0.8639587362991619,0.15294117647058822,0.7179039301310044,0.7254235529149262,28,0.7260647466232097
0.9092592592592592,0.07275271073802028,0.6146926536731634,0.9026434558349453,0.15294117647058822,0.7703056768558952,0.7254235529149262,3,0.321037951675076
0.9092592592592592,0.07275271073802028,0.6146926536731634,0.9026434558349453,0.15294117647058822,0.7703056768558952,0.7254235529149262,7,0.41981885988279166
0.9092592592592592,0.07275271073802028,0.6146926536731634,0.9026434558349453,0.15294117647058822,0.7703056768558952,0.7254235529149262,56,0.7469992792002256
0.9092592592592592,0.07275271073802028,0.6146926536731634,0.8639587362991619,0.15294117647058822,0.7179039301310044,0.7254235529149262,3,0.3704284057789338
0.9092592592592592,0.07275271073802028,0.6146926536731634,0.8639587362991619,0.15294117647058822,0.7179039301310044,0.7254235529149262,7,0.4753517816290075
0.9092592592592592,0.07275271073802028,0.6146926536731634,0.8639587362991619,0.15294117647058822,0.7179039301310044,0.7254235529149262,56,0.7754552007270675
0.7851851851851852,0.06155998600909409,0.6596701649175413,0.7650977863743822,0.3333333333333333,0.7179039301310044,0.7783514516254574,28,0.7778369738945125
0.7851851851851852,0.06155998600909409,0.6596701649175413,0.7650977863743822,0.3333333333333333,0.7703056768558952,0.7783514516254574,3,0.40126610047322064
0.7851851851851852,0.06155998600909409,0.6596701649175413,0.7221147646679562,0.3490196078431373,0.7179039301310044,0.7783514516254574,28,0.903820238804099
0.7851851851851852,0.06155998600909409,0.6596701649175413,0.7650977863743822,0.3333333333333333,0.7179039301310044,0.7783514516254574,7,0.48889028173869437
0.7851851851851852,0.06155998600909409,0.6596701649175413,0.7650977863743822,0.3333333333333333,0.7179039301310044,0.7783514516254574,56,0.8235920900059543
0.7851851851851852,0.06155998600909409,0.6596701649175413,0.7221147646679562,0.3490196078431373,0.7179039301310044,0.7783514516254574,3,0.40251966529819166
0.7851851851851852,0.06155998600909409,0.6596701649175413,0.7221147646679562,0.3490196078431373,0.7179039301310044,0.7783514516254574,7,0.5050612679808204
0.7851851851851852,0.06155998600909409,0.6596701649175413,0.7221147646679562,0.3490196078431373,0.7179039301310044,0.7783514516254574,56,0.932150803848444
0.37407407407407406,0.030779993004547045,0.704647676161919,0.8854502471523749,0.06666666666666667,0.8227074235807861,0.8312793503359884,28,0.27540819204613115
0.37407407407407406,0.030779993004547045,0.704647676161919,0.8854502471523749,0.06666666666666667,0.8227074235807861,0.8312793503359884,3,0.1234761352596446
0.37407407407407406,0.030779993004547045,0.704647676161919,0.8854502471523749,0.06666666666666667,0.8227074235807861,0.8312793503359884,7,0.1889122191231314
0.37407407407407406,0.030779993004547045,0.704647676161919,0.8854502471523749,0.06666666666666667,0.8227074235807861,0.8312793503359884,56,0.2914538218057601
0.5259259259259259,0.04197271773347324,0.704647676161919,0.7693960885450248,0.21568627450980393,0.7353711790393013,0.8312793503359884,28,0.5481838979598231
0.5259259259259259,0.04197271773347324,0.704647676161919,0.7693960885450248,0.21568627450980393,0.7353711790393013,0.8312793503359884,3,0.1679776865461155
0.5259259259259259,0.04197271773347324,0.704647676161919,0.7693960885450248,0.21568627450980393,0.7353711790393013,0.8312793503359884,7,0.30248519226550497
0.5259259259259259,0.04197271773347324,0.704647676161919,0.7693960885450248,0.21568627450980393,0.7353711790393013,0.8312793503359884,56,0.5580870600770942
0.6648148148148149,0.05316544246239944,0.704647676161919,0.6619385342789599,0.4274509803921569,0.8227074235807861,0.8312793503359884,28,0.7889937008367545
0.6648148148148149,0.05316544246239944,0.704647676161919,0.6619385342789599,0.4274509803921569,0.8227074235807861,0.8312793503359884,28,0.7457457143752546
0.6648148148148149,0.05316544246239944,0.704647676161919,0.6619385342789599,0.4274509803921569,0.8227074235807861,0.8312793503359884,3,0.314895484032718
0.6648148148148149,0.05316544246239944,0.704647676161919,0.6619385342789599,0.4274509803921569,0.8227074235807861,0.8312793503359884,3,0.29634272462314704
0.6648148148148149,0.05316544246239944,0.704647676161919,0.6619385342789599,0.4274509803921569,0.8227074235807861,0.8312793503359884,7,0.4481494249271365
0.6648148148148149,0.05316544246239944,0.704647676161919,0.6619385342789599,0.4274509803921569,0.8227074235807861,0.8312793503359884,7,0.4840013789213074
0.6648148148148149,0.05316544246239944,0.704647676161919,0.6619385342789599,0.4274509803921569,0.8227074235807861,0.8312793503359884,56,0.8618258171675702
0.6648148148148149,0.05316544246239944,0.704647676161919,0.6619385342789599,0.4274509803921569,0.8227074235807861,0.8312793503359884,56,0.8371305901156413
0.8074074074074075,0.0,0.0,0.937029873200086,0.0,0.7322270742358078,0.746906052979789,28,0.2989752107555862
0.5351851851851852,0.0,0.0,0.8252740167633785,0.0,0.7975545851528385,0.9291440728536959,90,0.4020182393682033
0.5351851851851852,0.0,0.0,0.8252740167633785,0.0,0.7975545851528385,0.9291440728536959,3,0.1460403021091228
0.7277777777777777,0.0,0.0,0.8252740167633785,0.0,0.8214847161572053,0.8152972005292791,3,0.24068444639443415
0.7277777777777777,0.0,0.0,0.8252740167633785,0.0,0.8214847161572053,0.8152972005292791,90,0.6123664169983389
0.7277777777777777,0.0,0.0,0.8252740167633785,0.0,0.8214847161572053,0.8152972005292791,28,0.49641167068852043
0.8888888888888888,0.0,0.0,0.8252740167633785,0.0,0.8176419213973799,0.7391225384635344,28,0.5508163840922623
0.8888888888888888,0.0,0.0,0.8252740167633785,0.0,0.8176419213973799,0.7391225384635344,7,0.4333573599924786
0.8888888888888888,0.0,0.0,0.8252740167633785,0.0,0.8176419213973799,0.7391225384635344,90,0.6809364129242533
0.8888888888888888,0.0,0.0,0.8252740167633785,0.0,0.8176419213973799,0.7391225384635344,3,0.3058698172929267
0.6166666666666667,0.0,0.0,0.8252740167633785,0.0,0.8132751091703058,0.8744519108528138,3,0.19580682566047194
0.4722222222222222,0.0,0.0,0.8252740167633785,0.0,0.7771179039301309,0.9807228290480763,90,0.274029270738663
0.4722222222222222,0.0,0.0,0.8252740167633785,0.0,0.7771179039301309,0.9807228290480763,7,0.12811432511203735
0.5351851851851852,0.0,0.0,0.8252740167633785,0.0,0.7975545851528385,0.9291440728536959,7,0.18302046444576764
0.4722222222222222,0.0,0.0,0.8252740167633785,0.0,0.7771179039301309,0.9807228290480763,28,0.2350434046820646
0.6166666666666667,0.0,0.0,0.8252740167633785,0.0,0.8132751091703058,0.8744519108528138,28,0.4007646745432323
0.6166666666666667,0.0,0.0,0.8252740167633785,0.0,0.8132751091703058,0.8744519108528138,7,0.2933341690432166
0.5351851851851852,0.0,0.0,0.8252740167633785,0.0,0.7975545851528385,0.9291440728536959,28,0.32053652574508756
0.6166666666666667,0.0,0.0,0.8252740167633785,0.0,0.8132751091703058,0.8744519108528138,90,0.5224858190479175
0.7277777777777777,0.0,0.0,0.8252740167633785,0.0,0.8214847161572053,0.8152972005292791,7,0.3477388824469585
0.4722222222222222,0.0,0.0,0.8252740167633785,0.0,0.7771179039301309,0.9807228290480763,3,0.10279231564762291
0.2940740740740741,0.6665267576075551,0.0,0.7981947130883301,0.0,0.9088209606986899,0.7620579612380978,7,0.12059293616221127
0.4437037037037037,1.0,0.0,0.7981947130883301,0.0,0.8223580786026201,0.689411825753055,7,0.31865617850763106
0.44111111111111106,0.4443511717383701,0.0,0.7981947130883301,0.0,0.9088209606986899,0.7620579612380978,7,0.19668432103795164
0.33685185185185185,0.7633438265127668,0.0,0.7981947130883301,0.0,0.8841921397379913,0.7413019225280855,28,0.35024601209690054
0.35833333333333334,0.8120321790835956,0.0,0.7981947130883301,0.0,0.8717903930131005,0.7309239031730794,28,0.409038202388041
0.47314814814814815,0.4765302553340329,0.0,0.7981947130883301,0.0,0.896593886462882,0.7516799418830916,7,0.21611457582500232
0.5051851851851852,0.5089891570479189,0.0,0.7981947130883301,0.0,0.8841921397379913,0.7413019225280855,7,0.24782976589676892
0.4437037037037037,1.0,0.0,0.7981947130883301,0.0,0.8223580786026201,0.689411825753055,28,0.49440596696856676
0.4088888888888889,0.41189227002448403,0.0,0.7981947130883301,0.0,0.9213973799126638,0.7724359805931038,28,0.32279294243003537
0.7351851851851852,0.0,0.0,0.7981947130883301,0.0,0.9088209606986899,0.7620579612380978,28,0.41467924410041046
0.7083333333333334,0.0,0.0,0.7981947130883301,0.0,0.9151091703056768,0.7672469709156008,7,0.3017330533705224
0.3901851851851852,0.8845050717033929,0.0,0.7981947130883301,0.0,0.8532751091703057,0.7153568741405703,7,0.27352784480867465
0.2940740740740741,0.6665267576075551,0.0,0.7981947130883301,0.0,0.9088209606986899,0.7620579612380978,28,0.2641261086213921
0.5477777777777778,0.0,0.0,0.7981947130883301,0.0,0.9531877729257643,0.798381028980619,7,0.18602902002569807
0.47314814814814815,0.4765302553340329,0.0,0.7981947130883301,0.0,0.896593886462882,0.7516799418830916,28,0.40176752640320906
0.3768518518518518,0.37971318642882124,0.0,0.7981947130883301,0.0,0.9399126637554586,0.788003009625613,7,0.14992635306653296
0.7351851851851852,0.0,0.0,0.7981947130883301,0.0,0.9088209606986899,0.7620579612380978,7,0.31903224795512236
0.7062962962962962,0.0,0.0,0.7981947130883301,0.0,0.9647161572052401,0.8139480580131282,28,0.2819267291359804
0.5477777777777778,0.0,0.0,0.7981947130883301,0.0,0.9531877729257643,0.798381028980619,28,0.316149048857689
0.4222222222222222,0.9572577824414131,0.0,0.7981947130883301,0.0,0.8347598253275109,0.6997898451080611,28,0.49766523551349146
0.4088888888888889,0.41189227002448403,0.0,0.7981947130883301,0.0,0.9213973799126638,0.7724359805931038,7,0.16409163558870538
0.5853703703703704,0.5895767750961874,0.0,0.7981947130883301,0.0,0.8532751091703057,0.7153568741405703,28,0.48512958726378136
0.2512962962962963,0.5694298705841203,0.0,0.7981947130883301,0.0,0.9399126637554586,0.788003009625613,7,0.09414271835532294
0.4409259259259259,0.0,0.0,0.7981947130883301,0.0,0.977117903930131,0.8191370676906312,28,0.22037669622990375
0.6281481481481481,0.0,0.0,0.7981947130883301,0.0,0.9337991266375546,0.78281399994811,7,0.26550502992886016
0.2512962962962963,0.5694298705841203,0.0,0.7981947130883301,0.0,0.9399126637554586,0.788003009625613,28,0.22814879814472402
0.35833333333333334,0.8120321790835956,0.0,0.7981947130883301,0.0,0.8717903930131005,0.7309239031730794,7,0.21561314989501393
0.3768518518518518,0.37971318642882124,0.0,0.7981947130883301,0.0,0.9399126637554586,0.788003009625613,28,0.2836817198909398
0.5374074074074073,0.5414480587618048,0.0,0.7981947130883301,0.0,0.8717903930131005,0.7309239031730794,7,0.274029270738663
0.33685185185185185,0.7633438265127668,0.0,0.7981947130883301,0.0,0.8841921397379913,0.7413019225280855,7,0.15506596884891408
0.3153703703703704,0.43511717383700593,0.0,0.7981947130883301,0.0,0.896593886462882,0.7516799418830916,28,0.3225422294650412
0.3901851851851852,0.8845050717033929,0.0,0.7981947130883301,0.0,0.8532751091703057,0.7153568741405703,28,0.47397286032153935
0.4222222222222222,0.9572577824414131,0.0,0.7981947130883301,0.0,0.8347598253275109,0.6997898451080611,7,0.27478140963364567
0.5374074074074073,0.5414480587618048,0.0,0.7981947130883301,0.0,0.8717903930131005,0.7309239031730794,28,0.4141778181704221
0.7062962962962962,0.0,0.0,0.7981947130883301,0.0,0.9647161572052401,0.8139480580131282,7,0.182268325550785
0.44111111111111106,0.4443511717383701,0.0,0.7981947130883301,0.0,0.9088209606986899,0.7620579612380978,28,0.3373342943996991
0.3448148148148148,0.3472542847149353,0.0,0.7981947130883301,0.0,0.9462008733624455,0.793192019303116,7,0.1002851859976809
0.6281481481481481,0.0,0.0,0.7981947130883301,0.0,0.9337991266375546,0.78281399994811,28,0.39988717916575256
0.4409259259259259,0.0,0.0,0.7981947130883301,0.0,0.977117903930131,0.8191370676906312,7,0.12961860290200256
0.4675925925925926,0.0,0.0,0.7981947130883301,0.0,0.970829694323144,0.8139480580131282,28,0.24782976589676892
0.7083333333333334,0.0,0.0,0.7981947130883301,0.0,0.9151091703056768,0.7672469709156008,28,0.46933467046914656
0.4675925925925926,0.0,0.0,0.7981947130883301,0.0,0.970829694323144,0.8139480580131282,7,0.1439092419066721
0.5853703703703704,0.5895767750961874,0.0,0.7981947130883301,0.0,0.8532751091703057,0.7153568741405703,7,0.30637124322291515
0.3448148148148148,0.3472542847149353,0.0,0.7981947130883301,0.0,0.9462008733624455,0.793192019303116,28,0.22062740919489798
0.3153703703703704,0.43511717383700593,0.0,0.7981947130883301,0.0,0.896593886462882,0.7516799418830916,7,0.13450750571938952
0.5051851851851852,0.5089891570479189,0.0,0.7981947130883301,0.0,0.8841921397379913,0.7413019225280855,28,0.3933686420759033
0.6277777777777778,0.0,0.0,0.8467655276165915,0.0,0.845414847161572,0.8105233116259762,3,0.1657212698611677
0.6277777777777778,0.0,0.0,0.8467655276165915,0.0,0.845414847161572,0.8105233116259762,7,0.26287254379642105
0.6277777777777778,0.0,0.0,0.8467655276165915,0.0,0.845414847161572,0.8105233116259762,14,0.3389639286721614
0.6277777777777778,0.0,0.0,0.8467655276165915,0.0,0.845414847161572,0.8105233116259762,28,0.401642169920712
0.6277777777777778,0.0,0.0,0.8467655276165915,0.0,0.845414847161572,0.8105233116259762,90,0.44087874894230467
0.6277777777777778,0.0,0.0,0.8467655276165915,0.0,0.845414847161572,0.8105233116259762,180,0.4569243787019336
0.6277777777777778,0.0,0.0,0.8467655276165915,0.0,0.845414847161572,0.8105233116259762,365,0.4875113604312263
0.43703703703703706,0.0,0.0,0.8338706211046637,0.0,0.845414847161572,0.9184547129180397,3,0.08110564417562442
0.43703703703703706,0.0,0.0,0.8338706211046637,0.0,0.845414847161572,0.9184547129180397,14,0.16095772352627782
0.43703703703703706,0.0,0.0,0.8338706211046637,0.0,0.845414847161572,0.9184547129180397,28,0.23090664075966028
0.43703703703703706,0.0,0.0,0.8338706211046637,0.0,0.845414847161572,0.9184547129180397,90,0.27515747908113697
0.43703703703703706,0.0,0.0,0.8295723189340212,0.0,0.845414847161572,0.9184547129180397,180,0.3021091228180137
0.43703703703703706,0.0,0.0,0.8295723189340212,0.0,0.845414847161572,0.9184547129180397,365,0.3143940581027296
0.512962962962963,0.0,0.0,0.820975714592736,0.0,0.845414847161572,0.888358456788522,14,0.266507881788837
0.512962962962963,0.0,0.0,0.820975714592736,0.0,0.845414847161572,0.888358456788522,28,0.3255507850449716
0.512962962962963,0.0,0.0,0.820975714592736,0.0,0.845414847161572,0.888358456788522,3,0.14240496411670686
0.512962962962963,0.0,0.0,0.820975714592736,0.0,0.845414847161572,0.888358456788522,90,0.391739007803441
0.512962962962963,0.0,0.0,0.820975714592736,0.0,0.845414847161572,0.888358456788522,180,0.4052775079131279
0.512962962962963,0.0,0.0,0.820975714592736,0.0,0.845414847161572,0.888358456788522,360,0.4224513460152308
0.4703703703703704,0.0,0.0,0.8510638297872342,0.0,0.845414847161572,0.8956230703370263,3,0.11670688520480114
0.4703703703703704,0.0,0.0,0.8510638297872342,0.0,0.845414847161572,0.8956230703370263,90,0.33771036384719044
0.4703703703703704,0.0,0.0,0.8510638297872342,0.0,0.845414847161572,0.8956230703370263,180,0.34635996113949036
0.4703703703703704,0.0,0.0,0.8510638297872342,0.0,0.845414847161572,0.8956230703370263,365,0.37343696135886423
0.5685185185185185,0.0,0.0,0.8295723189340212,0.0,0.845414847161572,0.8426951716264951,180,0.43235450813250176
0.5685185185185185,0.0,0.0,0.8295723189340212,0.0,0.845414847161572,0.8426951716264951,365,0.4531636842270205
0.5685185185185185,0.0,0.0,0.8295723189340212,0.0,0.845414847161572,0.8426951716264951,3,0.1571970290513648
0.5685185185185185,0.0,0.0,0.8295723189340212,0.0,0.845414847161572,0.8426951716264951,28,0.3451063963145194
0.5685185185185185,0.0,0.0,0.8295723189340212,0.0,0.845414847161572,0.8426951716264951,90,0.4126735403804569
0.43703703703703706,0.0,0.0,0.8295723189340212,0.0,0.845414847161572,0.9184547129180397,7,0.125231126014604
0.37037037037037035,0.0,0.0,0.7736943907156674,0.0,0.982532751091703,0.8769426354980152,7,0.09827948227772727
0.37037037037037035,0.0,0.0,0.7736943907156674,0.0,0.982532751091703,0.8769426354980152,28,0.15356169105894887
0.4166666666666667,0.0,0.0,0.77799269288631,0.0,0.9720524017467249,0.8644890122720079,7,0.14002319094926194
0.4166666666666667,0.0,0.0,0.77799269288631,0.0,0.9720524017467249,0.8644890122720079,28,0.21736814064997334
0.6018518518518519,0.0,0.0,0.7908875993982378,0.0,0.9283842794759826,0.8125989154969775,7,0.21987527029991535
0.6018518518518519,0.0,0.0,0.7908875993982378,0.0,0.9283842794759826,0.8125989154969775,28,0.3832147669936381
0.5092592592592593,0.0,0.0,0.7865892972275952,0.0,0.9502183406113537,0.8385439638844927,7,0.17800620514588358
0.5092592592592593,0.0,0.0,0.7865892972275952,0.0,0.9502183406113537,0.8385439638844927,28,0.30712338211789775
0.5555555555555556,0.0,0.0,0.7908875993982378,0.0,0.9388646288209607,0.8250525387229848,7,0.19530539973048355
0.5555555555555556,0.0,0.0,0.7908875993982378,0.0,0.9388646288209607,0.8250525387229848,28,0.33658215550471654
0.6944444444444444,0.0,0.0,0.799484203739523,0.0,0.9065502183406113,0.7866538671094622,7,0.3266789933874455
0.6944444444444444,0.0,0.0,0.799484203739523,0.0,0.9065502183406113,0.7866538671094622,28,0.4789871196214234
0.7407407407407407,0.0,0.0,0.8037825059101655,0.0,0.8951965065502183,0.7731624419479542,28,0.5478078285123319
0.7407407407407407,0.0,0.0,0.8037825059101655,0.0,0.8951965065502183,0.7731624419479542,7,0.3778244382462628
0.46296296296296297,0.0,0.0,0.7822909950569525,0.0,0.9606986899563319,0.8509975871105,7,0.15957880221880974
0.46296296296296297,0.0,0.0,0.7822909950569525,0.0,0.9606986899563319,0.8509975871105,28,0.26161897897145003
0.6481481481481481,0.0,0.0,0.799484203739523,0.0,0.9170305676855895,0.7991074903354696,7,0.2542229465041211
0.6481481481481481,0.0,0.0,0.799484203739523,0.0,0.9170305676855895,0.7991074903354696,28,0.4298473784825597
0.3768518518518518,0.8542847149352921,0.0,0.8747044917257684,0.0,0.8413973799126637,0.6538152193653841,7,0.24494656679933557
0.4633333333333333,0.4667366211962225,0.0,0.8747044917257684,0.0,0.8537991266375546,0.7203383234309733,90,0.5980757779936694
0.29074074074074074,0.6603707590066457,0.0,0.8252740167633785,0.0,0.816943231441048,0.8107308720130764,90,0.5437964210724247
0.2616666666666667,0.5932144106330884,0.0,0.8747044917257684,0.0,0.8487336244541485,0.7767947487222064,28,0.37469052618383525
0.30888888888888894,0.7001049317943336,0.0,0.8747044917257684,0.0,0.8520524017467249,0.7187816205277223,3,0.08649597292299978
0.22703703703703704,0.514585519412382,0.0,0.8747044917257684,0.0,0.8368558951965066,0.8303453285940379,90,0.4160581654078786
0.34055555555555556,0.34305701294158797,0.0,0.8747044917257684,0.0,0.8377292576419214,0.8302415484004878,3,0.06142467642357955
0.18888888888888888,0.4281217208814271,0.0,0.8252740167633785,0.0,0.7746724890829695,0.9776094232415744,3,0.057287912501175216
0.18888888888888888,0.4281217208814271,0.0,0.8252740167633785,0.0,0.7746724890829695,0.9776094232415744,90,0.3191576044376195
0.22703703703703704,0.514585519412382,0.0,0.8747044917257684,0.0,0.8368558951965066,0.8303453285940379,28,0.3044908959854586
0.30888888888888894,0.7001049317943336,0.0,0.8747044917257684,0.0,0.8520524017467249,0.7187816205277223,28,0.42558525807765835
0.37037037037037035,0.3721580972367961,0.0,0.8252740167633785,0.0,0.8431441048034934,0.8366759204005917,3,0.14303174652919237
0.20055555555555554,0.45442462399440364,0.0,0.8747044917257684,0.0,0.8193886462882096,0.8810938432400177,28,0.2581089974615312
0.5653703703703704,0.5694298705841203,0.0,0.8747044917257684,0.0,0.8431441048034934,0.6548530213008847,7,0.3245479331849948
0.20055555555555554,0.45442462399440364,0.0,0.8747044917257684,0.0,0.8193886462882096,0.8810938432400177,90,0.3664169983390266
0.21481481481481482,0.48408534452605806,0.0,0.8252740167633785,0.0,0.7945851528384279,0.9256155462729938,90,0.38885580870600767
0.2616666666666667,0.5932144106330884,0.0,0.8747044917257684,0.0,0.8487336244541485,0.7767947487222064,7,0.13024538531448807
0.29074074074074074,0.6603707590066457,0.0,0.8252740167633785,0.0,0.816943231441048,0.8107308720130764,28,0.42194992008524235
0.2462962962962963,0.5596362364463099,0.0,0.8252740167633785,0.0,0.8099563318777292,0.8709233842721118,28,0.3493685167194208
0.4633333333333333,0.4667366211962225,0.0,0.8747044917257684,0.0,0.8537991266375546,0.7203383234309733,7,0.24256479363189068
0.32037037037037036,0.32458901713885974,0.0,0.8252740167633785,0.0,0.8268995633187772,0.8891886983369224,7,0.1427810335641982
0.35555555555555557,0.8058761804826863,0.0,0.8252740167633785,0.0,0.8120524017467249,0.7431699660119867,3,0.1603309411137923
0.35555555555555557,0.8058761804826863,0.0,0.8252740167633785,0.0,0.8120524017467249,0.7431699660119867,28,0.4929016891786016
0.2833333333333333,0.28541448058761804,0.0,0.8252740167633785,0.0,0.7755458515283843,0.9787510053706251,3,0.05992039863361434
0.5333333333333333,0.5372507869884575,0.0,0.8252740167633785,0.0,0.8139737991266376,0.7449342293023377,3,0.2019492933028299
0.5653703703703704,0.5694298705841203,0.0,0.8747044917257684,0.0,0.8431441048034934,0.6548530213008847,28,0.5437964210724247
0.43703703703703706,0.43931444561035327,0.0,0.8252740167633785,0.0,0.8494323144104804,0.7774174298835068,7,0.2559779372590805
0.32037037037037036,0.32458901713885974,0.0,0.8252740167633785,0.0,0.8268995633187772,0.8891886983369224,3,0.08699739885298818
0.3925925925925926,0.39538300104931795,0.0,0.8747044917257684,0.0,0.8501310043668122,0.7783514516254574,7,0.18841079319314297
0.43703703703703706,0.43931444561035327,0.0,0.8252740167633785,0.0,0.8494323144104804,0.7774174298835068,3,0.17010874674856621
0.34055555555555556,0.34305701294158797,0.0,0.8747044917257684,0.0,0.8377292576419214,0.8302415484004878,90,0.40778463756306993
0.30888888888888894,0.7001049317943336,0.0,0.8747044917257684,0.0,0.8520524017467249,0.7187816205277223,7,0.19743645993293427
0.18888888888888888,0.4281217208814271,0.0,0.8252740167633785,0.0,0.7746724890829695,0.9776094232415744,7,0.09627377855777365
0.5333333333333333,0.5372507869884575,0.0,0.8252740167633785,0.0,0.8139737991266376,0.7449342293023377,28,0.4863831520887523
0.3925925925925926,0.39538300104931795,0.0,0.8747044917257684,0.0,0.8501310043668122,0.7783514516254574,28,0.4136763922404337
0.18888888888888888,0.4281217208814271,0.0,0.8252740167633785,0.0,0.7746724890829695,0.9776094232415744,28,0.21661600175499074
0.32037037037037036,0.32458901713885974,0.0,0.8252740167633785,0.0,0.8268995633187772,0.8891886983369224,28,0.3043655395029615
0.34055555555555556,0.34305701294158797,0.0,0.8747044917257684,0.0,0.8377292576419214,0.8302415484004878,28,0.3014823404055282
0.2462962962962963,0.5596362364463099,0.0,0.8252740167633785,0.0,0.8099563318777292,0.8709233842721118,90,0.458679369456893
0.35555555555555557,0.8058761804826863,0.0,0.8252740167633785,0.0,0.8120524017467249,0.7431699660119867,90,0.6359334357077939
0.2462962962962963,0.5596362364463099,0.0,0.8252740167633785,0.0,0.8099563318777292,0.8709233842721118,7,0.17123695509104014
0.5653703703703704,0.5694298705841203,0.0,0.8747044917257684,0.0,0.8431441048034934,0.6548530213008847,3,0.17725406625090098
0.43703703703703706,0.43931444561035327,0.0,0.8252740167633785,0.0,0.8494323144104804,0.7774174298835068,90,0.5989532733711491
0.20055555555555554,0.45442462399440364,0.0,0.8747044917257684,0.0,0.8193886462882096,0.8810938432400177,3,0.029208060421824562
0.29074074074074074,0.6603707590066457,0.0,0.8252740167633785,0.0,0.816943231441048,0.8107308720130764,7,0.2117270989376038
0.5333333333333333,0.5372507869884575,0.0,0.8252740167633785,0.0,0.8139737991266376,0.7449342293023377,7,0.29483844683318183
0.3925925925925926,0.39538300104931795,0.0,0.8747044917257684,0.0,0.8501310043668122,0.7783514516254574,3,0.08536776458052586
0.3925925925925926,0.39538300104931795,0.0,0.8747044917257684,0.0,0.8501310043668122,0.7783514516254574,90,0.49766523551349146
0.2833333333333333,0.28541448058761804,0.0,0.8252740167633785,0.0,0.7755458515283843,0.9787510053706251,28,0.22514024256479362
0.43703703703703706,0.43931444561035327,0.0,0.8252740167633785,0.0,0.8494323144104804,0.7774174298835068,28,0.41217211445046853
0.21481481481481482,0.48408534452605806,0.0,0.8252740167633785,0.0,0.7945851528384279,0.9256155462729938,28,0.280171738381021
0.34055555555555556,0.34305701294158797,0.0,0.8747044917257684,0.0,0.8377292576419214,0.8302415484004878,7,0.1352596446143721
0.20055555555555554,0.45442462399440364,0.0,0.8747044917257684,0.0,0.8193886462882096,0.8810938432400177,7,0.09677520448776206
0.3768518518518518,0.8542847149352921,0.0,0.8747044917257684,0.0,0.8413973799126637,0.6538152193653841,28,0.5224858190479175
0.3768518518518518,0.8542847149352921,0.0,0.8747044917257684,0.0,0.8413973799126637,0.6538152193653841,3,0.11984079726722868
0.2462962962962963,0.5596362364463099,0.0,0.8252740167633785,0.0,0.8099563318777292,0.8709233842721118,3,0.08624525995800557
0.5333333333333333,0.5372507869884575,0.0,0.8252740167633785,0.0,0.8139737991266376,0.7449342293023377,90,0.633426306057852
0.37037037037037035,0.3721580972367961,0.0,0.8252740167633785,0.0,0.8431441048034934,0.8366759204005917,7,0.21523708044752266
0.37037037037037035,0.3721580972367961,0.0,0.8252740167633785,0.0,0.8431441048034934,0.8366759204005917,28,0.38158513272117583
0.4633333333333333,0.4667366211962225,0.0,0.8747044917257684,0.0,0.8537991266375546,0.7203383234309733,3,0.1219718574696794
0.22703703703703704,0.514585519412382,0.0,0.8747044917257684,0.0,0.8368558951965066,0.8303453285940379,3,0.04161835218903757
0.2833333333333333,0.28541448058761804,0.0,0.8252740167633785,0.0,0.7755458515283843,0.9787510053706251,90,0.32993826193237014
0.37037037037037035,0.3721580972367961,0.0,0.8252740167633785,0.0,0.8431441048034934,0.8366759204005917,90,0.5421667867999623
0.21481481481481482,0.48408534452605806,0.0,0.8252740167633785,0.0,0.7945851528384279,0.9256155462729938,3,0.0787238710081795
0.32037037037037036,0.32458901713885974,0.0,0.8252740167633785,0.0,0.8268995633187772,0.8891886983369224,90,0.4023943088156946
0.4633333333333333,0.4667366211962225,0.0,0.8747044917257684,0.0,0.8537991266375546,0.7203383234309733,28,0.46331755930928575
0.5653703703703704,0.5694298705841203,0.0,0.8747044917257684,0.0,0.8431441048034934,0.6548530213008847,90,0.6844463944341721
0.35555555555555557,0.8058761804826863,0.0,0.8252740167633785,0.0,0.8120524017467249,0.7431699660119867,7,0.2692657244037732
0.29074074074074074,0.6603707590066457,0.0,0.8252740167633785,0.0,0.816943231441048,0.8107308720130764,3,0.12147043153969098
0.2833333333333333,0.28541448058761804,0.0,0.8252740167633785,0.0,0.7755458515283843,0.9787510053706251,7,0.10492337585007362
0.2616666666666667,0.5932144106330884,0.0,0.8747044917257684,0.0,0.8487336244541485,0.7767947487222064,90,0.497163809583503
0.21481481481481482,0.48408534452605806,0.0,0.8252740167633785,0.0,0.7945851528384279,0.9256155462729938,7,0.12648469083957503
0.2616666666666667,0.5932144106330884,0.0,0.8747044917257684,0.0,0.8487336244541485,0.7767947487222064,3,0.060547181046099845
0.22703703703703704,0.514585519412382,0.0,0.8747044917257684,0.0,0.8368558951965066,0.8303453285940379,7,0.12974395938449965
0.30888888888888894,0.7001049317943336,0.0,0.8747044917257684,0.0,0.8520524017467249,0.7187816205277223,90,0.5461781942398696
0.3768518518518518,0.8542847149352921,0.0,0.8747044917257684,0.0,0.8413973799126637,0.6538152193653841,90,0.6500987182299663
0.5740740740740741,0.0,0.0,0.8252740167633785,0.0,0.8838427947598253,0.8613756064655061,3,0.14854743175906482
0.5740740740740741,0.0,0.0,0.8252740167633785,0.0,0.8838427947598253,0.8613756064655061,7,0.21611457582500232
0.5740740740740741,0.0,0.0,0.8252740167633785,0.0,0.8838427947598253,0.8613756064655061,28,0.3488670907894324
0.5740740740740741,0.0,0.0,0.8252740167633785,0.0,0.8838427947598253,0.8613756064655061,90,0.44827478140963356
0.5740740740740741,0.0,0.0,0.8252740167633785,0.0,0.8838427947598253,0.8613756064655061,120,0.48512958726378136
0.6129629629629629,0.0,0.0,0.8252740167633785,0.0,0.8951965065502183,0.8520353890460006,3,0.1793851264533517
0.6129629629629629,0.0,0.0,0.8252740167633785,0.0,0.8951965065502183,0.8520353890460006,7,0.21862170547494436
0.6129629629629629,0.0,0.0,0.8252740167633785,0.0,0.8951965065502183,0.8520353890460006,28,0.39788147544579894
0.6129629629629629,0.0,0.0,0.8252740167633785,0.0,0.8951965065502183,0.8520353890460006,90,0.4752264251465103
0.6129629629629629,0.0,0.0,0.8252740167633785,0.0,0.8951965065502183,0.8520353890460006,120,0.4936538280735842
0.6462962962962963,0.0,0.0,0.8252740167633785,0.0,0.9222707423580786,0.8395817658199933,3,0.19894073772289947
0.6462962962962963,0.0,0.0,0.8252740167633785,0.0,0.9222707423580786,0.8395817658199933,7,0.11294619072988811
0.6462962962962963,0.0,0.0,0.8252740167633785,0.0,0.9222707423580786,0.8395817658199933,28,0.42132313767275686
0.6462962962962963,0.0,0.0,0.8252740167633785,0.0,0.9222707423580786,0.8395817658199933,90,0.5096994578332131
0.6462962962962963,0.0,0.0,0.8252740167633785,0.0,0.9222707423580786,0.8395817658199933,120,0.5122065874831552
0.44074074074074077,0.0,0.0,0.799484203739523,0.0,0.977292576419214,0.8188257271099811,7,0.15105456140900686
0.44074074074074077,0.0,0.0,0.799484203739523,0.0,0.977292576419214,0.8188257271099811,28,0.21987527029991535
0.5481481481481482,0.0,0.0,0.799484203739523,0.0,0.9519650655021834,0.798069688399969,7,0.2370491084020182
0.5481481481481482,0.0,0.0,0.799484203739523,0.0,0.9519650655021834,0.798069688399969,28,0.3156476229277006
0.55,0.0,0.0,0.799484203739523,0.0,0.9082969432314411,0.7617466206574476,7,0.38810366981102506
0.8888888888888888,0.0,0.0,0.8252740167633785,0.0,0.8174672489082969,0.7482551954959397,28,0.5501896016797768
0.8888888888888888,0.0,0.0,0.8252740167633785,0.0,0.8174672489082969,0.7482551954959397,90,0.6804349869942649
0.7351851851851852,0.0,0.0,0.799484203739523,0.0,0.9082969432314411,0.7617466206574476,28,0.4630668463442915
0.5203703703703704,0.0,0.0,0.799484203739523,0.0,0.9641921397379912,0.803258698077472,7,0.18176689962079662
0.5203703703703704,0.0,0.0,0.7951859015688804,0.0,0.9641921397379912,0.803258698077472,28,0.28129994672349495
0.9259259259259259,0.0,0.0,0.8596604341285193,0.0,0.982532751091703,0.6361725864618738,1,0.1584505938763358
0.9259259259259259,0.0,0.0,0.8596604341285193,0.0,0.982532751091703,0.6361725864618738,3,0.3266789933874455
0.9259259259259259,0.0,0.0,0.8596604341285193,0.0,0.982532751091703,0.6361725864618738,7,0.41630887837287284
0.9259259259259259,0.0,0.0,0.8596604341285193,0.0,0.982532751091703,0.6361725864618738,14,0.4630668463442915
0.9259259259259259,0.0,0.0,0.8596604341285193,0.0,0.982532751091703,0.6361725864618738,28,0.5526967313297189
1.0,0.0,0.0,0.7436062755211692,0.0,0.982532751091703,0.6361725864618738,7,0.659500454417249
1.0,0.0,0.0,0.7436062755211692,0.0,0.982532751091703,0.6361725864618738,14,0.7491303394026763
1.0,0.0,0.0,0.7436062755211692,0.0,0.982532751091703,0.6361725864618738,28,0.8437744836879877
1.0,0.0,0.0,0.7436062755211692,0.0,0.982532751091703,0.6361725864618738,90,0.8732332570748064
1.0,0.0,0.0,0.7436062755211692,0.0,0.982532751091703,0.6361725864618738,180,0.8978031276442383
1.0,0.0,0.0,0.7436062755211692,0.0,0.982532751091703,0.6361725864618738,270,0.929769030680999
0.6481481481481481,0.0,0.0,0.8725553406404472,0.0,0.8506550218340612,0.8042965000129726,7,0.2272713027672443
0.6481481481481481,0.0,0.0,0.8725553406404472,0.0,0.8506550218340612,0.8042965000129726,14,0.28242815506596886
0.6481481481481481,0.0,0.0,0.8725553406404472,0.0,0.8506550218340612,0.8042965000129726,28,0.34272462314707447
0.6481481481481481,0.0,0.0,0.8725553406404472,0.0,0.8506550218340612,0.8042965000129726,56,0.37581873452630915
0.6481481481481481,0.0,0.0,0.8725553406404472,0.0,0.8506550218340612,0.8042965000129726,90,0.39299257262841203
0.6481481481481481,0.0,0.0,0.8725553406404472,0.0,0.8506550218340612,0.8042965000129726,180,0.41016641073051485
0.7129629629629629,0.0,0.0,0.799484203739523,0.0,0.8436681222707424,0.7918428767869653,1,0.0785985145256824
0.7129629629629629,0.0,0.0,0.799484203739523,0.0,0.8436681222707424,0.7918428767869653,3,0.18427402927073863
0.7129629629629629,0.0,0.0,0.799484203739523,0.0,0.8436681222707424,0.7918428767869653,7,0.29107775235826877
0.7129629629629629,0.0,0.0,0.799484203739523,0.0,0.8436681222707424,0.7918428767869653,14,0.34999529913190636
0.7129629629629629,0.0,0.0,0.799484203739523,0.0,0.8436681222707424,0.7918428767869653,28,0.39299257262841203
0.6129629629629629,0.0,0.0,0.8252740167633785,0.0,0.8541484716157205,0.856186596788003,180,0.48889028173869437
0.6129629629629629,0.0,0.0,0.8252740167633785,0.0,0.8541484716157205,0.856186596788003,360,0.516970133818045
0.6462962962962963,0.0,0.0,0.8252740167633785,0.0,0.914410480349345,0.8364683600134915,3,0.18790936726315458
0.6129629629629629,0.0,0.0,0.8252740167633785,0.0,0.8541484716157205,0.856186596788003,3,0.1694819643360807
0.7074074074074074,0.0,0.0,0.799484203739523,0.0,0.914410480349345,0.7669356303349506,7,0.3008555579930427
0.7074074074074074,0.0,0.0,0.799484203739523,0.0,0.914410480349345,0.7669356303349506,28,0.4690839575041524
0.7074074074074074,0.0,0.0,0.799484203739523,0.0,0.9703056768558952,0.8136367174324781,7,0.143783885424175
0.5203703703703704,0.0,0.0,0.799484203739523,0.0,0.9641921397379912,0.803258698077472,28,0.28129994672349495
0.6277777777777778,0.0,0.0,0.7951859015688804,0.0,0.9336244541484716,0.7825026593674598,7,0.265254316963866
0.6277777777777778,0.0,0.0,0.7951859015688804,0.0,0.9336244541484716,0.7825026593674598,28,0.39913504027076996
0.5462962962962963,0.0,0.0,0.7951859015688804,0.0,0.9336244541484716,0.798069688399969,7,0.18552759409570965
0.5462962962962963,0.0,0.0,0.7951859015688804,0.0,0.9336244541484716,0.798069688399969,28,0.3156476229277006
0.44074074074074077,0.0,0.0,0.7951859015688804,0.0,0.9764192139737992,0.8188257271099811,28,0.21987527029991535
0.5481481481481482,0.0,0.0,0.8252740167633785,0.0,0.9475982532751092,0.7939184806579664,7,0.17800620514588358
0.5481481481481482,0.0,0.0,0.8252740167633785,0.0,0.9475982532751092,0.7939184806579664,28,0.2713967846062239
0.5481481481481482,0.0,0.0,0.8252740167633785,0.0,0.9475982532751092,0.7939184806579664,90,0.3684227020589802
0.6129629629629629,0.0,0.0,0.8252740167633785,0.0,0.7676855895196506,0.856186596788003,3,0.1694819643360807
0.6129629629629629,0.0,0.0,0.8252740167633785,0.0,0.8541484716157205,0.856186596788003,7,0.20382964054028643
0.6129629629629629,0.0,0.0,0.8252740167633785,0.0,0.8541484716157205,0.856186596788003,28,0.394246137453383
0.6129629629629629,0.0,0.0,0.8252740167633785,0.0,0.8541484716157205,0.856186596788003,90,0.4667021843367074
0.6462962962962963,0.0,0.0,0.8252740167633785,0.0,0.914410480349345,0.8364683600134915,7,0.2272713027672443
0.6462962962962963,0.0,0.0,0.8252740167633785,0.0,0.914410480349345,0.8364683600134915,28,0.41016641073051485
0.6462962962962963,0.0,0.0,0.8252740167633785,0.0,0.914410480349345,0.8364683600134915,90,0.49503274938105235
0.6462962962962963,0.0,0.0,0.8252740167633785,0.0,0.914410480349345,0.8364683600134915,180,0.5145883606506001
0.6462962962962963,0.0,0.0,0.8252740167633785,0.0,0.914410480349345,0.8364683600134915,360,0.528126860760287
0.5592592592592592,0.0,0.0,0.8725553406404472,0.0,0.8506550218340612,0.8478841813039982,14,0.2272713027672443
0.5592592592592592,0.0,0.0,0.8725553406404472,0.0,0.8506550218340612,0.8478841813039982,180,0.33520323419724835
0.9722222222222222,0.0,0.0,0.8123791102514507,0.0,0.982532751091703,0.6361725864618738,180,0.7762073396220501
0.9259259259259259,0.0,0.0,0.8596604341285193,0.0,0.982532751091703,0.6361725864618738,90,0.5919333103513115
0.9259259259259259,0.0,0.0,0.8596604341285193,0.0,0.982532751091703,0.6361725864618738,180,0.639819486665204
0.9259259259259259,0.0,0.0,0.8596604341285193,0.0,0.982532751091703,0.6361725864618738,270,0.6914663574540098
1.0,0.0,0.0,0.7436062755211692,0.0,0.982532751091703,0.6361725864618738,3,0.5219843931179291
0.4666666666666667,0.0,0.0,0.7951859015688804,0.0,0.9703056768558952,0.8136367174324781,7,0.17186373750352565
0.4666666666666667,0.0,0.0,0.7951859015688804,0.0,0.9703056768558952,0.8136367174324781,28,0.2468269140367921
0.6277777777777778,0.0,0.0,0.7951859015688804,0.0,0.925764192139738,0.7825026593674598,28,0.39675326710332504
0.7277777777777777,0.0,0.0,0.8252740167633785,0.0,0.8209606986899564,0.7866538671094622,3,0.23955623805196022
0.7277777777777777,0.0,0.0,0.8252740167633785,0.0,0.8209606986899564,0.7866538671094622,28,0.4961609577235262
0.7277777777777777,0.0,0.0,0.8252740167633785,0.0,0.8209606986899564,0.7866538671094622,90,0.6116142781033563
0.7074074074074074,0.0,0.0,0.7951859015688804,0.0,0.914410480349345,0.7669356303349506,7,0.3008555579930427
0.7074074074074074,0.0,0.0,0.7951859015688804,0.0,0.914410480349345,0.7669356303349506,28,0.4690839575041524
0.4666666666666667,0.0,0.0,0.799484203739523,0.0,0.9703056768558952,0.8136367174324781,7,0.143783885424175
0.4666666666666667,0.0,0.0,0.7951859015688804,0.0,0.9703056768558952,0.8136367174324781,28,0.2468269140367921
0.5740740740740741,0.0,0.0,0.8252740167633785,0.0,0.8471615720524017,0.8821316451755183,7,0.18790936726315458
0.5740740740740741,0.0,0.0,0.8252740167633785,0.0,0.8471615720524017,0.8821316451755183,28,0.34999529913190636
0.5740740740740741,0.0,0.0,0.8252740167633785,0.0,0.8471615720524017,0.8821316451755183,90,0.4347362812999467
0.5740740740740741,0.0,0.0,0.8252740167633785,0.0,0.8471615720524017,0.8821316451755183,180,0.4679557491616785
0.5740740740740741,0.0,0.0,0.8252740167633785,0.0,0.8471615720524017,0.8821316451755183,360,0.47773355479645235
0.9722222222222222,0.0,0.0,0.8123791102514507,0.0,0.982532751091703,0.6361725864618738,3,0.42370491084020173
0.9722222222222222,0.0,0.0,0.8123791102514507,0.0,0.982532751091703,0.6361725864618738,7,0.5317621987527029
0.9722222222222222,0.0,0.0,0.8123791102514507,0.0,0.982532751091703,0.6361725864618738,14,0.6067253752859694
0.9722222222222222,0.0,0.0,0.8123791102514507,0.0,0.982532751091703,0.6361725864618738,28,0.7012441630887837
0.9722222222222222,0.0,0.0,0.8123791102514507,0.0,0.982532751091703,0.6361725864618738,90,0.7368454041179604
0.9722222222222222,0.0,0.0,0.8123791102514507,0.0,0.982532751091703,0.6361725864618738,270,0.8412673540380456
0.5962962962962963,0.0,0.0,0.8725553406404472,0.0,0.8506550218340612,0.8302415484004878,14,0.260365414146479
0.5962962962962963,0.0,0.0,0.8725553406404472,0.0,0.8506550218340612,0.8302415484004878,28,0.3156476229277006
0.5962962962962963,0.0,0.0,0.8725553406404472,0.0,0.8506550218340612,0.8302415484004878,180,0.3709298317089222
0.5592592592592592,0.0,0.0,0.8725553406404472,0.0,0.8506550218340612,0.8478841813039982,28,0.2726503494311949
0.7351851851851852,0.0,0.0,0.7951859015688804,0.0,0.9082969432314411,0.7617466206574476,28,0.4900184900811683
0.8888888888888888,0.0,0.0,0.8252740167633785,0.0,0.8174672489082969,0.7482551954959397,3,0.30574446081042966
0.9666666666666667,0.0,0.0,0.6275521169138191,0.0,0.7825327510917031,0.9298705342085464,7,0.6331755930928578
0.9666666666666667,0.0,0.0,0.6275521169138191,0.0,0.7825327510917031,0.9298705342085464,28,0.9400482622457612
0.5055555555555555,0.2938090241343127,0.40979510244877565,0.9026434558349453,0.35294117647058826,0.7895196506550218,0.7057053161404147,28,0.46595004544172486
0.3,0.5316544246239944,0.7396301849075463,0.7693960885450248,0.7450980392156863,0.7318777292576419,0.7690112342059519,28,0.42320348491021337
0.2851851851851852,0.40293809024134314,0.559720139930035,0.9456264775413713,0.39215686274509803,0.8061135371179039,0.6828736735594012,28,0.20683819612021684
0.2722222222222222,0.3217908359566282,0.4447776111944028,0.8682570384698045,0.35294117647058826,0.7510917030567685,0.8603378045300055,28,0.25058760851170514
0.2814814814814815,0.4980762504372158,0.6946526736631684,0.7221147646679562,0.7058823529411765,0.8244541484716157,0.7212723451729238,28,0.45567081387696257
0.5740740740740741,0.40013990905911156,0.5547226386806597,0.7221147646679562,0.8627450980392157,0.7982532751091703,0.6756090600108969,28,0.42232598953273365
0.26666666666666666,0.0,0.8745627186406797,0.6791317429615302,0.7058823529411765,0.8235807860262009,0.8759048335625147,28,0.19329969601052993
0.562962962962963,0.39174536551241695,0.0,0.9198366645175157,0.23529411764705882,0.7816593886462883,0.7492929974314403,28,0.41894136450531194
0.6925925925925925,0.0,0.0,0.8166774124220934,0.27450980392156865,0.8847161572052402,0.7575954129154452,28,0.48951706415117985
0.29444444444444445,0.4169289961525009,0.5797101449275363,0.7522028798624544,0.5882352941176471,0.8323144104803494,0.747217393560439,28,0.3469867435519759
0.2833333333333333,0.6687653025533403,0.0,0.8596604341285193,0.23529411764705882,0.8751091703056768,0.709856523882417,28,0.3367075119872136
0.5740740740740741,0.40013990905911156,0.0,0.7221147646679562,0.39215686274509803,0.7982532751091703,0.8343927561424903,28,0.567864865711868
0.5648148148148148,0.0,0.49975012493753124,0.842467225445949,0.39215686274509803,0.8375545851528384,0.7316503645279299,28,0.3775737252812686
0.2796296296296296,0.0,0.9195402298850575,0.7178164624973137,0.47058823529411764,0.8655021834061135,0.8011830942064707,28,0.19518004324798643
0.26296296296296295,0.4672962574326688,0.6496751624187906,0.7479045776918118,0.43137254901960786,0.77117903930131,0.8146745193679786,28,0.559215268419568
0.5518518518518518,0.3833508219657223,0.5347326336831585,0.8639587362991619,0.23529411764705882,0.7668122270742358,0.6797602677528994,28,0.6709078943244853
0.5944444444444444,0.4589017138859741,0.0,0.8166774124220934,0.19607843137254902,0.759825327510917,0.803258698077472,28,0.7171644363659155
0.6777777777777778,0.5232598810772997,0.0,0.820975714592736,0.27450980392156865,0.719650655021834,0.7856160651739617,28,0.8262245761383934
0.5185185185185185,0.36096537250786986,0.49975012493753124,0.7393079733505266,0.35294117647058826,0.7205240174672489,0.8354305580779908,28,0.6621329405496881
0.4666666666666667,0.2714235746764603,0.37981009495252377,0.8338706211046637,0.3137254901960784,0.7292576419213974,0.8520353890460006,28,0.4186906515403177
0.3055555555555556,0.0,0.7496251874062969,0.7822909950569525,0.47058823529411764,0.8934497816593886,0.7565576109799446,28,0.22601773794227334
0.28888888888888886,0.6799580272822665,0.0,0.7736943907156674,0.43137254901960786,0.8925764192139738,0.7243857509794256,28,0.4683318186091698
0.2962962962962963,0.5260580622595313,0.7296351824087957,0.8725553406404472,0.43137254901960786,0.7240174672489083,0.736839374205433,28,0.4116706885204801
0.5518518518518518,0.0,0.5347326336831585,0.799484203739523,0.23529411764705882,0.7676855895196506,0.845808577432997,28,0.5345200413676392
0.5888888888888889,0.0,0.6296851574212894,0.9026434558349453,0.23529411764705882,0.7519650655021834,0.7648600264639495,28,0.5021780688833871
0.5314814814814814,0.3385799230500175,0.46976511744127936,0.8080808080808082,0.35294117647058826,0.7895196506550218,0.7223101471084244,28,0.5257450875928421
0.6037037037037037,0.4644980762504372,0.0,0.7479045776918118,0.35294117647058826,0.7703056768558952,0.8198635290454818,28,0.7675577423297502
0.6592592592592592,0.0,0.7096451774112944,0.8295723189340212,0.43137254901960786,0.6995633187772926,0.8074099058194744,28,0.5123319439656523
0.24444444444444444,0.5792235047219307,0.8045977011494253,0.7693960885450248,0.19607843137254902,0.7572052401746725,0.7638222245284488,28,0.4174370867153467
0.5962962962962963,0.4169289961525009,0.0,0.799484203739523,0.3137254901960784,0.8305676855895197,0.7358015722699324,28,0.6571186812498041
0.3037037037037037,0.0,0.9995002498750625,0.77799269288631,0.5098039215686274,0.7414847161572052,0.8779804374335158,28,0.1891629320881256
0.5814814814814815,0.0,0.5647176411794103,0.7307113690092414,0.39215686274509803,0.8078602620087336,0.8125989154969775,28,0.4821210316838509
0.5944444444444444,0.0,0.63968015992004,0.7822909950569525,0.43137254901960786,0.759825327510917,0.8094855096904756,28,0.46707825378419876
0.25925925925925924,0.4589017138859741,0.63968015992004,1.0,0.23529411764705882,0.7589519650655022,0.6807980696884001,28,0.4416308878372872
0.5333333333333333,0.3385799230500175,0.0,0.7607994842037396,0.27450980392156865,0.7930131004366813,0.8603378045300055,28,0.528126860760287
0.5518518518518518,0.0,0.5347326336831585,0.9026434558349453,0.43137254901960786,0.7685589519650655,0.7721246400124536,28,0.39951110971826126
0.49074074074074076,0.310598111227702,0.42978510744627685,0.8381689232753063,0.23529411764705882,0.7275109170305677,0.8198635290454818,28,0.520730828292958
0.2962962962962963,0.6995452955578874,0.0,0.7221147646679562,0.47058823529411764,0.9161572052401746,0.7140077316244196,28,0.49453132345106393
0.3074074074074074,0.7275271073802029,0.0,0.7865892972275952,0.5098039215686274,0.7502183406113537,0.8582622006590043,28,0.4752264251465103
0.5111111111111111,0.32458901713885974,0.4497751124437781,0.7736943907156674,0.35294117647058826,0.759825327510917,0.7970318864644683,28,0.5550785044971638
0.5962962962962963,0.0,0.5797101449275363,0.842467225445949,0.39215686274509803,0.714410480349345,0.8437329735619957,28,0.3908615124259613
0.2759259259259259,0.3889471843301854,0.5447276361819091,0.8295723189340212,0.23529411764705882,0.7790393013100436,0.8094855096904756,28,0.2969695070356326
0.29444444444444445,0.5232598810772997,0.0,0.756501182033097,0.43137254901960786,0.8646288209606987,0.8188257271099811,28,0.4106678366605032
0.48333333333333334,0.27981811822315494,0.3898050974512744,0.8639587362991619,0.35294117647058826,0.754585152838428,0.789767272915964,28,0.4061550032906076
0.4388888888888889,0.2574326687653026,0.3548225887056472,1.0,0.23529411764705882,0.7449781659388647,0.7212723451729238,28,0.3588956093892005
0.5796296296296296,0.0,0.5647176411794103,0.7650977863743822,0.3137254901960784,0.8751091703056768,0.7150455335599202,28,0.4613118555893321
0.28703703703703703,0.5120671563483735,0.0,0.8295723189340212,0.35294117647058826,0.914410480349345,0.723347949043925,28,0.22915165000470086
0.27037037037037037,0.6435816719132564,0.0,0.8682570384698045,0.11764705882352941,0.7222707423580786,0.9049632877565317,28,0.41442853113541633
0.5481481481481482,0.0,0.5347326336831585,0.9499247797120138,0.43137254901960786,0.7152838427947599,0.8074099058194744,28,0.39387006800589175
0.2462962962962963,0.5876180482686254,0.0,0.842467225445949,0.11764705882352941,0.8288209606986899,0.8250525387229848,28,0.3889811651885048
0.5796296296296296,0.40573627142357466,0.0,0.7650977863743822,0.3137254901960784,0.7572052401746725,0.8551487948525025,28,0.5564574258046319
0.2814814814814815,0.0,0.559720139930035,0.7908875993982378,0.3137254901960784,0.8663755458515284,0.8468463793684976,28,0.15268419568146915
0.2833333333333333,0.40573627142357466,0.5647176411794103,0.7650977863743822,0.3137254901960784,0.8751091703056768,0.7150455335599202,28,0.32041116926259045
0.25925925925925924,0.3721580972367961,0.5147426286856572,0.8596604341285193,0.27450980392156865,0.8,0.7814648574319591,28,0.45679902221943647
0.2759259259259259,0.6603707590066457,0.0,0.756501182033097,0.5098039215686274,0.7397379912663755,0.9267571284020445,28,0.4131749663104453
0.5555555555555556,0.0,0.5997001499250375,0.9112400601762305,0.39215686274509803,0.7668122270742358,0.7555198090444439,28,0.2988498542730891
0.2833333333333333,0.40573627142357466,0.5647176411794103,0.7650977863743822,0.3137254901960784,0.7572052401746725,0.8551487948525025,28,0.32881005358989623
0.2740740740740741,0.0,0.6846576711644178,0.6791317429615302,0.6274509803921569,0.8751091703056768,0.8613756064655061,28,0.2250148860822965
0.6037037037037037,0.0,0.6896551724137931,0.8553621319578767,0.43137254901960786,0.6995633187772926,0.8219391329164829,28,0.5099501707982074
0.2833333333333333,0.40573627142357466,0.0,0.7650977863743822,0.3137254901960784,0.8733624454148472,0.8530731909815013,28,0.23830267322698925
0.48518518518518516,0.310598111227702,0.42978510744627685,0.8381689232753063,0.19607843137254902,0.7816593886462883,0.760708818721947,28,0.42270205898022495
0.29259259259259257,0.0,0.974512743628186,0.9456264775413713,0.43137254901960786,0.7842794759825328,0.7399527800119348,28,0.10705443605252435
0.2796296296296296,0.0,0.9245377311344328,0.7178164624973137,0.6274509803921569,0.9379912663755459,0.7036297122694134,28,0.16872982544109813
0.5055555555555555,0.0,0.4497751124437781,0.8553621319578767,0.43137254901960786,0.8131004366812227,0.7908050748514647,28,0.40414929957065404
0.2759259259259259,0.33018537950332283,0.45977011494252873,0.7865892972275952,0.27450980392156865,0.8323144104803494,0.8094855096904756,28,0.29483844683318183
0.26481481481481484,0.4728926197971319,0.7146426786606697,0.820975714592736,0.3137254901960784,0.8445414847161572,0.6673066445268921,28,0.3725594659813845
0.48148148148148145,0.2826162994053865,0.3898050974512744,0.735009671179884,0.39215686274509803,0.8174672489082969,0.7918428767869653,28,0.6238992133880723
0.5796296296296296,0.45050717033927945,0.0,0.7650977863743822,0.39215686274509803,0.8008733624454148,0.7876916690449628,28,0.6573693942147982
0.5259259259259259,0.3357817418677859,0.0,0.7221147646679562,0.27450980392156865,0.8471615720524017,0.8240147367874842,28,0.5130840828606349
0.6222222222222222,0.0,0.0,0.7822909950569525,0.11764705882352941,0.8611353711790393,0.8478841813039982,28,0.5623491804819956
0.26851851851851855,0.0,0.6696651674162919,0.77799269288631,0.43137254901960786,0.8550218340611354,0.8426951716264951,28,0.16547055689617346
0.2777777777777778,0.6631689401888772,0.0,0.7479045776918118,0.47058823529411764,0.9336244541484716,0.7005163064629116,28,0.4692093139866495
0.26666666666666666,0.4756908009793634,0.6646676661669165,0.8252740167633785,0.3137254901960784,0.7109170305676856,0.8354305580779908,28,0.37443981321884107
0.6129629629629629,0.4756908009793634,0.0,0.8381689232753063,0.3137254901960784,0.7082969432314411,0.8323171522714891,28,0.7096430474160894
0.28703703703703703,0.0,0.7146426786606697,0.8295723189340212,0.35294117647058826,0.914410480349345,0.723347949043925,28,0.156194177191388
0.28703703703703703,0.5120671563483735,0.0,0.8295723189340212,0.35294117647058826,0.765938864628821,0.9008120800145293,28,0.29822307186060354
0.25,0.0,0.8295852073963019,0.7736943907156674,0.39215686274509803,0.8393013100436681,0.8354305580779908,28,0.1665987652386474
0.4925925925925926,0.31339629240993355,0.43478260869565216,0.7650977863743822,0.39215686274509803,0.7947598253275109,0.7731624419479542,28,0.49415525400357263
0.5814814814814815,0.40573627142357466,0.5647176411794103,0.7693960885450248,0.3137254901960784,0.7589519650655022,0.7160833354954208,28,0.5795230185840984
0.5796296296296296,0.40573627142357466,0.0,0.5458843756716097,0.3137254901960784,0.8733624454148472,0.8530731909815013,28,0.5580870600770942
0.27037037037037037,0.48408534452605806,0.0,0.7822909950569525,0.11764705882352941,0.8611353711790393,0.8478841813039982,28,0.29759628944811806
0.26666666666666666,0.3805526407834907,0.5297351324337831,0.7650977863743822,0.27450980392156865,0.8218340611353712,0.803258698077472,28,0.32768184524742233
0.2740740740740741,0.0,0.9095452273863068,0.77799269288631,0.5882352941176471,0.7327510917030567,0.9174169109825391,28,0.19455326083550092
0.512962962962963,0.3273871983210913,0.4547726136931534,0.820975714592736,0.27450980392156865,0.8262008733624454,0.6911760890434061,28,0.5461781942398696
0.5518518518518518,0.0,0.5347326336831585,0.7049215559853859,0.5098039215686274,0.8323144104803494,0.8136367174324781,28,0.4495283462346046
0.5796296296296296,0.40573627142357466,0.0,0.7650977863743822,0.3137254901960784,0.8751091703056768,0.7150455335599202,28,0.5145883606506001
0.28703703703703703,0.5148653375306051,0.7146426786606697,0.8338706211046637,0.35294117647058826,0.7685589519650655,0.7254235529149262,28,0.3634084427590961
0.5351851851851852,0.3749562784190276,0.0,0.8381689232753063,0.23529411764705882,0.8069868995633188,0.7887294709804634,28,0.5796483750665956
0.2740740740740741,0.48968170689052115,0.0,0.735009671179884,0.0784313725490196,0.8733624454148472,0.8593000025945049,28,0.33745965088219626
0.26851851851851855,0.0,0.894552723638181,0.8682570384698045,0.3137254901960784,0.719650655021834,0.9018498819500299,28,0.13212573255194457
0.5796296296296296,0.0,0.0,0.7650977863743822,0.3137254901960784,0.8733624454148472,0.8530731909815013,28,0.3146447710677238
0.2518518518518518,0.453305351521511,0.6296851574212894,0.7393079733505266,0.39215686274509803,0.8061135371179039,0.7928806787224659,28,0.36441129461907296
0.28703703703703703,0.0,0.7146426786606697,0.8295723189340212,0.35294117647058826,0.765938864628821,0.9008120800145293,28,0.12209721395217649
0.4722222222222222,0.2770199370409234,0.3848075962018991,0.8123791102514507,0.23529411764705882,0.8026200873362446,0.7773136496899568,28,0.42370491084020173
0.3,0.5792235047219307,0.8595702148925537,0.9284332688588008,0.39215686274509803,0.7179039301310044,0.662117634849389,28,0.4994202262684509
0.2518518518518518,0.5484435117173837,0.4897551224387806,0.8553621319578767,0.23529411764705882,0.7397379912663755,0.8125989154969775,28,0.3380864332946817
0.3037037037037037,0.45610353270374254,0.63968015992004,0.8467655276165915,0.3137254901960784,0.8393013100436681,0.6652310406558909,28,0.34134570183960633
0.3,0.5988107729975516,0.8195902048975513,0.8682570384698045,0.39215686274509803,0.7161572052401747,0.7057053161404147,28,0.3842176188536149
0.29074074074074074,0.5988107729975516,0.7596201899050475,0.8596604341285193,0.35294117647058826,0.7152838427947599,0.7306125625924292,28,0.41430317465291916
0.2759259259259259,0.4281217208814271,0.9695152423788106,0.8252740167633785,0.3137254901960784,0.8165938864628821,0.6465506058168798,28,0.30812623397787453
0.25,0.2938090241343127,0.9645177411294353,0.842467225445949,0.23529411764705882,0.8427947598253275,0.6673066445268921,28,0.27465605315114855
0.29444444444444445,0.5848198670863939,0.8045977011494253,0.8639587362991619,0.27450980392156865,0.7406113537117904,0.694289494849908,28,0.3871008179510482
0.26666666666666666,0.04197271773347324,0.974512743628186,0.756501182033097,0.23529411764705882,0.891703056768559,0.7358015722699324,28,0.19229684415055312
0.2851851851851852,0.48688352570828963,0.9245377311344328,0.980012894906512,0.27450980392156865,0.7379912663755459,0.6351347845263732,28,0.3051176783979441
0.30925925925925923,0.5232598810772997,0.974512743628186,0.7951859015688804,0.27450980392156865,0.7842794759825328,0.6600420309783879,28,0.29947663668557456
0.34074074074074073,0.24064358167191324,0.9495252373813093,0.915538362346873,0.23529411764705882,0.8061135371179039,0.6465506058168798,28,0.2874424143658529
0.28888888888888886,0.4980762504372158,0.9345327336331835,0.9499247797120138,0.27450980392156865,0.7458515283842795,0.6372103883973744,28,0.3686734150239744
0.4387037037037037,0.2565932144106331,0.35732133933033483,1.0,0.23529411764705882,0.7448908296943231,0.7216874659471241,28,0.3588956093892005
0.5801851851851852,0.0,0.5647176411794103,0.7672469374597035,0.3137254901960784,0.8750218340611353,0.71473419297927,28,0.4613118555893321
0.2866666666666667,0.5131864288212662,0.0,0.8308618095852139,0.3568627450980392,0.914759825327511,0.7230366084632749,28,0.22927700648719793
0.2701851851851852,0.6449807625043722,0.0,0.8704061895551258,0.13333333333333333,0.7222707423580786,0.9047557273694316,28,0.41016641073051485
0.5481481481481482,0.0,0.5332333833083459,0.9516441005802709,0.4117647058823529,0.7154585152838429,0.8078250265936746,28,0.39387006800589175
0.24648148148148147,0.5881776845050717,0.0,0.8411777347947561,0.12156862745098039,0.8291703056768559,0.8253638793036349,28,0.36278166034661063
0.5801851851851852,0.40573627142357466,0.0,0.7672469374597035,0.3137254901960784,0.7573799126637555,0.8551487948525025,28,0.5130840828606349
0.28074074074074074,0.0,0.5592203898050975,0.7926069202664948,0.30980392156862746,0.8663755458515284,0.8467425991749475,28,0.15268419568146915
0.2835185185185185,0.40573627142357466,0.5647176411794103,0.7672469374597035,0.3137254901960784,0.8750218340611353,0.71473419297927,28,0.32041116926259045
0.25907407407407407,0.37103882476390343,0.5162418790604698,0.8609499247797121,0.2901960784313726,0.8,0.7818799782061594,28,0.45679902221943647
0.27685185185185185,0.6603707590066457,0.0,0.7556415215989686,0.4941176470588235,0.7395633187772925,0.9264457878213944,28,0.4131749663104453
0.5551851851851852,0.0,0.5987006496751625,0.9090909090909092,0.38823529411764707,0.7669868995633188,0.7551046882702437,28,0.2988498542730891
0.2835185185185185,0.40573627142357466,0.5647176411794103,0.7672469374597035,0.3137254901960784,0.7573799126637555,0.8551487948525025,28,0.32881005358989623
0.27425925925925926,0.0,0.6826586706646677,0.6795615731785944,0.6313725490196079,0.8749344978165938,0.8614793866590562,28,0.22514024256479362
0.6046296296296296,0.0,0.6891554222888556,0.8553621319578767,0.42352941176470593,0.6996506550218341,0.8224580338842332,28,0.48425209188630164
0.28277777777777774,0.4048968170689052,0.0,0.7655276165914464,0.3137254901960784,0.8731004366812227,0.8532807513686014,28,0.23830267322698925
0.48499999999999993,0.3091990206365862,0.4302848575712144,0.8398882441435634,0.19607843137254902,0.7818340611353712,0.7602936979477467,28,0.42270205898022495
0.29333333333333333,0.0,0.9740129935032484,0.9443369868901784,0.43137254901960786,0.7840174672489083,0.7398489998183847,28,0.10705443605252435
0.27907407407407403,0.0,0.9260369815092455,0.7165269718461208,0.6117647058823529,0.9384279475982533,0.7036297122694134,28,0.16872982544109813
0.5048148148148148,0.0,0.44777611194402794,0.8540726413066839,0.4156862745098039,0.8133624454148471,0.7910126352385648,28,0.4042746560531511
0.2759259259259259,0.3290661070304302,0.45827086456771615,0.786159467010531,0.2784313725490196,0.8326637554585152,0.8097968502711258,28,0.29483844683318183
0.26481481481481484,0.4740118922700245,0.7131434282858571,0.8196862239415431,0.32941176470588235,0.8448908296943232,0.6678255454946423,28,0.3726848224638816
0.4812962962962963,0.28149702693249384,0.39180409795102455,0.7332903503116269,0.40784313725490196,0.8172052401746726,0.7917390965934151,28,0.6238992133880723
0.5794444444444444,0.4491080797481637,0.0,0.7633784655061251,0.3764705882352941,0.8005240174672489,0.7882105700127131,28,0.6574947506972953
0.5259259259259259,0.3349422875131165,0.0,0.7234042553191491,0.2823529411764706,0.8475109170305677,0.8242222971745843,28,0.5130840828606349
0.6231481481481481,0.0,0.0,0.7818611648398883,0.13333333333333333,0.8609606986899563,0.847676620916898,28,0.5624745369644927
0.2681481481481482,0.0,0.6676661669165417,0.7771330324521815,0.43529411764705883,0.8554585152838428,0.8421762706587448,28,0.16547055689617346
0.2777777777777778,0.662609303952431,0.0,0.7470449172576833,0.4666666666666667,0.933886462882096,0.7003087460758114,28,0.4692093139866495
0.2661111111111111,0.4762504372158097,0.6626686656671664,0.8235546958951215,0.3333333333333333,0.7110043668122271,0.835741898658641,28,0.37443981321884107
0.612037037037037,0.4745715285064708,0.0,0.8377390930582421,0.3176470588235294,0.7082969432314411,0.8326284928521391,28,0.7097684038985865
0.2866666666666667,0.0,0.7136431784107947,0.8308618095852139,0.3568627450980392,0.914759825327511,0.7230366084632749,28,0.156194177191388
0.2866666666666667,0.5131864288212662,0.0,0.8308618095852139,0.3568627450980392,0.766113537117904,0.9005007394338792,28,0.29822307186060354
0.2494444444444444,0.0,0.8280859570214892,0.7745540511497958,0.39215686274509803,0.8393013100436681,0.8353267778844408,28,0.1665987652386474
0.49296296296296294,0.314235746764603,0.43728135932033985,0.764667956157318,0.40784313725490196,0.7944978165938865,0.7726435409802039,28,0.49415525400357263
0.5814814814814815,0.4065757257782442,0.5657171414292854,0.7689662583279605,0.3137254901960784,0.7590393013100437,0.7162908958825209,28,0.5795230185840984
0.5790740740740741,0.4048968170689052,0.0,0.5471738663228025,0.3137254901960784,0.8731004366812227,0.8532807513686014,28,0.5580870600770942
0.2698148148148148,0.48296607205316544,0.0,0.7818611648398883,0.13333333333333333,0.8609606986899563,0.847676620916898,28,0.29759628944811806
0.2662962962962963,0.38139209513816025,0.5307346326836582,0.7655276165914464,0.29411764705882354,0.8222707423580786,0.8035700386581222,28,0.3278072017299194
0.27425925925925926,0.0,0.9100449775112444,0.779712013754567,0.5882352941176471,0.7326637554585153,0.9177282515631892,28,0.19467861731799804
0.512962962962963,0.326827562084645,0.4547726136931534,0.8192563937244789,0.27450980392156865,0.8266375545851529,0.6907609682692059,28,0.5463035507223667
0.5520370370370371,0.0,0.5372313843078461,0.7032022351171288,0.5019607843137255,0.8324890829694324,0.8136367174324781,28,0.4496537027171017
0.5801851851851852,0.40573627142357466,0.0,0.7672469374597035,0.3137254901960784,0.8750218340611353,0.71473419297927,28,0.5145883606506001
0.2874074074074074,0.514585519412382,0.7156421789105447,0.8330109606705353,0.3607843137254902,0.7682096069868996,0.7249046519471759,28,0.3634084427590961
0.5351851851851852,0.37411682406435814,0.0,0.8377390930582421,0.21568627450980393,0.8070742358078603,0.7888332511740135,28,0.5797737315490927
0.2737037037037037,0.4899615250087443,0.0,0.7358693316140125,0.08627450980392158,0.8733624454148472,0.8598189035622552,28,0.33745965088219626
0.26925925925925925,0.0,0.8940529735132434,0.8669675478186117,0.30588235294117644,0.719650655021834,0.9015385413693797,28,0.13212573255194457
0.5790740740740741,0.0,0.0,0.7655276165914464,0.3137254901960784,0.8731004366812227,0.8532807513686014,28,0.3146447710677238
0.2525925925925926,0.4521860790486184,0.6286856571714143,0.7375886524822696,0.40784313725490196,0.805764192139738,0.7932957994966661,28,0.36441129461907296
0.2866666666666667,0.0,0.7136431784107947,0.8308618095852139,0.3568627450980392,0.766113537117904,0.9005007394338792,28,0.12209721395217649
0.4727777777777778,0.2764603008044771,0.3848075962018991,0.8106597893831937,0.2549019607843137,0.8026200873362446,0.7776249902706068,28,0.42370491084020173
0.5051851851851852,0.29408884225253584,0.40879560219890054,0.9013539651837524,0.35294117647058826,0.7895196506550218,0.7053939755597645,28,0.46595004544172486
0.3,0.5319342427422176,0.7401299350324837,0.7685364281108963,0.7372549019607844,0.7319650655021834,0.7694263549801521,28,0.42320348491021337
0.28444444444444444,0.4034977264777894,0.5612193903048476,0.9460563077584355,0.396078431372549,0.806288209606987,0.6827698933658511,28,0.20683819612021684
0.2712962962962963,0.32067156348373554,0.44627686156921537,0.8678272082527403,0.3450980392156863,0.7510917030567685,0.8608567054977558,28,0.25058760851170514
0.28111111111111114,0.49835606855543896,0.6931534232883558,0.7199656135826349,0.7176470588235294,0.8244541484716157,0.7208572243987236,28,0.45567081387696257
0.5738888888888889,0.3995802728226653,0.5557221389305348,0.7212551042338278,0.8666666666666667,0.7981659388646288,0.6758166203979972,28,0.47911247610392044
0.2659259259259259,0.0,0.8740629685157422,0.6808510638297873,0.7019607843137254,0.8233187772925764,0.876423734530265,28,0.19329969601052993
0.5622222222222223,0.3914655473941938,0.0,0.9176875134321943,0.24313725490196078,0.7820960698689956,0.7498118983991906,28,0.41894136450531194
0.6931481481481482,0.0,0.0,0.8175370728562218,0.2627450980392157,0.8848908296943232,0.7580105336896453,28,0.489642420633677
0.2937037037037037,0.41664917803427776,0.5797101449275363,0.7526327100795186,0.5882352941176471,0.8325764192139737,0.746906052979789,28,0.3469867435519759
0.28259259259259256,0.6679258481986708,0.0,0.8596604341285193,0.24705882352941175,0.8749344978165938,0.709752743688867,28,0.3367075119872136
0.5740740740740741,0.3995802728226653,0.0,0.721684934450892,0.39215686274509803,0.7985152838427947,0.8343927561424903,28,0.567864865711868
0.5644444444444444,0.0,0.4977511244377811,0.842467225445949,0.3843137254901961,0.8379039301310044,0.7318579249150301,28,0.3775737252812686
0.27944444444444444,0.0,0.91904047976012,0.7160971416290566,0.4549019607843137,0.8656768558951965,0.801390654593571,28,0.19518004324798643
0.2627777777777778,0.4661769849597761,0.648175912043978,0.7457554266064905,0.4274509803921569,0.7708296943231441,0.8149858599486288,28,0.559215268419568
0.5514814814814815,0.38391045820216857,0.534232883558221,0.8652482269503547,0.23529411764705882,0.7671615720524018,0.6800716083335495,28,0.6709078943244853
0.595,0.4594613501224204,0.0,0.8188265635074147,0.1803921568627451,0.759825327510917,0.803258698077472,28,0.7172897928484125
0.6777777777777778,0.5232598810772997,0.0,0.8222652052439288,0.2588235294117647,0.7199126637554585,0.7855122849804115,28,0.8262245761383934
0.5181481481481481,0.3606855543896467,0.5017491254372815,0.7410272942187837,0.37254901960784315,0.7206113537117904,0.8353267778844408,28,0.6622582970321852
0.46685185185185185,0.2717033927946834,0.3778110944527736,0.8330109606705353,0.3254901960784314,0.7296943231441048,0.8524505098202009,28,0.4186906515403177
0.3048148148148148,0.0,0.751624187906047,0.7805716741886956,0.4588235294117647,0.8937117903930131,0.7564538307863945,28,0.22601773794227334
0.28814814814814815,0.6813571178733823,0.0,0.7749838813668602,0.41960784313725485,0.8925764192139738,0.7240744103987755,28,0.4683318186091698
0.29666666666666663,0.5260580622595313,0.7316341829085458,0.8734150010745756,0.4431372549019608,0.7237554585152839,0.7365280336247828,28,0.4426337396972641
0.5520370370370371,0.0,0.5347326336831585,0.80120352460778,0.2392156862745098,0.7676855895196506,0.8460161378200971,28,0.5345200413676392
0.5887037037037036,0.0,0.632183908045977,0.9013539651837524,0.2235294117647059,0.751528384279476,0.7644449056897492,28,0.5021780688833871
0.5320370370370371,0.33718083245890174,0.4692653673163419,0.8063614872125511,0.3607843137254902,0.7898689956331878,0.7222063669148743,28,0.5490613933373029
0.602962962962963,0.4656173487233298,0.0,0.7479045776918118,0.3490196078431373,0.7699563318777293,0.8198635290454818,28,0.7676830988122473
0.659074074074074,0.0,0.7076461769115442,0.8308618095852139,0.43137254901960786,0.6999126637554585,0.8078250265936746,28,0.5123319439656523
0.24444444444444444,0.577824414130815,0.8040979510244878,0.7689662583279605,0.21568627450980393,0.757117903930131,0.7634071037542486,28,0.41756244319784386
0.5972222222222222,0.4158097236796082,0.0,0.7986245433053945,0.3333333333333333,0.8305676855895197,0.7363204732376827,28,0.6572440377323011
0.30407407407407405,0.0,1.0,0.7788523533204385,0.4941176470588235,0.7417467248908296,0.8779804374335158,28,0.1891629320881256
0.5811111111111111,0.0,0.5627186406796602,0.7302815387921772,0.396078431372549,0.808122270742358,0.8124951353034274,28,0.4821210316838509
0.5951851851851852,0.0,0.6391804097951025,0.7844401461422739,0.45098039215686275,0.7599126637554585,0.8091741691098255,28,0.46720361026669593
0.25870370370370366,0.458621895767751,0.6381809095452274,1.0,0.22745098039215686,0.7586026200873363,0.6803829489141998,28,0.4416308878372872
0.534074074074074,0.3385799230500175,0.0,0.7625188050719967,0.27450980392156865,0.7929257641921397,0.8608567054977558,28,0.5282522172427842
0.5522222222222222,0.0,0.5347326336831585,0.9013539651837524,0.43529411764705883,0.7682096069868996,0.7723322003995539,28,0.3996364662007584
0.4898148148148148,0.310598111227702,0.43228385807096453,0.8403180743606277,0.23137254901960785,0.7271615720524017,0.8202786498196819,28,0.520730828292958
0.2959259259259259,0.6995452955578874,0.0,0.7238340855362133,0.4784313725490196,0.9164192139737991,0.7142152920115197,28,0.49465667993356105
0.3074074074074074,0.7266876530255334,0.0,0.7874489576617236,0.49803921568627446,0.7500436681222707,0.8580546402719041,28,0.4753517816290075
0.5118518518518518,0.32458901713885974,0.4512743628185907,0.7719750698474104,0.3490196078431373,0.7599126637554585,0.7973432270451184,28,0.5550785044971638
0.5966666666666667,0.0,0.5777111444277861,0.842467225445949,0.40784313725490196,0.7143231441048035,0.844148094336196,28,0.3908615124259613
0.275,0.390066456803078,0.5427286356821589,0.8282828282828283,0.2392156862745098,0.7793886462882096,0.8094855096904756,28,0.29709486351812964
0.29462962962962963,0.5224204267226302,0.0,0.7547818611648399,0.4431372549019608,0.8642794759825327,0.8187219469164311,28,0.4107931931430004
0.4831481481481481,0.2812172088142707,0.391304347826087,0.8622394154309049,0.3372549019607843,0.7550218340611353,0.7902861738837144,28,0.4061550032906076
