cement,blast_furnace_slag,fly_ash,water,superplasticizer,coarse_aggregate,fine_aggregate ,age,concrete_compressive_strength
2.4779148658211825,-0.8569712082264987,-0.847143931595683,-0.9212107623644009,-0.6309063216681667,0.8631542435217113,-1.221406405188275,28,2.634953476720896
2.4779148658211825,-0.8569712082264987,-0.847143931595683,-0.9212107623644009,-0.6309063216681667,1.0561641947097453,-1.221406405188275,28,1.5630759138778263
0.49142531024224967,0.7956917819519416,-0.847143931595683,2.189832834016641,-1.0619676086283474,-0.5265174050321336,-2.24927739602329,270,0.267172493848907
0.49142531024224967,0.7956917819519416,-0.847143931595683,2.189832834016641,-1.0619676086283474,-0.5265174050321336,-2.24927739602329,365,0.31392571621812765
-0.7904587933337461,0.6785556682621012,-0.847143931595683,0.4928999632633455,-1.0619676086283474,0.0705267106428513,0.6525779012731245,360,0.5087308094232149
-0.14520869190714328,0.4651591839162535,-0.847143931595683,2.189832834016641,-1.0619676086283474,-0.5265174050321336,-1.296616477688398,90,0.6723670877154886
0.9461638832061018,0.24480411855912812,-0.847143931595683,2.189832834016641,-1.0619676086283474,-0.5265174050321336,-2.24927739602329,365,0.4727667922161223
0.9461638832061018,0.24480411855912812,-0.847143931595683,2.189832834016641,-1.0619676086283474,-0.5265174050321336,-2.24927739602329,28,0.03820158429708127
-0.14520869190714328,0.4651591839162535,-0.847143931595683,2.189832834016641,-1.0619676086283474,-0.5265174050321336,-1.296616477688398,28,0.6016378538748722
1.855641029133806,-0.8569712082264987,-0.847143931595683,2.189832834016641,-1.0619676086283474,-0.5265174050321336,-2.24927739602329,28,0.20843126574398815
-0.7904587933337461,0.6785556682621012,-0.847143931595683,0.4928999632633455,-1.0619676086283474,0.0705267106428513,0.6525779012731245,90,0.13530443075623236
-0.7904587933337461,0.6785556682621012,-0.847143931595683,0.4928999632633455,-1.0619676086283474,0.0705267106428513,0.6525779012731245,28,-0.4670928574625762
1.400902456169954,-0.30608354483368533,-0.847143931595683,2.189832834016641,-1.0619676086283474,-0.5265174050321336,-2.24927739602329,270,0.431408172427965
-0.8727904086493067,1.346579445344755,-0.847143931595683,2.189832834016641,-1.0619676086283474,-0.5265174050321336,-1.296616477688398,90,0.39064895292659285
0.21858216646393838,0.024449053202002732,-0.847143931595683,2.189832834016641,-1.0619676086283474,-0.5265174050321336,-1.296616477688398,28,0.7191203100847096
0.9461638832061018,-0.8569712082264987,-0.847143931595683,2.189832834016641,-1.0619676086283474,-0.5265174050321336,-1.296616477688398,90,1.0248144563450001
-1.355291968173057,1.571573564709399,-0.847143931595683,0.4928999632633455,-1.0619676086283474,0.9532255540761272,0.4194266765227428,90,0.21262706775148235
0.5823730248350201,-0.416261077512248,-0.847143931595683,2.189832834016641,-1.0619676086283474,-0.5265174050321336,-1.296616477688398,365,1.218420748976518
0.9461638832061018,0.24480411855912812,-0.847143931595683,2.189832834016641,-1.0619676086283474,-0.5265174050321336,-2.24927739602329,90,0.2845551021656686
1.855641029133806,-0.8569712082264987,-0.847143931595683,2.189832834016641,-1.0619676086283474,-0.5265174050321336,-2.24927739602329,180,0.40803156124335443
1.400902456169954,-0.30608354483368533,-0.847143931595683,2.189832834016641,-1.0619676086283474,-0.5265174050321336,-2.24927739602329,180,0.36127833887413385
-1.355291968173057,1.571573564709399,-0.847143931595683,0.4928999632633455,-1.0619676086283474,0.9532255540761272,0.4194266765227428,28,-0.45390605115330884
-1.355291968173057,1.571573564709399,-0.847143931595683,0.4928999632633455,-1.0619676086283474,0.9532255540761272,0.4194266765227428,3,-1.6634958298852047
-1.355291968173057,1.571573564709399,-0.847143931595683,0.4928999632633455,-1.0619676086283474,0.9532255540761272,0.4194266765227428,180,0.5033362068421512
0.9461638832061018,-0.8569712082264987,-0.847143931595683,2.189832834016641,-1.0619676086283474,-0.5265174050321336,-1.296616477688398,365,1.00143784516039
0.9461638832061018,-0.8569712082264987,-0.847143931595683,2.189832834016641,-1.0619676086283474,-0.5265174050321336,-1.296616477688398,270,1.0481910675296107
0.9461638832061018,0.24480411855912812,-0.847143931595683,2.189832834016641,-1.0619676086283474,-0.5265174050321336,-2.24927739602329,270,0.31991971908597655
0.5823730248350201,-0.416261077512248,-0.847143931595683,2.189832834016641,-1.0619676086283474,-0.5265174050321336,-1.296616477688398,180,0.9774618336889944
1.400902456169954,-0.30608354483368533,-0.847143931595683,2.189832834016641,-1.0619676086283474,-0.5265174050321336,-2.24927739602329,28,0.09694281240199973
1.855641029133806,-0.8569712082264987,-0.847143931595683,2.189832834016641,-1.0619676086283474,-0.5265174050321336,-2.24927739602329,7,0.16707264595583127
0.21858216646393838,0.024449053202002732,-0.847143931595683,2.189832834016641,-1.0619676086283474,-0.5265174050321336,-1.296616477688398,365,1.165673523739448
-0.14520869190714328,0.4651591839162535,-0.847143931595683,2.189832834016641,-1.0619676086283474,-0.5265174050321336,-1.296616477688398,365,1.0248144563450001
-0.7904587933337461,0.6785556682621012,-0.847143931595683,0.4928999632633455,-1.0619676086283474,0.0705267106428513,0.6525779012731245,180,0.354085535432715
1.855641029133806,-0.8569712082264987,-0.847143931595683,2.189832834016641,-1.0619676086283474,-0.5265174050321336,-2.24927739602329,270,0.37866094719089544
-0.8727904086493067,1.346579445344755,-0.847143931595683,2.189832834016641,-1.0619676086283474,-0.5265174050321336,-1.296616477688398,365,1.0715676787142212
-0.41805183568545456,1.8974671087375683,-0.847143931595683,2.189832834016641,-1.0619676086283474,-0.5265174050321336,-2.24927739602329,270,0.1556840405069182
-0.41805183568545456,1.8974671087375683,-0.847143931595683,2.189832834016641,-1.0619676086283474,-0.5265174050321336,-2.24927739602329,28,-0.34361639838489016
0.49142531024224967,0.7956917819519416,-0.847143931595683,2.189832834016641,-1.0619676086283474,-0.5265174050321336,-2.24927739602329,90,0.11432542071876131
1.855641029133806,-0.8569712082264987,-0.847143931595683,2.189832834016641,-1.0619676086283474,-0.5265174050321336,-2.24927739602329,90,0.38465495005874395
-0.41805183568545456,1.8974671087375683,-0.847143931595683,2.189832834016641,-1.0619676086283474,-0.5265174050321336,-2.24927739602329,180,0.02621357856138342
0.5823730248350201,-0.416261077512248,-0.847143931595683,2.189832834016641,-1.0619676086283474,-0.5265174050321336,-1.296616477688398,90,0.8779613860827038
1.400902456169954,-0.30608354483368533,-0.847143931595683,2.189832834016641,-1.0619676086283474,-0.5265174050321336,-2.24927739602329,365,0.4727667922161223
-0.41805183568545456,1.8974671087375683,-0.847143931595683,2.189832834016641,-1.0619676086283474,-0.5265174050321336,-2.24927739602329,365,0.19104865742722654
0.9461638832061018,-0.8569712082264987,-0.847143931595683,2.189832834016641,-1.0619676086283474,-0.5265174050321336,-1.296616477688398,180,1.0362030617939133
1.400902456169954,-0.30608354483368533,-0.847143931595683,2.189832834016641,-1.0619676086283474,-0.5265174050321336,-2.24927739602329,90,0.3432963302705871
1.400902456169954,-0.30608354483368533,-0.847143931595683,2.189832834016641,-1.0619676086283474,-0.5265174050321336,-2.24927739602329,7,-0.043916254992448125
0.6493871303244299,-0.8569712082264987,-0.847143931595683,0.4928999632633455,-1.0619676086283474,0.9532255540761272,0.4194266765227428,3,-1.2445150294225709
0.9461638832061018,0.24480411855912812,-0.847143931595683,2.189832834016641,-1.0619676086283474,-0.5265174050321336,-2.24927739602329,180,0.29654310790136607
-0.41805183568545456,1.8974671087375683,-0.847143931595683,2.189832834016641,-1.0619676086283474,-0.5265174050321336,-2.24927739602329,7,-0.5725873079367158
0.9461638832061018,0.24480411855912812,-0.847143931595683,2.189832834016641,-1.0619676086283474,-0.5265174050321336,-2.24927739602329,7,-0.1793807198058318
0.49142531024224967,0.7956917819519416,-0.847143931595683,2.189832834016641,-1.0619676086283474,-0.5265174050321336,-2.24927739602329,180,0.2378018797964476
-0.8727904086493067,1.346579445344755,-0.847143931595683,2.189832834016641,-1.0619676086283474,-0.5265174050321336,-1.296616477688398,180,0.6663730848476397
-0.41805183568545456,1.8974671087375683,-0.847143931595683,2.189832834016641,-1.0619676086283474,-0.5265174050321336,-2.24927739602329,90,-0.16139871120228547
0.21858216646393838,0.024449053202002732,-0.847143931595683,2.189832834016641,-1.0619676086283474,-0.5265174050321336,-1.296616477688398,90,0.8018375496610234
-1.355291968173057,1.571573564709399,-0.847143931595683,0.4928999632633455,-1.0619676086283474,0.9532255540761272,0.4194266765227428,7,-1.2720874426146755
-0.7904587933337461,0.6785556682621012,-0.847143931595683,0.4928999632633455,-1.0619676086283474,0.0705267106428513,0.6525779012731245,7,-1.269090441180751
1.855641029133806,-0.8569712082264987,-0.847143931595683,2.189832834016641,-1.0619676086283474,-0.5265174050321336,-2.24927739602329,365,0.3666729414551976
-0.7904587933337461,0.6785556682621012,-0.847143931595683,0.4928999632633455,-1.0619676086283474,0.0705267106428513,0.6525779012731245,3,-1.5993599991992222
0.21858216646393838,0.024449053202002732,-0.847143931595683,2.189832834016641,-1.0619676086283474,-0.5265174050321336,-1.296616477688398,180,0.9073320001351632
0.49142531024224967,0.7956917819519416,-0.847143931595683,2.189832834016641,-1.0619676086283474,-0.5265174050321336,-2.24927739602329,28,-0.16739271407013395
0.21858216646393838,0.024449053202002732,-0.847143931595683,2.189832834016641,-1.0619676086283474,-0.5265174050321336,-1.296616477688398,270,1.1129262985023785
-0.14520869190714328,0.4651591839162535,-0.847143931595683,2.189832834016641,-1.0619676086283474,-0.5265174050321336,-1.296616477688398,270,0.9540852225043839
0.2760228283120039,-0.8569712082264987,-0.847143931595683,0.4928999632633455,-1.0619676086283474,-0.024691531943245193,0.9672067045653063,3,-1.555004377977141
-0.8727904086493067,1.346579445344755,-0.847143931595683,2.189832834016641,-1.0619676086283474,-0.5265174050321336,-1.296616477688398,270,0.8899493918184013
-0.14520869190714328,0.4651591839162535,-0.847143931595683,2.189832834016641,-1.0619676086283474,-0.5265174050321336,-1.296616477688398,180,0.7724669356085643
0.5823730248350201,-0.416261077512248,-0.847143931595683,2.189832834016641,-1.0619676086283474,-0.5265174050321336,-1.296616477688398,270,1.1536855180037506
-1.355291968173057,1.571573564709399,-0.847143931595683,0.4928999632633455,-1.0619676086283474,0.9532255540761272,0.4194266765227428,360,0.5327068208946106
0.49142531024224967,0.7956917819519416,-0.847143931595683,2.189832834016641,-1.0619676086283474,-0.5265174050321336,-2.24927739602329,7,-0.3316283926491923
-0.8727904086493067,1.346579445344755,-0.847143931595683,2.189832834016641,-1.0619676086283474,-0.5265174050321336,-1.296616477688398,28,0.30253711076921497
1.9513754655472484,-0.8569712082264987,-0.847143931595683,-1.6754031493658657,-1.0619676086283474,1.892540649857893,0.33293509314760156,28,2.1684702035305587
0.8887232213580362,1.337301337329718,-0.847143931595683,-0.5394008664449096,0.6795199906907826,-0.6024346524994267,-0.20983093006161926,3,-0.08467547449382022
0.3076151923284401,2.183928693701831,-0.847143931595683,-0.284860935831915,0.42088321851467414,0.9519388210682082,-2.026154180939592,3,-0.4203396350933552
1.3769688470665933,0.3758573942715237,-0.847143931595683,-1.321875467958929,1.7830368853088452,-1.5546170783603948,1.4247346456077217,3,-0.14461550317230865
1.3769688470665933,0.3758573942715237,-0.847143931595683,-1.420863218752871,2.1451283663553973,-0.4750480847153246,0.3793146378560113,3,0.02921057999530767
0.8982966649993804,0.2308869565365728,-0.847143931595683,-2.589861418605142,2.972766037318944,-1.5546170783603948,2.3833496946822055,3,-0.40835162935765756
1.855641029133806,0.5208278320064746,-0.847143931595683,-0.020893600381402616,0.47261057294989595,-1.5546170783603948,0.10103736960555547,3,0.11912062301304029
1.7982003672857405,0.5022716159764009,-0.847143931595683,-2.0619267477041157,3.334857518365496,-1.5546170783603948,0.8406030825234322,3,0.2629766918414128
1.3769688470665933,0.3758573942715237,-0.847143931595683,-1.321875467958929,1.7830368853088452,-1.5546170783603948,1.4247346456077217,3,-0.14461550317230865
1.0284954985216626,0.2691591520985998,-0.847143931595683,-1.114472561533526,1.024369020258927,-1.5546170783603948,1.9085861120251801,3,-0.4622976551682971
2.394625906141487,-0.8569712082264987,-0.847143931595683,-1.8733786509537496,3.334857518365496,-1.5546170783603948,1.5074657253578572,3,0.32891072338774974
1.3769688470665933,0.3758573942715237,-0.847143931595683,-1.321875467958929,1.7830368853088452,-1.5546170783603948,1.4247346456077217,3,-0.14461550317230865
0.36026913235583347,1.6075262332676665,-0.847143931595683,-1.218174014746228,1.4037029527838865,-1.5546170783603948,1.3407500646492503,3,-0.6361237383359136
1.1548649545874066,0.24132482805348932,-0.847143931595683,-1.6094113155032372,0.9036718599100767,-0.3360809198599407,0.9860092226903371,3,0.3169227176520523
0.779585963846712,1.334981810325959,-0.847143931595683,-0.7845133922203852,0.938156762866891,-0.3631023130262643,-0.22111244093663887,3,-0.03072944868318074
0.4071790061984201,2.4228399750890306,-0.847143931595683,0.10637636492509536,0.7140048936475972,-0.3888369731846688,-1.4232200997302722,3,-0.45030964943259943
0.9413771613854296,0.8965912066154672,-0.847143931595683,-1.3030206582838921,1.679582176438402,2.076543469990485,-2.111392263106398,3,-0.43232764082905284
0.779585963846712,1.334981810325959,-0.847143931595683,-0.7845133922203852,0.938156762866891,-0.3631023130262643,-0.22111244093663887,3,-0.03072944868318074
0.04913221401214519,1.4729936670496322,-0.847143931595683,-1.7366812808097352,0.8691869569532621,0.4076507587179513,0.3793146378560113,3,-0.6840757612787044
0.779585963846712,1.334981810325959,-0.847143931595683,-0.7845133922203852,0.938156762866891,-0.3631023130262643,-0.22111244093663887,3,-0.03072944868318074
1.5109970580454128,1.1958101901004061,-0.847143931595683,0.21007781813779622,0.8519445054748549,-1.1325686517625608,-0.8215395197292876,3,0.20903066603077292
1.0409409752554097,1.334981810325959,-0.847143931595683,-1.6801168517846246,2.731371716621243,-0.3631023130262643,-0.22111244093663887,3,0.2869527033128081
0.779585963846712,1.334981810325959,-0.847143931595683,-0.7845133922203852,0.938156762866891,-0.3631023130262643,-0.22111244093663887,3,-0.03072944868318074
0.5431219059055084,1.334981810325959,-0.847143931595683,-0.31314315034446966,0.5760652818203392,-0.3631023130262643,-0.22111244093663887,3,-0.7020577698822507
0.8887232213580362,1.337301337329718,-0.847143931595683,-0.5394008664449096,0.6795199906907826,-0.6024346524994267,-0.20983093006161926,7,0.6226168639123433
0.3076151923284401,2.183928693701831,-0.847143931595683,-0.284860935831915,0.42088321851467414,0.9519388210682082,-2.026154180939592,7,0.4188207664054823
1.3769688470665933,0.3758573942715237,-0.847143931595683,-1.321875467958929,1.7830368853088452,-1.5546170783603948,1.4247346456077217,7,0.8024369499478086
1.3769688470665933,0.3758573942715237,-0.847143931595683,-1.420863218752871,2.1451283663553973,-0.4750480847153246,0.3793146378560113,7,0.658580881119436
0.8982966649993804,0.2308869565365728,-0.847143931595683,-2.589861418605142,2.972766037318944,-1.5546170783603948,2.3833496946822055,7,0.5926468495730991
1.855641029133806,0.5208278320064746,-0.847143931595683,-0.020893600381402616,0.47261057294989595,-1.5546170783603948,0.10103736960555547,7,1.1860531334901343
1.7982003672857405,0.5022716159764009,-0.847143931595683,-2.0619267477041157,3.334857518365496,-1.5546170783603948,0.8406030825234322,7,1.1440951134151922
1.3769688470665933,0.3758573942715237,-0.847143931595683,-1.321875467958929,1.7830368853088452,-1.5546170783603948,1.4247346456077217,7,0.8024369499478086
1.0284954985216626,0.2691591520985998,-0.847143931595683,-1.114472561533526,1.024369020258927,-1.5546170783603948,1.9085861120251801,7,-0.05470546015457602
2.394625906141487,-0.8569712082264987,-0.847143931595683,-1.8733786509537496,3.334857518365496,-1.5546170783603948,1.5074657253578572,7,0.6645748839872849
1.3769688470665933,0.3758573942715237,-0.847143931595683,-1.321875467958929,1.7830368853088452,-1.5546170783603948,1.4247346456077217,7,0.8024369499478086
0.36026913235583347,1.6075262332676665,-0.847143931595683,-1.218174014746228,1.4037029527838865,-1.5546170783603948,1.3407500646492503,7,-0.14461550317230865
1.1548649545874066,0.24132482805348932,-0.847143931595683,-1.6094113155032372,0.9036718599100767,-0.3360809198599407,0.9860092226903371,7,1.0961430904724017
0.779585963846712,1.334981810325959,-0.847143931595683,-0.7845133922203852,0.938156762866891,-0.3631023130262643,-0.22111244093663887,7,1.2040351420936806
0.4071790061984201,2.4228399750890306,-0.847143931595683,0.10637636492509536,0.7140048936475972,-0.3888369731846688,-1.4232200997302722,7,0.8384009671549012
0.9413771613854296,0.8965912066154672,-0.847143931595683,-1.3030206582838921,1.679582176438402,2.076543469990485,-2.111392263106398,7,0.6765628897229827
0.779585963846712,1.334981810325959,-0.847143931595683,-0.7845133922203852,0.938156762866891,-0.3631023130262643,-0.22111244093663887,7,1.2040351420936806
0.04913221401214519,1.4729936670496322,-0.847143931595683,-1.7366812808097352,0.8691869569532621,0.4076507587179513,0.3793146378560113,7,0.13110862874873813
0.779585963846712,1.334981810325959,-0.847143931595683,-0.7845133922203852,0.938156762866891,-0.3631023130262643,-0.22111244093663887,7,1.2040351420936806
1.5109970580454128,1.1958101901004061,-0.847143931595683,0.21007781813779622,0.8519445054748549,-1.1325686517625608,-0.8215395197292876,7,1.2160231478293786
1.0409409752554097,1.334981810325959,-0.847143931595683,-1.6801168517846246,2.731371716621243,-0.3631023130262643,-0.22111244093663887,7,1.395243833578059
0.779585963846712,1.334981810325959,-0.847143931595683,-0.7845133922203852,0.938156762866891,-0.3631023130262643,-0.22111244093663887,7,-0.7739858042964369
0.5431219059055084,1.334981810325959,-0.847143931595683,-0.31314315034446966,0.5760652818203392,-0.3631023130262643,-0.22111244093663887,7,-0.04271745441887817
0.8887232213580362,1.337301337329718,-0.847143931595683,-0.5394008664449096,0.6795199906907826,-0.6024346524994267,-0.20983093006161926,28,1.5151238909350357
0.3076151923284401,2.183928693701831,-0.847143931595683,-0.284860935831915,0.42088321851467414,0.9519388210682082,-2.026154180939592,28,1.4378012539397853
1.3769688470665933,0.3758573942715237,-0.847143931595683,-1.321875467958929,1.7830368853088452,-1.5546170783603948,1.4247346456077217,28,1.4671718679922447
1.3769688470665933,0.3758573942715237,-0.847143931595683,-1.420863218752871,2.1451283663553973,-0.4750480847153246,0.3793146378560113,28,1.5576813112967622
0.8982966649993804,0.2308869565365728,-0.847143931595683,-2.589861418605142,2.972766037318944,-1.5546170783603948,2.3833496946822055,28,1.2519871650364716
1.855641029133806,0.5208278320064746,-0.847143931595683,-0.020893600381402616,0.47261057294989595,-1.5546170783603948,0.10103736960555547,28,1.9472914977069369
1.7982003672857405,0.5022716159764009,-0.847143931595683,-2.0619267477041157,3.334857518365496,-1.5546170783603948,0.8406030825234322,28,1.8633754575570536
1.3769688470665933,0.3758573942715237,-0.847143931595683,-1.321875467958929,1.7830368853088452,-1.5546170783603948,1.4247346456077217,28,1.4671718679922447
1.0284954985216626,0.2691591520985998,-0.847143931595683,-1.114472561533526,1.024369020258927,-1.5546170783603948,1.9085861120251801,28,0.8923469929655411
2.394625906141487,-0.8569712082264987,-0.847143931595683,-1.8733786509537496,3.334857518365496,-1.5546170783603948,1.5074657253578572,28,1.2340051564329249
1.3769688470665933,0.3758573942715237,-0.847143931595683,-1.321875467958929,1.7830368853088452,-1.5546170783603948,1.4247346456077217,28,1.4671718679922447
0.36026913235583347,1.6075262332676665,-0.847143931595683,-1.218174014746228,1.4037029527838865,-1.5546170783603948,1.3407500646492503,28,1.1800591306222854
1.1548649545874066,0.24132482805348932,-0.847143931595683,-1.6094113155032372,0.9036718599100767,-0.3360809198599407,0.9860092226903371,28,1.9592795034426347
0.779585963846712,1.334981810325959,-0.847143931595683,-0.7845133922203852,0.938156762866891,-0.3631023130262643,-0.22111244093663887,28,2.127111583742402
0.4071790061984201,2.4228399750890306,-0.847143931595683,0.10637636492509536,0.7140048936475972,-0.3888369731846688,-1.4232200997302722,28,2.330907681249263
0.9413771613854296,0.8965912066154672,-0.847143931595683,-1.3030206582838921,1.679582176438402,2.076543469990485,-2.111392263106398,28,0.9822570359832737
0.779585963846712,1.334981810325959,-0.847143931595683,-0.7845133922203852,0.938156762866891,-0.3631023130262643,-0.22111244093663887,28,2.127111583742402
0.04913221401214519,1.4729936670496322,-0.847143931595683,-1.7366812808097352,0.8691869569532621,0.4076507587179513,0.3793146378560113,28,1.9113274804998441
0.779585963846712,1.334981810325959,-0.847143931595683,-0.7845133922203852,0.938156762866891,-0.3631023130262643,-0.22111244093663887,28,2.127111583742402
1.5109970580454128,1.1958101901004061,-0.847143931595683,0.21007781813779622,0.8519445054748549,-1.1325686517625608,-0.8215395197292876,28,1.8094294317464137
1.0409409752554097,1.334981810325959,-0.847143931595683,-1.6801168517846246,2.731371716621243,-0.3631023130262643,-0.22111244093663887,28,2.3189196755135653
0.779585963846712,1.334981810325959,-0.847143931595683,-0.7845133922203852,0.938156762866891,-0.3631023130262643,-0.22111244093663887,28,2.127111583742402
0.5431219059055084,1.334981810325959,-0.847143931595683,-0.31314315034446966,0.5760652818203392,-0.3631023130262643,-0.22111244093663887,28,0.8443949700227502
0.8887232213580362,1.337301337329718,-0.847143931595683,-0.5394008664449096,0.6795199906907826,-0.6024346524994267,-0.20983093006161926,56,1.6535853571823438
0.3076151923284401,2.183928693701831,-0.847143931595683,-0.284860935831915,0.42088321851467414,0.9519388210682082,-2.026154180939592,56,1.7434954002000769
1.3769688470665933,0.3758573942715237,-0.847143931595683,-1.321875467958929,1.7830368853088452,-1.5546170783603948,1.4247346456077217,56,1.7075313829929832
1.3769688470665933,0.3758573942715237,-0.847143931595683,-1.420863218752871,2.1451283663553973,-0.4750480847153246,0.3793146378560113,56,1.7434954002000769
0.8982966649993804,0.2308869565365728,-0.847143931595683,-2.589861418605142,2.972766037318944,-1.5546170783603948,2.3833496946822055,56,1.4617772654111811
1.855641029133806,0.5208278320064746,-0.847143931595683,-0.020893600381402616,0.47261057294989595,-1.5546170783603948,0.10103736960555547,56,2.1870516124208903
1.7982003672857405,0.5022716159764009,-0.847143931595683,-2.0619267477041157,3.334857518365496,-1.5546170783603948,0.8406030825234322,56,2.0072315263854255
1.3769688470665933,0.3758573942715237,-0.847143931595683,-1.321875467958929,1.7830368853088452,-1.5546170783603948,1.4247346456077217,56,1.7075313829929832
1.0284954985216626,0.2691591520985998,-0.847143931595683,-1.114472561533526,1.024369020258927,-1.5546170783603948,1.9085861120251801,56,1.162077122018739
2.394625906141487,-0.8569712082264987,-0.847143931595683,-1.8733786509537496,3.334857518365496,-1.5546170783603948,1.5074657253578572,56,1.377861225261297
1.3769688470665933,0.3758573942715237,-0.847143931595683,-1.321875467958929,1.7830368853088452,-1.5546170783603948,1.4247346456077217,56,1.7075313829929832
0.36026913235583347,1.6075262332676665,-0.847143931595683,-1.218174014746228,1.4037029527838865,-1.5546170783603948,1.3407500646492503,56,1.8154234346142621
1.1548649545874066,0.24132482805348932,-0.847143931595683,-1.6094113155032372,0.9036718599100767,-0.3360809198599407,0.9860092226903371,56,2.2709676525707745
0.779585963846712,1.334981810325959,-0.847143931595683,-0.7845133922203852,0.938156762866891,-0.3631023130262643,-0.22111244093663887,56,2.4867517558133327
0.4071790061984201,2.4228399750890306,-0.847143931595683,0.10637636492509536,0.7140048936475972,-0.3888369731846688,-1.4232200997302722,56,2.634953476720896
0.9413771613854296,0.8965912066154672,-0.847143931595683,-1.3030206582838921,1.679582176438402,2.076543469990485,-2.111392263106398,56,1.1440951134151922
0.779585963846712,1.334981810325959,-0.847143931595683,-0.7845133922203852,0.938156762866891,-0.3631023130262643,-0.22111244093663887,56,2.4867517558133327
0.04913221401214519,1.4729936670496322,-0.847143931595683,-1.7366812808097352,0.8691869569532621,0.4076507587179513,0.3793146378560113,56,2.2284102322090473
0.779585963846712,1.334981810325959,-0.847143931595683,-0.7845133922203852,0.938156762866891,-0.3631023130262643,-0.22111244093663887,56,2.4867517558133327
1.5109970580454128,1.1958101901004061,-0.847143931595683,0.21007781813779622,0.8519445054748549,-1.1325686517625608,-0.8215395197292876,56,2.1510875952137978
1.0409409752554097,1.334981810325959,-0.847143931595683,-1.6801168517846246,2.731371716621243,-0.3631023130262643,-0.22111244093663887,56,2.612625816038159
0.779585963846712,1.334981810325959,-0.847143931595683,-0.7845133922203852,0.938156762866891,-0.3631023130262643,-0.22111244093663887,56,2.4867517558133327
0.5431219059055084,1.334981810325959,-0.847143931595683,-0.31314315034446966,0.5760652818203392,-0.3631023130262643,-0.22111244093663887,56,1.4431958565208496
0.8887232213580362,1.337301337329718,-0.847143931595683,-0.5394008664449096,0.6795199906907826,-0.6024346524994267,-0.20983093006161926,91,1.7434954002000769
0.3076151923284401,2.183928693701831,-0.847143931595683,-0.284860935831915,0.42088321851467414,0.9519388210682082,-2.026154180939592,91,1.8453934489535064
1.3769688470665933,0.3758573942715237,-0.847143931595683,-1.321875467958929,1.7830368853088452,-1.5546170783603948,1.4247346456077217,91,1.7614774088036231
1.3769688470665933,0.3758573942715237,-0.847143931595683,-1.420863218752871,2.1451283663553973,-0.4750480847153246,0.3793146378560113,91,1.8513874518213558
0.8982966649993804,0.2308869565365728,-0.847143931595683,-2.589861418605142,2.972766037318944,-1.5546170783603948,2.3833496946822055,91,1.5996393313717043
1.855641029133806,0.5208278320064746,-0.847143931595683,-0.020893600381402616,0.47261057294989595,-1.5546170783603948,0.10103736960555547,91,2.3003382666232337
1.7982003672857405,0.5022716159764009,-0.847143931595683,-2.0619267477041157,3.334857518365496,-1.5546170783603948,0.8406030825234322,91,2.091147566535309
1.3769688470665933,0.3758573942715237,-0.847143931595683,-1.321875467958929,1.7830368853088452,-1.5546170783603948,1.4247346456077217,91,1.7614774088036231
1.0284954985216626,0.2691591520985998,-0.847143931595683,-1.114472561533526,1.024369020258927,-1.5546170783603948,1.9085861120251801,91,1.305933190847111
2.394625906141487,-0.8569712082264987,-0.847143931595683,-1.8733786509537496,3.334857518365496,-1.5546170783603948,1.5074657253578572,91,1.4018372367326926
1.3769688470665933,0.3758573942715237,-0.847143931595683,-1.321875467958929,1.7830368853088452,-1.5546170783603948,1.4247346456077217,91,1.7614774088036231
0.36026913235583347,1.6075262332676665,-0.847143931595683,-1.218174014746228,1.4037029527838865,-1.5546170783603948,1.3407500646492503,91,1.935303491971239
1.1548649545874066,0.24132482805348932,-0.847143931595683,-1.6094113155032372,0.9036718599100767,-0.3360809198599407,0.9860092226903371,91,2.3788597041920534
0.779585963846712,1.334981810325959,-0.847143931595683,-0.7845133922203852,0.938156762866891,-0.3631023130262643,-0.22111244093663887,91,2.6066318131703095
0.9413771613854296,0.8965912066154672,-0.847143931595683,-1.3030206582838921,1.679582176438402,2.076543469990485,-2.111392263106398,91,1.2399991593007738
0.779585963846712,1.334981810325959,-0.847143931595683,-0.7845133922203852,0.938156762866891,-0.3631023130262643,-0.22111244093663887,91,2.6066318131703095
0.04913221401214519,1.4729936670496322,-0.847143931595683,-1.7366812808097352,0.8691869569532621,0.4076507587179513,0.3793146378560113,91,2.4567817414740882
0.779585963846712,1.334981810325959,-0.847143931595683,-0.7845133922203852,0.938156762866891,-0.3631023130262643,-0.22111244093663887,91,2.6066318131703095
1.5109970580454128,1.1958101901004061,-0.847143931595683,0.21007781813779622,0.8519445054748549,-1.1325686517625608,-0.8215395197292876,91,2.246991641099379
1.0409409752554097,1.334981810325959,-0.847143931595683,-1.6801168517846246,2.731371716621243,-0.3631023130262643,-0.22111244093663887,91,2.634953476720896
0.779585963846712,1.334981810325959,-0.847143931595683,-0.7845133922203852,0.938156762866891,-0.3631023130262643,-0.22111244093663887,91,2.6066318131703095
0.5431219059055084,1.334981810325959,-0.847143931595683,-0.31314315034446966,0.5760652818203392,-0.3631023130262643,-0.22111244093663887,91,1.9173214833676926
-0.5626108346697527,-0.8569712082264987,0.6645983325470344,0.36562999795684886,-0.2860572921000222,-0.07487411925213375,1.2141464426073763,3,-1.452506928936926
-0.5626108346697527,-0.8569712082264987,0.6645983325470344,0.36562999795684886,-0.2860572921000222,-0.07487411925213375,1.2141464426073763,14,-0.6810787598447798
-0.5626108346697527,-0.8569712082264987,0.6645983325470344,0.36562999795684886,-0.2860572921000222,-0.07487411925213375,1.2141464426073763,28,-0.654705147226245
-0.5626108346697527,-0.8569712082264987,0.6645983325470344,0.36562999795684886,-0.2860572921000222,-0.07487411925213375,1.2141464426073763,56,-0.38137861645233784
-0.5626108346697527,-0.8569712082264987,0.6645983325470344,0.36562999795684886,-0.2860572921000222,-0.07487411925213375,1.2141464426073763,100,0.2935461064674418
-0.4534735771584282,-0.8569712082264987,0.631768355766272,0.7710084059701359,-0.268814840621615,-0.33350745384409963,0.9872627238986728,3,-1.5244349633511116
-0.4534735771584282,-0.8569712082264987,0.631768355766272,0.7710084059701359,-0.268814840621615,-0.33350745384409963,0.9872627238986728,14,-0.819540226092088
-0.4534735771584282,-0.8569712082264987,0.631768355766272,0.7710084059701359,-0.268814840621615,-0.33350745384409963,0.9872627238986728,28,-0.7775822060171462
-0.4534735771584282,-0.8569712082264987,0.631768355766272,0.7710084059701359,-0.268814840621615,-0.33350745384409963,0.9872627238986728,56,-0.488671267786832
-0.4534735771584282,-0.8569712082264987,0.631768355766272,0.7710084059701359,-0.268814840621615,-0.33350745384409963,0.9872627238986728,100,-0.07508506990526186
-0.8277952235349888,-0.8569712082264987,0.7240049571979373,-0.7515174752890715,0.2312162522521947,0.4308119528605148,1.6603928727747732,3,-1.4003591039866408
-0.8277952235349888,-0.8569712082264987,0.7240049571979373,-0.7515174752890715,0.2312162522521947,0.4308119528605148,1.6603928727747732,14,-0.6487111443583962
-0.8277952235349888,-0.8569712082264987,0.7240049571979373,-0.7515174752890715,0.2312162522521947,0.4308119528605148,1.6603928727747732,28,-0.6049549234230996
-0.8277952235349888,-0.8569712082264987,0.7240049571979373,-0.7515174752890715,0.2312162522521947,0.4308119528605148,1.6603928727747732,56,-0.11104908711235499
-0.8277952235349888,-0.8569712082264987,0.7240049571979373,-0.7515174752890715,0.2312162522521947,0.4308119528605148,1.6603928727747732,100,0.09154820982093599
-0.8660889981003658,-0.8569712082264987,1.1132746818841182,-0.916497059945642,0.28294360668741636,1.5065207474818247,0.38307514148101696,3,-1.245114429709356
-0.8660889981003658,-0.8569712082264987,1.1132746818841182,-0.916497059945642,0.28294360668741636,1.5065207474818247,0.38307514148101696,14,-0.8842754570648557
-0.8660889981003658,-0.8569712082264987,1.1132746818841182,-0.916497059945642,0.28294360668741636,1.5065207474818247,0.38307514148101696,28,-0.5641957039217276
-0.8660889981003658,-0.8569712082264987,1.1132746818841182,-0.916497059945642,0.28294360668741636,1.5065207474818247,0.38307514148101696,56,-0.02833184753604083
-0.8660889981003658,-0.8569712082264987,1.1132746818841182,-0.916497059945642,0.28294360668741636,1.5065207474818247,0.38307514148101696,100,0.2851545024524534
-0.6612173041755987,-0.8569712082264987,1.0538680572332149,-0.058603219731475045,-0.07914787435913538,1.08961925291567,0.07346034302217644,3,-1.399160303413071
-0.6612173041755987,-0.8569712082264987,1.0538680572332149,-0.058603219731475045,-0.07914787435913538,1.08961925291567,0.07346034302217644,14,-0.8926670610798438
-0.6612173041755987,-0.8569712082264987,1.0538680572332149,-0.058603219731475045,-0.07914787435913538,1.08961925291567,0.07346034302217644,28,-0.6541057469394601
-0.6612173041755987,-0.8569712082264987,1.0538680572332149,-0.058603219731475045,-0.07914787435913538,1.08961925291567,0.07346034302217644,56,-0.09666348022951765
-0.6612173041755987,-0.8569712082264987,1.0538680572332149,-0.058603219731475045,-0.07914787435913538,1.08961925291567,0.07346034302217644,100,0.22761207492110444
-0.4898526629955365,-0.8569712082264987,1.0022780937205884,0.6578795479199159,-0.268814840621615,0.7267605446821684,-0.18601440710324726,3,-1.5454139733885828
-0.4898526629955365,-0.8569712082264987,1.0022780937205884,0.6578795479199159,-0.268814840621615,0.7267605446821684,-0.18601440710324726,14,-0.9430166851697743
-0.4898526629955365,-0.8569712082264987,1.0022780937205884,0.6578795479199159,-0.268814840621615,0.7267605446821684,-0.18601440710324726,28,-0.6792805589844252
-0.4898526629955365,-0.8569712082264987,1.0022780937205884,0.6578795479199159,-0.268814840621615,0.7267605446821684,-0.18601440710324726,56,-0.25610395651429707
-0.4898526629955365,-0.8569712082264987,1.0022780937205884,0.6578795479199159,-0.268814840621615,0.7267605446821684,-0.18601440710324726,100,-0.02833184753604083
-0.8699183755569032,-0.8569712082264987,1.1101480174288072,-0.9259244647831598,0.6450350877339682,1.4820728203313394,0.3655261245643218,3,-1.580179190022106
-0.8699183755569032,-0.8569712082264987,1.1101480174288072,-0.9259244647831598,0.6450350877339682,1.4820728203313394,0.3655261245643218,14,-0.7847750094585648
-0.8699183755569032,-0.8569712082264987,1.1101480174288072,-0.9259244647831598,0.6450350877339682,1.4820728203313394,0.3655261245643218,28,-0.4401198445572565
-0.8699183755569032,-0.8569712082264987,1.1101480174288072,-0.9259244647831598,0.6450350877339682,1.4820728203313394,0.3655261245643218,56,0.1646750448086918
-0.8699183755569032,-0.8569712082264987,1.1101480174288072,-0.9259244647831598,0.6450350877339682,1.4820728203313394,0.3655261245643218,100,0.2743652972903255
-1.1015957116774344,-0.8569712082264987,1.7057775961654935,-0.23772391164432347,-0.2860572921000222,1.1024865829948725,0.08348835268886037,3,-1.5016577524532864
-1.1015957116774344,-0.8569712082264987,1.7057775961654935,-0.23772391164432347,-0.2860572921000222,1.1024865829948725,0.08348835268886037,14,-0.6193405303059367
-1.1015957116774344,-0.8569712082264987,1.7057775961654935,-0.23772391164432347,-0.2860572921000222,1.1024865829948725,0.08348835268886037,28,-0.8555042432991812
-1.1015957116774344,-0.8569712082264987,1.7057775961654935,-0.23772391164432347,-0.2860572921000222,1.1024865829948725,0.08348835268886037,56,-0.43052943996869836
-1.1015957116774344,-0.8569712082264987,1.7057775961654935,-0.23772391164432347,-0.2860572921000222,1.1024865829948725,0.08348835268886037,100,-0.13622389915732022
-1.0834061687588803,-0.3687107739351841,1.7135942573037701,-2.700633425445981,-0.07914787435913538,1.1037733160027943,0.08348835268886037,3,-1.6820772387755363
-1.0834061687588803,-0.3687107739351841,1.7135942573037701,-2.700633425445981,-0.07914787435913538,1.1037733160027943,0.08348835268886037,14,-1.078481149983158
-1.0834061687588803,-0.3687107739351841,1.7135942573037701,-2.700633425445981,-0.07914787435913538,1.1037733160027943,0.08348835268886037,28,-0.6936661658672625
-1.0834061687588803,-0.3687107739351841,1.7135942573037701,-2.700633425445981,-0.07914787435913538,1.1037733160027943,0.08348835268886037,56,-0.1775825189454771
-1.0834061687588803,-0.3687107739351841,1.7135942573037701,-2.700633425445981,-0.07914787435913538,1.1037733160027943,0.08348835268886037,100,0.2048348640232787
-0.6458997943494479,0.2807567871173959,-0.46412753582012384,0.007388614131152045,0.12776154338175139,1.1951313595651294,0.14992391673063515,3,-1.06769194482103
-0.6458997943494479,0.2807567871173959,-0.46412753582012384,0.007388614131152045,0.12776154338175139,1.1951313595651294,0.14992391673063515,14,-0.3250349894945586
-0.6458997943494479,0.2807567871173959,-0.46412753582012384,0.007388614131152045,0.12776154338175139,1.1951313595651294,0.14992391673063515,28,0.5932462498598838
-0.6458997943494479,0.2807567871173959,-0.46412753582012384,0.007388614131152045,0.12776154338175139,1.1951313595651294,0.14992391673063515,56,0.8965427949730354
-0.6458997943494479,0.2807567871173959,-0.46412753582012384,0.007388614131152045,0.12776154338175139,1.1951313595651294,0.14992391673063515,100,1.0841550847367039
-0.6449424499853132,0.2807567871173959,-0.46412753582012384,0.007388614131152045,0.0932766404249369,1.1977048255809704,0.15117741793897083,3,-1.3566028830513444
-0.6449424499853132,0.2807567871173959,-0.46412753582012384,0.007388614131152045,0.0932766404249369,1.1977048255809704,0.15117741793897083,14,-1.0772823494095882
-0.6449424499853132,0.2807567871173959,-0.46412753582012384,0.007388614131152045,0.0932766404249369,1.1977048255809704,0.15117741793897083,28,0.26477489270176713
-0.6449424499853132,0.2807567871173959,-0.46412753582012384,0.007388614131152045,0.0932766404249369,1.1977048255809704,0.15117741793897083,56,0.6783610905833375
-0.6449424499853132,0.2807567871173959,-0.46412753582012384,0.007388614131152045,0.0932766404249369,1.1977048255809704,0.15117741793897083,100,0.8485907720302444
-0.49272469608793984,-0.8569712082264987,1.000714761492933,0.643738440663638,-0.010178068445506557,0.7100330155792032,-0.1985494191866011,3,-1.3458136778892165
-0.49272469608793984,-0.8569712082264987,1.000714761492933,0.643738440663638,-0.010178068445506557,0.7100330155792032,-0.1985494191866011,14,-0.8087510209299601
-0.49272469608793984,-0.8569712082264987,1.000714761492933,0.643738440663638,-0.010178068445506557,0.7100330155792032,-0.1985494191866011,28,-0.6756841572637159
-0.49272469608793984,-0.8569712082264987,1.000714761492933,0.643738440663638,-0.010178068445506557,0.7100330155792032,-0.1985494191866011,56,-0.2674925619632097
-0.49272469608793984,-0.8569712082264987,1.000714761492933,0.643738440663638,-0.010178068445506557,0.7100330155792032,-0.1985494191866011,100,0.30253711076921497
-0.41230776950064807,-0.8569712082264987,0.6239516946279953,0.2430737350691098,0.14500399486015855,-0.29619219661441337,0.9220806610652322,3,-0.9520076894715475
-0.41230776950064807,-0.8569712082264987,0.6239516946279953,0.2430737350691098,0.14500399486015855,-0.29619219661441337,0.9220806610652322,14,-0.6067531242834542
-0.41230776950064807,-0.8569712082264987,0.6239516946279953,0.2430737350691098,0.14500399486015855,-0.29619219661441337,0.9220806610652322,28,-0.3346253940831168
-0.41230776950064807,-0.8569712082264987,0.6239516946279953,0.2430737350691098,0.14500399486015855,-0.29619219661441337,0.9220806610652322,56,0.22641327434753492
-0.41230776950064807,-0.8569712082264987,0.6239516946279953,0.2430737350691098,0.14500399486015855,-0.29619219661441337,0.9220806610652322,100,0.5087308094232149
-0.29838379016865135,-0.8569712082264987,0.6489650102704809,0.27606965200042466,-0.11363277731594987,-0.20612088605999748,1.1000778326488574,3,-1.3182412646971116
-0.29838379016865135,-0.8569712082264987,0.6489650102704809,0.27606965200042466,-0.11363277731594987,-0.20612088605999748,1.1000778326488574,14,-0.6529069463658902
-0.29838379016865135,-0.8569712082264987,0.6489650102704809,0.27606965200042466,-0.11363277731594987,-0.20612088605999748,1.1000778326488574,28,-0.3951648230483902
-0.29838379016865135,-0.8569712082264987,0.6489650102704809,0.27606965200042466,-0.11363277731594987,-0.20612088605999748,1.1000778326488574,56,0.1508888382126392
-0.29838379016865135,-0.8569712082264987,0.6489650102704809,0.27606965200042466,-0.11363277731594987,-0.20612088605999748,1.1000778326488574,100,0.3918477535001628
-0.6573879267190609,-0.8569712082264987,0.7224416249702821,-1.0484807276708976,0.43812566999308133,0.4488262149713977,1.63156234498306,3,-1.3350244727270886
-0.6573879267190609,-0.8569712082264987,0.7224416249702821,-1.0484807276708976,0.43812566999308133,0.4488262149713977,1.63156234498306,14,-0.5695903065027915
-0.6573879267190609,-0.8569712082264987,0.7224416249702821,-1.0484807276708976,0.43812566999308133,0.4488262149713977,1.63156234498306,28,-0.2501099536464481
-0.6573879267190609,-0.8569712082264987,0.7224416249702821,-1.0484807276708976,0.43812566999308133,0.4488262149713977,1.63156234498306,56,0.40383575923586024
-0.6573879267190609,-0.8569712082264987,0.7224416249702821,-1.0484807276708976,0.43812566999308133,0.4488262149713977,1.63156234498306,100,0.42601356984690125
-0.6564305823549266,-0.8569712082264987,0.7224416249702821,-1.0437670252521387,0.7312473451260044,0.3973568946545886,1.6340693473997299,3,-1.347611878749571
-0.6564305823549266,-0.8569712082264987,0.7224416249702821,-1.0437670252521387,0.7312473451260044,0.3973568946545886,1.6340693473997299,14,-0.6259339334605705
-0.6564305823549266,-0.8569712082264987,0.7224416249702821,-1.0437670252521387,0.7312473451260044,0.3973568946545886,1.6340693473997299,28,0.09514461154164501
-0.6564305823549266,-0.8569712082264987,0.7224416249702821,-1.0437670252521387,0.7312473451260044,0.3973568946545886,1.6340693473997299,56,0.5147248122910639
-0.6564305823549266,-0.8569712082264987,0.7224416249702821,-1.0437670252521387,0.7312473451260044,0.3973568946545886,1.6340693473997299,100,0.7149245080772154
-0.6621746485397331,-0.8569712082264987,1.1038946885181857,-1.0626218349271754,0.28294360668741636,1.4473310291174954,0.32666758710592464,3,-0.9765831012297277
-0.6621746485397331,-0.8569712082264987,1.1038946885181857,-1.0626218349271754,0.28294360668741636,1.4473310291174954,0.32666758710592464,14,-0.2674925619632097
-0.6621746485397331,-0.8569712082264987,1.1038946885181857,-1.0626218349271754,0.28294360668741636,1.4473310291174954,0.32666758710592464,28,0.16107864308798234
-0.6621746485397331,-0.8569712082264987,1.1038946885181857,-1.0626218349271754,0.28294360668741636,1.4473310291174954,0.32666758710592464,56,0.555484031792436
-0.6621746485397331,-0.8569712082264987,1.1038946885181857,-1.0626218349271754,0.28294360668741636,1.4473310291174954,0.32666758710592464,100,0.7197197103714944
-0.4726204644411167,-0.8569712082264987,1.0538680572332149,-0.35556647211330233,0.0932766404249369,1.0741784568206296,0.06343233335549393,3,-1.2211384182379605
-0.4726204644411167,-0.8569712082264987,1.0538680572332149,-0.35556647211330233,0.0932766404249369,1.0741784568206296,0.06343233335549393,14,-0.5420178933106867
-0.4726204644411167,-0.8569712082264987,1.0538680572332149,-0.35556647211330233,0.0932766404249369,1.0741784568206296,0.06343233335549393,28,-0.12483529370840757
-0.4726204644411167,-0.8569712082264987,1.0538680572332149,-0.35556647211330233,0.0932766404249369,1.0741784568206296,0.06343233335549393,56,0.41282676353763387
-0.4726204644411167,-0.8569712082264987,1.0538680572332149,-0.35556647211330233,0.0932766404249369,1.0741784568206296,0.06343233335549393,100,0.6010384535880875
-0.28498096907076936,-0.8569712082264987,1.0022780937205884,0.3279203786067751,-0.061905422880728214,0.7138932146029662,-0.19729591797826543,3,-1.114445167190251
-0.28498096907076936,-0.8569712082264987,1.0022780937205884,0.3279203786067751,-0.061905422880728214,0.7138932146029662,-0.19729591797826543,14,-0.35260740268666335
-0.28498096907076936,-0.8569712082264987,1.0022780937205884,0.3279203786067751,-0.061905422880728214,0.7138932146029662,-0.19729591797826543,28,-0.3693906107166402
-0.28498096907076936,-0.8569712082264987,1.0022780937205884,0.3279203786067751,-0.061905422880728214,0.7138932146029662,-0.19729591797826543,56,0.069370399209895
-0.28498096907076936,-0.8569712082264987,1.0022780937205884,0.3279203786067751,-0.061905422880728214,0.7138932146029662,-0.19729591797826543,100,0.46557398877470335
-0.28498096907076936,-0.8569712082264987,1.0022780937205884,0.3279203786067751,0.04154928598971525,0.7138932146029662,-0.19729591797826543,3,-1.3601992847720537
-0.28498096907076936,-0.8569712082264987,1.0022780937205884,0.3279203786067751,0.04154928598971525,0.7138932146029662,-0.19729591797826543,14,-0.6822775604183496
-0.28498096907076936,-0.8569712082264987,1.0022780937205884,0.3279203786067751,0.04154928598971525,0.7138932146029662,-0.19729591797826543,28,-0.18897112439439018
-0.28498096907076936,-0.8569712082264987,1.0022780937205884,0.3279203786067751,0.04154928598971525,0.7138932146029662,-0.19729591797826543,56,0.04959018974599393
-0.28498096907076936,-0.8569712082264987,1.0022780937205884,0.3279203786067751,0.04154928598971525,0.7138932146029662,-0.19729591797826543,100,0.5033362068421512
-0.9551220239648672,-0.8569712082264987,1.763620888588741,-0.5629693785387054,0.24845870373060186,1.0638845927572655,0.05465782489714568,3,-1.3302292704328096
-0.9551220239648672,-0.8569712082264987,1.763620888588741,-0.5629693785387054,0.24845870373060186,1.0638845927572655,0.05465782489714568,14,-0.8519078415784718
-0.9551220239648672,-0.8569712082264987,1.763620888588741,-0.5629693785387054,0.24845870373060186,1.0638845927572655,0.05465782489714568,28,-0.4820778646321983
-0.9551220239648672,-0.8569712082264987,1.763620888588741,-0.5629693785387054,0.24845870373060186,1.0638845927572655,0.05465782489714568,56,-0.014545640939988683
-0.9551220239648672,-0.8569712082264987,1.763620888588741,-0.5629693785387054,0.24845870373060186,1.0638845927572655,0.05465782489714568,100,0.5728666401091976
-0.9493779577800607,-0.33275810537691625,1.0601213861438363,-0.5346871640261507,0.3519134126010452,1.1127804470582365,0.09100935993887296,3,-1.7078514511072864
-0.9493779577800607,-0.33275810537691625,1.0601213861438363,-0.5346871640261507,0.3519134126010452,1.1127804470582365,0.09100935993887296,14,-0.8579018444463207
-0.9493779577800607,-0.33275810537691625,1.0601213861438363,-0.5346871640261507,0.3519134126010452,1.1127804470582365,0.09100935993887296,28,-0.2722877642574889
-0.9493779577800607,-0.33275810537691625,1.0601213861438363,-0.5346871640261507,0.3519134126010452,1.1127804470582365,0.09100935993887296,56,0.4607787864804244
-0.9493779577800607,-0.33275810537691625,1.0601213861438363,-0.5346871640261507,0.3519134126010452,1.1127804470582365,0.09100935993887296,100,0.7706687347482096
-1.0747900694816703,-0.36755101043330446,1.0960780273799091,-1.095617751858489,0.8002171510396334,1.3881413107531633,0.2853020472308575,3,-1.7030562488130074
-1.0747900694816703,-0.36755101043330446,1.0960780273799091,-1.095617751858489,0.8002171510396334,1.3881413107531633,0.2853020472308575,14,-0.7374223868025589
-1.0747900694816703,-0.36755101043330446,1.0960780273799091,-1.095617751858489,0.8002171510396334,1.3881413107531633,0.2853020472308575,28,-0.2812787685592621
-1.0747900694816703,-0.36755101043330446,1.0960780273799091,-1.095617751858489,0.8002171510396334,1.3881413107531633,0.2853020472308575,56,0.20003966172899973
-1.0747900694816703,-0.36755101043330446,1.0960780273799091,-1.095617751858489,0.8002171510396334,1.3881413107531633,0.2853020472308575,100,0.7394999198353954
0.0883833329416563,-0.8569712082264987,0.6567816714087577,-0.6336749148200927,0.5588228303419321,-0.15079136671942683,1.1477108785656014,3,-0.7979618157678322
0.0883833329416563,-0.8569712082264987,0.6567816714087577,-0.6336749148200927,0.5588228303419321,-0.15079136671942683,1.1477108785656014,14,-0.06849166675062816
0.0883833329416563,-0.8569712082264987,0.6567816714087577,-0.6336749148200927,0.5588228303419321,-0.15079136671942683,1.1477108785656014,28,-0.06429586474313397
0.0883833329416563,-0.8569712082264987,0.6567816714087577,-0.6336749148200927,0.5588228303419321,-0.15079136671942683,1.1477108785656014,56,0.555484031792436
0.0883833329416563,-0.8569712082264987,0.6567816714087577,-0.6336749148200927,0.5588228303419321,-0.15079136671942683,1.1477108785656014,100,0.788650743351756
-0.03894346748822185,-0.8569712082264987,0.6755416581406218,-0.9872025962270293,0.9726416658237057,0.012623725286441094,1.2805820066491524,3,-0.7596001974135996
-0.03894346748822185,-0.8569712082264987,0.6755416581406218,-0.9872025962270293,0.9726416658237057,0.012623725286441094,1.2805820066491524,14,0.3642753403080581
-0.03894346748822185,-0.8569712082264987,0.6755416581406218,-0.9872025962270293,0.9726416658237057,0.012623725286441094,1.2805820066491524,28,0.7472921235635991
-0.03894346748822185,-0.8569712082264987,0.6755416581406218,-0.9872025962270293,0.9726416658237057,0.012623725286441094,1.2805820066491524,56,0.912726602716227
-0.03894346748822185,-0.8569712082264987,0.6755416581406218,-0.9872025962270293,0.9726416658237057,0.012623725286441094,1.2805820066491524,100,1.1884507346372737
0.13912258424078097,-0.8569712082264987,0.6474016780428254,-0.4734090325822812,0.47261057294989595,-0.22928208020256097,1.0750078084821497,3,-0.7709888028625125
0.13912258424078097,-0.8569712082264987,0.6474016780428254,-0.4734090325822812,0.47261057294989595,-0.22928208020256097,1.0750078084821497,14,-0.034925250690674946
0.13912258424078097,-0.8569712082264987,0.6474016780428254,-0.4734090325822812,0.47261057294989595,-0.22928208020256097,1.0750078084821497,28,0.24739228438500552
0.13912258424078097,-0.8569712082264987,0.6474016780428254,-0.4734090325822812,0.47261057294989595,-0.22928208020256097,1.0750078084821497,56,0.7736657361821339
0.13912258424078097,-0.8569712082264987,0.6474016780428254,-0.4734090325822812,0.47261057294989595,-0.22928208020256097,1.0750078084821497,100,0.9726666313947154
-0.2811515916142316,-0.8569712082264987,0.7146249638320054,-1.6706894469471067,1.076096374694149,0.42566502082883423,1.5839292990663145,3,-0.8866730582119952
-0.2811515916142316,-0.8569712082264987,0.7146249638320054,-1.6706894469471067,1.076096374694149,0.42566502082883423,1.5839292990663145,14,-0.1470131043194481
-0.2811515916142316,-0.8569712082264987,0.7146249638320054,-1.6706894469471067,1.076096374694149,0.42566502082883423,1.5839292990663145,28,-0.11224788768592495
-0.2811515916142316,-0.8569712082264987,0.7146249638320054,-1.6706894469471067,1.076096374694149,0.42566502082883423,1.5839292990663145,56,0.49914040483465705
-0.2811515916142316,-0.8569712082264987,0.7146249638320054,-1.6706894469471067,1.076096374694149,0.42566502082883423,1.5839292990663145,100,0.5728666401091976
-0.30699988944586126,-0.8569712082264987,0.6974283093277965,-1.1050451566960082,1.145066180607778,0.19147961338735234,1.4485511685660937,3,-1.2259336205322395
-0.30699988944586126,-0.8569712082264987,0.6974283093277965,-1.1050451566960082,1.145066180607778,0.19147961338735234,1.4485511685660937,14,-0.42753243853477385
-0.30699988944586126,-0.8569712082264987,0.6974283093277965,-1.1050451566960082,1.145066180607778,0.19147961338735234,1.4485511685660937,28,-0.29746257630245393
-0.30699988944586126,-0.8569712082264987,0.6974283093277965,-1.1050451566960082,1.145066180607778,0.19147961338735234,1.4485511685660937,56,0.37266694432304653
-0.30699988944586126,-0.8569712082264987,0.6974283093277965,-1.1050451566960082,1.145066180607778,0.19147961338735234,1.4485511685660937,100,0.913925403289797
-0.27636486979355945,-0.8569712082264987,0.6974283093277965,-1.6612620421095876,1.386460501305479,0.19147961338735234,1.4485511685660937,3,-0.8411186364163439
-0.27636486979355945,-0.8569712082264987,0.6974283093277965,-1.6612620421095876,1.386460501305479,0.19147961338735234,1.4485511685660937,14,0.38825135177945336
-0.27636486979355945,-0.8569712082264987,0.6974283093277965,-1.6612620421095876,1.386460501305479,0.19147961338735234,1.4485511685660937,28,0.8863529900976922
-0.27636486979355945,-0.8569712082264987,0.6974283093277965,-1.6612620421095876,1.386460501305479,0.19147961338735234,1.4485511685660937,56,1.1998393400861864
-0.27636486979355945,-0.8569712082264987,0.6974283093277965,-1.6612620421095876,1.386460501305479,0.19147961338735234,1.4485511685660937,100,1.5067322869200475
-0.3290188098209529,-0.8569712082264987,1.108584685201152,-1.8026731146723622,1.00712656878052,1.4653452912283769,0.3442166040226197,3,-0.736822986515774
-0.3290188098209529,-0.8569712082264987,1.108584685201152,-1.8026731146723622,1.00712656878052,1.4653452912283769,0.3442166040226197,14,0.38405554977195916
-0.3290188098209529,-0.8569712082264987,1.108584685201152,-1.8026731146723622,1.00712656878052,1.4653452912283769,0.3442166040226197,28,1.0002390445868201
-0.3290188098209529,-0.8569712082264987,1.108584685201152,-1.8026731146723622,1.00712656878052,1.4653452912283769,0.3442166040226197,56,1.4689700688525995
-0.3290188098209529,-0.8569712082264987,1.108584685201152,-1.8026731146723622,1.00712656878052,1.4653452912283769,0.3442166040226197,100,1.834604243791379
-0.05809035477091035,-0.8569712082264987,1.0507413927779043,-1.0390533228333798,0.6450350877339682,1.038149932598861,0.05089732127214009,3,-0.7200397784857973
-0.05809035477091035,-0.8569712082264987,1.0507413927779043,-1.0390533228333798,0.6450350877339682,1.038149932598861,0.05089732127214009,14,0.1772624508311744
-0.05809035477091035,-0.8569712082264987,1.0507413927779043,-1.0390533228333798,0.6450350877339682,1.038149932598861,0.05089732127214009,28,0.9301092110329886
-0.05809035477091035,-0.8569712082264987,1.0507413927779043,-1.0390533228333798,0.6450350877339682,1.038149932598861,0.05089732127214009,56,1.2609781693382447
-0.05809035477091035,-0.8569712082264987,1.0507413927779043,-1.0390533228333798,0.6450350877339682,1.038149932598861,0.05089732127214009,100,1.3664726198123842
0.15348274970279735,-0.8569712082264987,0.9897714358993458,-0.31785685276322856,0.5760652818203392,0.6418361661594317,-0.24994296872835214,3,-0.8333264326881404
0.15348274970279735,-0.8569712082264987,0.9897714358993458,-0.31785685276322856,0.5760652818203392,0.6418361661594317,-0.24994296872835214,14,0.07056919978346496
0.15348274970279735,-0.8569712082264987,0.9897714358993458,-0.31785685276322856,0.5760652818203392,0.6418361661594317,-0.24994296872835214,28,0.6945448983265291
0.15348274970279735,-0.8569712082264987,0.9897714358993458,-0.31785685276322856,0.5760652818203392,0.6418361661594317,-0.24994296872835214,56,0.9678714291004364
0.15348274970279735,-0.8569712082264987,0.9897714358993458,-0.31785685276322856,0.5760652818203392,0.6418361661594317,-0.24994296872835214,100,1.2543847661836112
-0.6458997943494479,-0.8569712082264987,1.8839974701182023,-1.2605973365150596,0.6967624421691897,1.036863199590942,0.03710880798045058,3,-1.0934661571527802
-0.6458997943494479,-0.8569712082264987,1.8839974701182023,-1.2605973365150596,0.6967624421691897,1.036863199590942,0.03710880798045058,14,-0.12483529370840757
-0.6458997943494479,-0.8569712082264987,1.8839974701182023,-1.2605973365150596,0.6967624421691897,1.036863199590942,0.03710880798045058,28,0.25997969040748814
-0.6458997943494479,-0.8569712082264987,1.8839974701182023,-1.2605973365150596,0.6967624421691897,1.036863199590942,0.03710880798045058,56,0.648990476530878
-0.6458997943494479,-0.8569712082264987,1.8839974701182023,-1.2605973365150596,0.6967624421691897,1.036863199590942,0.03710880798045058,100,0.8551841751848781
-0.6478144830777166,-0.8569712082264987,1.8761808089799257,-1.2700247413525787,0.9553992143452982,1.0214224034958987,0.025827297105432405,3,-1.1054541628884778
-0.6478144830777166,-0.8569712082264987,1.8761808089799257,-1.2700247413525787,0.9553992143452982,1.0214224034958987,0.025827297105432405,14,-0.12663349456876186
-0.6478144830777166,-0.8569712082264987,1.8761808089799257,-1.2700247413525787,0.9553992143452982,1.0214224034958987,0.025827297105432405,28,0.607032456455936
-0.6478144830777166,-0.8569712082264987,1.8761808089799257,-1.2700247413525787,0.9553992143452982,1.0214224034958987,0.025827297105432405,56,0.9361032139008375
-0.6478144830777166,-0.8569712082264987,1.8761808089799257,-1.2700247413525787,0.9553992143452982,1.0214224034958987,0.025827297105432405,100,1.4078312396005412
-0.037986123124087744,0.2772774966117571,-0.46412753582012384,-0.9824888938082704,0.8691869569532621,1.1423753062404012,0.1135723816889093,3,-0.3214385877738494
-0.037986123124087744,0.2772774966117571,-0.46412753582012384,-0.9824888938082704,0.8691869569532621,1.1423753062404012,0.1135723816889093,14,0.7131263072168607
-0.037986123124087744,0.2772774966117571,-0.46412753582012384,-0.9824888938082704,0.8691869569532621,1.1423753062404012,0.1135723816889093,28,1.638000949725937
-0.037986123124087744,0.2772774966117571,-0.46412753582012384,-0.9824888938082704,0.8691869569532621,1.1423753062404012,0.1135723816889093,56,1.8585802552627737
-0.037986123124087744,0.2772774966117571,-0.46412753582012384,-0.9824888938082704,0.8691869569532621,1.1423753062404012,0.1135723816889093,100,1.8663724589909778
-0.6028192979633987,-0.2237403362002332,1.0882613662416323,-1.920515675141341,0.9898841173021128,1.322517927349233,0.24142950493911908,3,-0.5030568746696692
-0.6028192979633987,-0.2237403362002332,1.0882613662416323,-1.920515675141341,0.9898841173021128,1.322517927349233,0.24142950493911908,14,0.008830970244621832
-0.6028192979633987,-0.2237403362002332,1.0882613662416323,-1.920515675141341,0.9898841173021128,1.322517927349233,0.24142950493911908,28,1.18065853090907
-0.6028192979633987,-0.2237403362002332,1.0882613662416323,-1.920515675141341,0.9898841173021128,1.322517927349233,0.24142950493911908,56,1.5690699167456752
-0.6028192979633987,-0.2237403362002332,1.0882613662416323,-1.920515675141341,0.9898841173021128,1.322517927349233,0.24142950493911908,100,1.6613775609105474
-0.6344116619798347,-0.2330184442152701,1.0585580539161812,-1.222887717164987,0.5933077332987464,0.5324638604862124,0.08975585873053729,3,-1.0664931442474603
-0.6344116619798347,-0.2330184442152701,1.0585580539161812,-1.222887717164987,0.5933077332987464,0.5324638604862124,0.08975585873053729,14,0.16707264595583127
-0.6344116619798347,-0.2330184442152701,1.0585580539161812,-1.222887717164987,0.5933077332987464,0.5324638604862124,0.08975585873053729,28,0.9822570359832737
-0.6344116619798347,-0.2330184442152701,1.0585580539161812,-1.222887717164987,0.5933077332987464,0.5324638604862124,0.08975585873053729,56,1.0877514864574132
-0.6344116619798347,-0.2330184442152701,1.0585580539161812,-1.222887717164987,0.5933077332987464,0.5324638604862124,0.08975585873053729,100,1.2477913630289774
-0.5961178874144576,-0.8569712082264987,1.0929513629245986,-1.0861903470209713,0.8864294084316695,1.3611199175868398,0.26900653152249665,3,-1.2271324211058092
-0.5961178874144576,-0.8569712082264987,1.0929513629245986,-1.0861903470209713,0.8864294084316695,1.3611199175868398,0.26900653152249665,14,-0.5851747139591983
-0.5961178874144576,-0.8569712082264987,1.0929513629245986,-1.0861903470209713,0.8864294084316695,1.3611199175868398,0.26900653152249665,28,-0.33522479436990177
-0.5961178874144576,-0.8569712082264987,1.0929513629245986,-1.0861903470209713,0.8864294084316695,1.3611199175868398,0.26900653152249665,56,0.08735240781344179
-0.5961178874144576,-0.8569712082264987,1.0929513629245986,-1.0861903470209713,0.8864294084316695,1.3611199175868398,0.26900653152249665,100,0.6244150647726976
0.9078701086407247,-0.8569712082264987,-0.847143931595683,1.5581967099029141,-1.0619676086283474,0.39349669563082856,-0.13838136118650324,3,-1.1707887941480302
0.9078701086407247,-0.8569712082264987,-0.847143931595683,1.5581967099029141,-1.0619676086283474,0.39349669563082856,-0.13838136118650324,14,-0.6109489262909483
0.9078701086407247,-0.8569712082264987,-0.847143931595683,1.5581967099029141,-1.0619676086283474,0.39349669563082856,-0.13838136118650324,28,-0.23032974418254706
0.9078701086407247,-0.8569712082264987,-0.847143931595683,1.5581967099029141,-1.0619676086283474,0.39349669563082856,-0.13838136118650324,56,0.02921057999530767
0.9078701086407247,-0.8569712082264987,-0.847143931595683,1.5581967099029141,-1.0619676086283474,0.39349669563082856,-0.13838136118650324,100,0.43440517386188965
2.094977120167412,-0.8569712082264987,-0.847143931595683,-1.958225294491415,-0.3722695494920583,-0.08902818233925654,0.9972907335653552,28,1.90353527677164
1.855641029133806,-0.8569712082264987,0.07522208272096974,-1.8639512461162318,-0.73436103053861,1.6094593881154429,-1.6601318281056594,28,1.2837553802360702
0.3238900465187252,0.7319047893485632,-0.847143931595683,-1.7225401735534571,-0.044662971402320895,2.0212139506499156,-0.3564905714368598,28,2.634953476720896
2.142844338374134,-0.8569712082264987,0.09085540499752318,0.6343110358261201,-1.0619676086283474,0.7344809427296887,-1.7980169610225518,28,1.6907481749630064
1.6258783817415439,-0.8569712082264987,-0.847143931595683,-0.7797996898016263,0.8864294084316695,0.7344809427296887,-0.3564905714368598,28,2.5766617988310654
2.2481522184289204,-0.8569712082264987,-0.847143931595683,-0.9212107623644009,0.3519134126010452,-2.2121376454076307,0.35800511731430923,28,0.33310652539524394
2.2864459929942975,-0.8569712082264987,-0.847143931595683,-0.5441145688636685,-0.16536013175117154,-1.5173018211307083,1.022360757732063,28,1.4665724677054601
2.3630335421250512,-0.8569712082264987,-0.847143931595683,0.1629407939502047,0.12776154338175139,-0.6809253659825609,-0.6698658735207059,28,1.2597793687646748
2.2864459929942975,-0.8569712082264987,-0.847143931595683,-0.30842944792571075,-0.16536013175117154,-1.3242918699426742,0.3956101535643708,28,0.9115278021426575
0.994031101412823,-0.8569712082264987,1.2789878980155844,-1.1097588591147671,2.3865226870530982,-0.8996699773289994,-0.06818529351972141,28,1.1830561320562096
2.0959344645315467,-0.8569712082264987,-0.847143931595683,0.8699961567640779,-0.5446940642761305,1.949156902206384,-2.008605164022896,28,0.49854100454787226
1.6172622824643341,-0.27708945728669515,-0.847143931595683,0.8699961567640779,-0.5446940642761305,1.949156902206384,-2.008605164022896,28,0.2138258683250523
1.1089124251089542,-0.6574918859032063,1.6229209880997602,-0.6855256414264431,2.5244622988803562,-0.07616085226005427,-1.7604119247724903,28,1.1890501349240585
0.49621203206292175,-0.6540125953975675,1.7010875994825274,-0.6855256414264431,2.0244312060065464,0.2969917200368115,-1.5222466951887672,28,0.6873520948851106
0.505785475704266,-0.6528528318956879,1.6229209880997602,0.3514888907005709,1.5761274675679586,-0.07616085226005427,-1.7604119247724903,28,0.5105290102835697
1.185499974239708,-0.8569712082264987,-0.847143931595683,-0.30842944792571075,-1.0619676086283474,1.892540649857893,-0.9832411756045519,28,0.9882510388511223
-0.7770559722358641,1.4625557955327158,-0.847143931595683,0.3986259148881624,-1.0619676086283474,2.2142239018379497,-1.4219665985219365,28,0.8054339513817328
2.2481522184289204,-0.8569712082264987,-0.847143931595683,-0.9212107623644009,0.36915586407945267,-2.2121376454076307,0.35800511731430923,28,0.33310652539524394
-1.3035953725097982,0.48835445395384564,1.013221419314176,0.11580376976261314,-0.07914787435913538,-1.8003830828731582,1.335736059815909,28,-0.3987612247690994
-1.1599937178896342,0.6275260741793985,1.0601213861438363,0.021529721387430045,0.04154928598971525,-1.9161890535859787,1.323201047732555,28,0.21502466889862185
-0.45155888843015946,0.9522598547056885,-0.847143931595683,0.3514888907005709,-0.044662971402320895,0.1039817688487775,-0.16846539018655216,28,0.20903066603077292
-0.29838379016865135,1.2306030951567943,0.6380216846768935,-1.0626218349271754,0.5760652818203392,-1.452965170734697,0.33293509314760156,28,1.9215172853751872
1.855641029133806,-0.8569712082264987,-0.847143931595683,-0.9212107623644009,0.5760652818203392,0.9146235638385204,-1.3968965743552288,28,1.3610780172313206
0.03668673727839755,1.346579445344755,-0.847143931595683,-0.8740737381768093,0.24845870373060186,0.7473482728088909,-1.1085912964380904,28,1.0649742755595875
0.7164012358138396,0.5231473590102338,-0.847143931595683,-1.015484810739584,0.48985302442830314,1.133368175184959,-1.459571634771998,28,1.3898492309969948
-0.059047699135045,1.2306030951567943,1.0288547415907294,-0.9212107623644009,0.7312473451260044,-1.838985073110765,-0.10579032976978295,28,2.4232153254141346
2.094977120167412,-0.8569712082264987,-0.847143931595683,-1.4397180284279079,0.48985302442830314,0.7730829329672955,-1.4846416589387057,28,2.0395991418718094
-1.112126499682913,-0.8569712082264987,1.3978011473173906,-0.8363641188267356,-1.0619676086283474,0.4205180887971536,1.597717812358004,3,-1.2834760480635885
-1.112126499682913,0.6333248916887966,1.218017941137026,-0.3037157455069519,0.334670961122638,0.42309155481299315,-0.3364345521034934,3,-0.9825771040975765
-0.9876717323454377,0.6484018172132315,1.0069680904035545,-0.07745802940651193,-0.4412393554056872,0.44239254993179655,-0.3339275496868235,3,-0.9040556665287567
-1.0891502349436868,0.649561580715111,1.163301313169089,-0.284860935831915,0.28294360668741636,0.4295252198525943,-0.3364345521034934,3,-1.2511084325772048
-1.0412830167369655,-0.6992433719708722,1.8480408288821297,-1.1663232881398764,-0.3550270980136511,0.4295252198525943,1.039909774648758,3,-0.8704892504688033
-1.0307522287314868,-0.2759296937848155,1.8652374833863383,-0.789227094639144,0.05879173746812242,0.42823848684467525,0.25145751460580157,3,-0.763196599134309
-1.0929796124002245,0.017490472190725158,1.763620888588741,-0.8269367139892178,0.30018605816582367,0.44239254993179655,-0.04186176814467806,3,-1.2163432159436813
-1.0278801956390835,0.22624790252905447,1.6526243004252117,-0.4356994132322074,0.6105501847771536,0.4411058169238775,-0.3364345521034934,3,-1.1983612073401348
-0.8699183755569032,-0.8569712082264987,1.1101480174288072,-0.7043804511014801,0.6450350877339682,1.3649801166106,0.31914657985591205,3,-1.3943651011187919
-0.29838379016865135,-0.8569712082264987,0.6489650102704809,0.48347255842582776,-0.14811768027276437,-0.30905952669361564,1.049937784315442,3,-1.6377216175534548
-0.6478144830777166,-0.8569712082264987,1.8761808089799257,-1.0531944300896579,0.9553992143452982,0.9094766318068384,-0.019298746394641714,3,-1.2109486133626175
-0.8277952235349888,-0.8569712082264987,0.7240049571979373,-0.5346871640261507,0.2312162522521947,0.32272638019521604,1.6089993232330222,3,-1.4165429117298327
-0.28498096907076936,-0.8569712082264987,1.0022780937205884,0.5353232850321782,-0.061905422880728214,0.9094766318068384,-0.23991495906166962,3,-1.4285309174655303
-1.112126499682913,-0.8569712082264987,1.3978011473173906,-0.8363641188267356,-1.0619676086283474,0.4205180887971536,1.597717812358004,14,-1.1348247769409372
-1.112126499682913,0.6333248916887966,1.218017941137026,-0.3037157455069519,0.334670961122638,0.42309155481299315,-0.3364345521034934,14,-0.16319691206263975
-0.9876717323454377,0.6484018172132315,1.0069680904035545,-0.07745802940651193,-0.4412393554056872,0.44239254993179655,-0.3339275496868235,14,-0.09426587908237817
-1.0891502349436868,0.649561580715111,1.163301313169089,-0.284860935831915,0.28294360668741636,0.4295252198525943,-0.3364345521034934,14,-0.2399201487711052
-1.0412830167369655,-0.6992433719708722,1.8480408288821297,-1.1663232881398764,-0.3550270980136511,0.4295252198525943,1.039909774648758,14,-0.36339660784879124
-1.0307522287314868,-0.2759296937848155,1.8652374833863383,-0.789227094639144,0.05879173746812242,0.42823848684467525,0.25145751460580157,14,-0.16799211435691916
-1.0929796124002245,0.017490472190725158,1.763620888588741,-0.8269367139892178,0.30018605816582367,0.44239254993179655,-0.04186176814467806,14,-0.17458551751155285
-1.0278801956390835,0.22624790252905447,1.6526243004252117,-0.4356994132322074,0.6105501847771536,0.4411058169238775,-0.3364345521034934,14,-0.3753846135844889
-0.8699183755569032,-0.8569712082264987,1.1101480174288072,-0.7043804511014801,0.6450350877339682,1.3649801166106,0.31914657985591205,14,-0.9825771040975765
-0.29838379016865135,-0.8569712082264987,0.6489650102704809,0.48347255842582776,-0.14811768027276437,-0.30905952669361564,1.049937784315442,14,-0.6684913538222973
-0.6478144830777166,-0.8569712082264987,1.8761808089799257,-1.0531944300896579,0.9553992143452982,0.9094766318068384,-0.019298746394641714,14,-0.3729870124373494
-0.8277952235349888,-0.8569712082264987,0.7240049571979373,-0.5346871640261507,0.2312162522521947,0.32272638019521604,1.6089993232330222,14,-0.6912685647201228
-0.28498096907076936,-0.8569712082264987,1.0022780937205884,0.5353232850321782,-0.061905422880728214,0.9094766318068384,-0.23991495906166962,14,-0.9040556665287567
-1.112126499682913,-0.8569712082264987,1.3978011473173906,-0.8363641188267356,-1.0619676086283474,0.4205180887971536,1.597717812358004,28,-0.5761837096574252
-1.112126499682913,0.6333248916887966,1.218017941137026,-0.3037157455069519,0.334670961122638,0.42309155481299315,-0.3364345521034934,28,0.6340054693612559
-0.9876717323454377,0.6484018172132315,1.0069680904035545,-0.07745802940651193,-0.4412393554056872,0.44239254993179655,-0.3339275496868235,28,0.2006390620157845
-1.0891502349436868,0.649561580715111,1.163301313169089,-0.284860935831915,0.28294360668741636,0.4295252198525943,-0.3364345521034934,28,0.3229167205199012
-1.0412830167369655,-0.6992433719708722,1.8480408288821297,-1.1663232881398764,-0.3550270980136511,0.4295252198525943,1.039909774648758,28,-0.12723289485554706
-1.0307522287314868,-0.2759296937848155,1.8652374833863383,-0.789227094639144,0.05879173746812242,0.42823848684467525,0.25145751460580157,28,0.143096634484436
-1.0929796124002245,0.017490472190725158,1.763620888588741,-0.8269367139892178,0.30018605816582367,0.44239254993179655,-0.04186176814467806,28,0.33550412654238343
-1.0278801956390835,0.22624790252905447,1.6526243004252117,-0.4356994132322074,0.6105501847771536,0.4411058169238775,-0.3364345521034934,28,0.11972002329982548
-0.8699183755569032,-0.8569712082264987,1.1101480174288072,-0.7043804511014801,0.6450350877339682,1.3649801166106,0.31914657985591205,28,-0.6571027483733843
-0.29838379016865135,-0.8569712082264987,0.6489650102704809,0.48347255842582776,-0.14811768027276437,-0.30905952669361564,1.049937784315442,28,-0.515044880405367
-0.6478144830777166,-0.8569712082264987,1.8761808089799257,-1.0531944300896579,0.9553992143452982,0.9094766318068384,-0.019298746394641714,28,0.5291104191739012
-0.8277952235349888,-0.8569712082264987,0.7240049571979373,-0.5346871640261507,0.2312162522521947,0.32272638019521604,1.6089993232330222,28,0.08735240781344179
-0.28498096907076936,-0.8569712082264987,1.0022780937205884,0.5353232850321782,-0.061905422880728214,0.9094766318068384,-0.23991495906166962,28,-0.15240770690051186
-1.112126499682913,-0.8569712082264987,1.3978011473173906,-0.8363641188267356,-1.0619676086283474,0.4205180887971536,1.597717812358004,56,0.044794987451714965
-1.112126499682913,0.6333248916887966,1.218017941137026,-0.3037157455069519,0.334670961122638,0.42309155481299315,-0.3364345521034934,56,1.073365879574576
-0.9876717323454377,0.6484018172132315,1.0069680904035545,-0.07745802940651193,-0.4412393554056872,0.44239254993179655,-0.3339275496868235,56,0.7658735324539306
-1.0891502349436868,0.649561580715111,1.163301313169089,-0.284860935831915,0.28294360668741636,0.4295252198525943,-0.3364345521034934,56,0.953485822217599
-1.0412830167369655,-0.6992433719708722,1.8480408288821297,-1.1663232881398764,-0.3550270980136511,0.4295252198525943,1.039909774648758,56,0.002237567089988141
-1.0307522287314868,-0.2759296937848155,1.8652374833863383,-0.789227094639144,0.05879173746812242,0.42823848684467525,0.25145751460580157,56,1.0763628810085006
-1.0929796124002245,0.017490472190725158,1.763620888588741,-0.8269367139892178,0.30018605816582367,0.44239254993179655,-0.04186176814467806,56,1.057781472118169
-1.0278801956390835,0.22624790252905447,1.6526243004252117,-0.4356994132322074,0.6105501847771536,0.4411058169238775,-0.3364345521034934,56,0.7898495439253259
-0.8699183755569032,-0.8569712082264987,1.1101480174288072,-0.7043804511014801,0.6450350877339682,1.3649801166106,0.31914657985591205,56,-0.24531475135216915
-0.29838379016865135,-0.8569712082264987,0.6489650102704809,0.48347255842582776,-0.14811768027276437,-0.30905952669361564,1.049937784315442,56,0.22941027578145917
-0.6478144830777166,-0.8569712082264987,1.8761808089799257,-1.0531944300896579,0.9553992143452982,0.9094766318068384,-0.019298746394641714,56,0.9259134090254943
-0.8277952235349888,-0.8569712082264987,0.7240049571979373,-0.5346871640261507,0.2312162522521947,0.32272638019521604,1.6089993232330222,56,0.4541853833257907
-0.28498096907076936,-0.8569712082264987,1.0022780937205884,0.5353232850321782,-0.061905422880728214,0.9094766318068384,-0.23991495906166962,56,0.2072324651704186
-1.112126499682913,-0.8569712082264987,1.3978011473173906,-0.8363641188267356,-1.0619676086283474,0.4205180887971536,1.597717812358004,100,0.12871102760159867
-1.112126499682913,0.6333248916887966,1.218017941137026,-0.3037157455069519,0.334670961122638,0.42309155481299315,-0.3364345521034934,100,1.151287916856611
-0.9876717323454377,0.6484018172132315,1.0069680904035545,-0.07745802940651193,-0.4412393554056872,0.44239254993179655,-0.3339275496868235,100,0.8497895726038143
-1.0891502349436868,0.649561580715111,1.163301313169089,-0.284860935831915,0.28294360668741636,0.4295252198525943,-0.3364345521034934,100,1.0697694778538664
-1.0412830167369655,-0.6992433719708722,1.8480408288821297,-1.1663232881398764,-0.3550270980136511,0.4295252198525943,1.039909774648758,100,0.11192781957162183
-1.0307522287314868,-0.2759296937848155,1.8652374833863383,-0.789227094639144,0.05879173746812242,0.42823848684467525,0.25145751460580157,100,1.213625546682239
-1.0929796124002245,0.017490472190725158,1.763620888588741,-0.8269367139892178,0.30018605816582367,0.44239254993179655,-0.04186176814467806,100,1.2585805681911053
-1.0278801956390835,0.22624790252905447,1.6526243004252117,-0.4356994132322074,0.6105501847771536,0.4411058169238775,-0.3364345521034934,100,0.9067325998483781
-0.8699183755569032,-0.8569712082264987,1.1101480174288072,-0.7043804511014801,0.6450350877339682,1.3649801166106,0.31914657985591205,100,-0.13502509858375028
-0.29838379016865135,-0.8569712082264987,0.6489650102704809,0.48347255842582776,-0.14811768027276437,-0.30905952669361564,1.049937784315442,100,0.32051911937276134
-0.6478144830777166,-0.8569712082264987,1.8761808089799257,-1.0531944300896579,0.9553992143452982,0.9094766318068384,-0.019298746394641714,100,1.0278114577789248
-0.8277952235349888,-0.8569712082264987,0.7240049571979373,-0.5346871640261507,0.2312162522521947,0.32272638019521604,1.6089993232330222,100,0.5075320088496454
-0.28498096907076936,-0.8569712082264987,1.0022780937205884,0.5353232850321782,-0.061905422880728214,0.9094766318068384,-0.23991495906166962,100,0.25997969040748814
1.5780111635348226,-0.578627967775393,0.38788852825203846,-0.9212107623644009,0.938156762866891,-0.07616085226005427,-0.7701459701875366,28,1.2717673745003726
1.5780111635348226,-0.578627967775393,0.38788852825203846,-0.9212107623644009,0.938156762866891,-0.07616085226005427,-0.7701459701875366,28,0.5159236128646338
1.5780111635348226,-0.578627967775393,0.38788852825203846,-0.9212107623644009,0.938156762866891,-0.07616085226005427,-0.7701459701875366,28,0.9115278021426575
1.5780111635348226,-0.578627967775393,0.38788852825203846,-0.9212107623644009,0.7140048936475972,-0.07616085226005427,-0.7701459701875366,28,1.053585670110675
1.5780111635348226,-0.578627967775393,0.38788852825203846,-0.9212107623644009,0.938156762866891,-0.07616085226005427,-0.7701459701875366,3,-0.0271330469624713
1.5780111635348226,-0.578627967775393,0.38788852825203846,-0.9212107623644009,0.938156762866891,-0.07616085226005427,-0.7701459701875366,3,-0.6469129434980415
1.5780111635348226,-0.578627967775393,0.38788852825203846,-0.9212107623644009,0.938156762866891,-0.07616085226005427,-0.7701459701875366,3,-0.747012791391117
1.5780111635348226,-0.578627967775393,0.38788852825203846,-0.9212107623644009,0.938156762866891,-0.07616085226005427,-0.7701459701875366,7,0.9708684305343607
1.5780111635348226,-0.578627967775393,0.38788852825203846,-0.9212107623644009,0.938156762866891,-0.07616085226005427,-0.7701459701875366,7,0.1323074293223081
1.5780111635348226,-0.578627967775393,0.38788852825203846,-0.9212107623644009,0.938156762866891,-0.07616085226005427,-0.7701459701875366,7,0.20903066603077292
1.5780111635348226,-0.578627967775393,0.38788852825203846,-0.9212107623644009,0.938156762866891,-0.07616085226005427,-0.7701459701875366,56,1.5139250903614658
1.5780111635348226,-0.578627967775393,0.38788852825203846,-0.9212107623644009,0.938156762866891,-0.07616085226005427,-0.7701459701875366,56,1.218420748976518
1.5780111635348226,-0.578627967775393,0.38788852825203846,-0.9212107623644009,0.938156762866891,-0.07616085226005427,-0.7701459701875366,56,1.1650741234526631
1.5780111635348226,-0.578627967775393,0.38788852825203846,-0.9212107623644009,0.7140048936475972,-0.07616085226005427,-0.7701459701875366,56,1.136302909686989
1.0131779886955115,-0.6250185078505773,0.62238836240034,-1.1568958833023586,1.4037029527838865,-0.4493134245569201,0.8970106368985244,28,0.8647745797734364
1.0131779886955115,-0.6250185078505773,0.62238836240034,-1.1568958833023586,1.3347331468702575,-0.4493134245569201,0.8970106368985244,28,0.6513880776780175
1.0131779886955115,-0.6250185078505773,0.62238836240034,-1.1568958833023586,0.938156762866891,-0.4493134245569201,0.8970106368985244,28,0.6513880776780175
1.0131779886955115,-0.6250185078505773,0.62238836240034,-1.1568958833023586,1.4037029527838865,-0.4493134245569201,0.8970106368985244,3,-0.7829768085982102
1.0131779886955115,-0.6250185078505773,0.62238836240034,-1.1568958833023586,1.3347331468702575,-0.4493134245569201,0.8970106368985244,3,-0.6175423294455821
1.0131779886955115,-0.6250185078505773,0.62238836240034,-1.1568958833023586,0.938156762866891,-0.4493134245569201,0.8970106368985244,3,-0.06249766388277924
1.0131779886955115,-0.6250185078505773,0.62238836240034,-1.1568958833023586,1.4037029527838865,-0.4493134245569201,0.8970106368985244,7,0.061578195481691786
1.0131779886955115,-0.6250185078505773,0.62238836240034,-1.1568958833023586,1.3347331468702575,-0.4493134245569201,0.8970106368985244,7,0.6046348553087965
1.0131779886955115,-0.6250185078505773,0.62238836240034,-1.1568958833023586,0.938156762866891,-0.4493134245569201,0.8970106368985244,7,0.3510885339987907
1.0131779886955115,-0.6250185078505773,0.62238836240034,-1.1568958833023586,1.4037029527838865,-0.4493134245569201,0.8970106368985244,56,1.2304087547122158
1.0131779886955115,-0.6250185078505773,0.62238836240034,-1.1568958833023586,1.3347331468702575,-0.4493134245569201,0.8970106368985244,56,0.7287107146732675
1.0131779886955115,-0.6250185078505773,0.62238836240034,-1.1568958833023586,0.938156762866891,-0.4493134245569201,0.8970106368985244,56,1.5373017015460764
0.7068277921724954,-0.6366161428693734,0.6692883292300004,-1.7225401735534571,1.1967935350429995,-0.07616085226005427,1.2229209510657244,28,0.49254700168002336
0.7068277921724954,-0.6366161428693734,0.6692883292300004,-1.7225401735534571,1.058853923215742,-0.07616085226005427,1.2229209510657244,28,1.1770621291883612
2.0088161273953142,-0.5554326977378009,1.0757547084203898,1.3413663986399933,-0.38951200097046557,-1.169883908992247,-0.9331011272711366,28,1.1830561320562096
2.0088161273953142,-0.5554326977378009,1.0757547084203898,0.9171331809516694,-0.38951200097046557,-1.9419237137443832,-0.9331011272711366,28,1.3251140000242274
2.0088161273953142,-0.5554326977378009,1.0757547084203898,1.3413663986399933,-0.38951200097046557,-1.169883908992247,-0.9331011272711366,3,-0.6115483265777333
2.0088161273953142,-0.5554326977378009,1.0757547084203898,1.3413663986399933,-0.38951200097046557,-1.169883908992247,-0.9331011272711366,7,-0.13922090059124448
2.0088161273953142,-0.5554326977378009,1.0757547084203898,1.3413663986399933,-0.38951200097046557,-1.169883908992247,-0.9331011272711366,56,1.425213847917303
2.0088161273953142,-0.5554326977378009,1.0757547084203898,0.9171331809516694,-0.38951200097046557,-1.9419237137443832,-0.9331011272711366,3,-0.3753846135844889
2.0088161273953142,-0.5554326977378009,1.0757547084203898,0.9171331809516694,-0.38951200097046557,-1.9419237137443832,-0.9331011272711366,7,0.12631342645445917
2.0088161273953142,-0.5554326977378009,1.0757547084203898,0.9171331809516694,-0.38951200097046557,-1.9419237137443832,-0.9331011272711366,56,1.5612777130174715
1.367395403425249,-0.6018232378129852,1.2164546089093708,-0.16701837536293615,0.403640767036267,-1.9419237137443832,-0.29381551102009057,28,1.5726663184663843
1.367395403425249,-0.6018232378129852,1.2164546089093708,-0.16701837536293615,0.403640767036267,-1.169883908992247,-0.29381551102009057,3,-0.22793214303540757
1.367395403425249,-0.6018232378129852,1.2164546089093708,-0.6383886172388517,0.47261057294989595,-1.9419237137443832,-0.29381551102009057,28,2.1750636066851925
1.367395403425249,-0.6018232378129852,1.2164546089093708,-0.16701837536293615,0.403640767036267,-1.9419237137443832,-0.29381551102009057,7,0.19104865742722654
1.367395403425249,-0.6018232378129852,1.2164546089093708,-0.16701837536293615,0.403640767036267,-1.9419237137443832,-0.29381551102009057,56,1.7914474231428674
1.367395403425249,-0.6018232378129852,1.2164546089093708,-0.6383886172388517,0.47261057294989595,-1.9419237137443832,-0.29381551102009057,3,-0.22193814016755864
1.367395403425249,-0.6018232378129852,1.2164546089093708,-0.6383886172388517,0.47261057294989595,-1.9419237137443832,-0.29381551102009057,7,0.26837129442247654
1.367395403425249,-0.6018232378129852,1.2164546089093708,-0.6383886172388517,0.47261057294989595,-1.9419237137443832,-0.29381551102009057,56,2.310528071498577
-0.7579090849531755,-0.729397223019742,1.3571545093983517,1.1528183018896272,-0.7688459334954245,-0.39784410424011096,0.3454701052309554,28,-0.8297300309674311
-0.7579090849531755,-0.729397223019742,1.3571545093983517,1.1528183018896272,-0.7688459334954245,-0.39784410424011096,0.3454701052309554,3,-1.5562031785507107
-0.7579090849531755,-0.729397223019742,1.3571545093983517,1.1528183018896272,-0.7688459334954245,-0.39784410424011096,0.3454701052309554,7,-1.2433162288490012
-0.7579090849531755,-0.729397223019742,1.3571545093983517,1.1528183018896272,-0.7688459334954245,-0.39784410424011096,0.3454701052309554,56,-0.7530067942589659
0.027113293637053296,-0.6830066829445577,1.3571545093983517,-0.1198813511753446,-0.11363277731594987,-1.684577112160338,0.3454701052309554,28,0.47456499307647654
0.027113293637053296,-0.6830066829445577,1.3571545093983517,-0.1198813511753446,-0.11363277731594987,-1.684577112160338,0.3454701052309554,3,-1.3434160767420769
0.027113293637053296,-0.6830066829445577,1.3571545093983517,-0.1198813511753446,-0.11363277731594987,-1.684577112160338,0.3454701052309554,7,-0.7002595690218962
0.027113293637053296,-0.6830066829445577,1.3571545093983517,-0.1198813511753446,-0.11363277731594987,-1.684577112160338,0.3454701052309554,56,0.5219176157324827
0.7451215667378724,-0.6366161428693734,1.3571545093983517,-1.2983069558651332,0.8174596025180405,-0.39784410424011096,0.3454701052309554,28,1.626012943990239
0.7451215667378724,-0.6366161428693734,1.3571545093983517,-1.2983069558651332,0.8174596025180405,-0.39784410424011096,0.3454701052309554,28,1.4192198450494542
0.7451215667378724,-0.6366161428693734,1.3571545093983517,-1.2983069558651332,0.8174596025180405,-0.39784410424011096,0.3454701052309554,3,-0.6409189406301925
0.7451215667378724,-0.6366161428693734,1.3571545093983517,-1.2983069558651332,0.8174596025180405,-0.39784410424011096,0.3454701052309554,3,-0.7296301830743555
0.7451215667378724,-0.6366161428693734,1.3571545093983517,-1.2983069558651332,0.8174596025180405,-0.39784410424011096,0.3454701052309554,7,-0.0037564357778607856
0.7451215667378724,-0.6366161428693734,1.3571545093983517,-1.2983069558651332,0.8174596025180405,-0.39784410424011096,0.3454701052309554,7,0.16767204624261603
0.7451215667378724,-0.6366161428693734,1.3571545093983517,-1.2983069558651332,0.8174596025180405,-0.39784410424011096,0.3454701052309554,56,1.9742645106122567
0.7451215667378724,-0.6366161428693734,1.3571545093983517,-1.2983069558651332,0.8174596025180405,-0.39784410424011096,0.3454701052309554,56,1.8561826541156348
1.48227672712138,-0.8569712082264987,-0.847143931595683,1.7184625921407257,-1.0619676086283474,-1.7308995004454664,-0.6736263771457115,28,-0.7170427770518728
0.07498051184377456,-0.8569712082264987,-0.847143931595683,0.4928999632633455,-1.0619676086283474,-0.7684232105211357,1.5275217446912221,90,-0.22433574131469813
0.07498051184377456,-0.8569712082264987,-0.847143931595683,0.4928999632633455,-1.0619676086283474,-0.7684232105211357,1.5275217446912221,3,-1.4483111269294315
1.070618650543577,-0.8569712082264987,-0.847143931595683,0.4928999632633455,-1.0619676086283474,-0.4158583663509939,0.1524309191473065,3,-0.9957639104068441
1.070618650543577,-0.8569712082264987,-0.847143931595683,0.4928999632633455,-1.0619676086283474,-0.4158583663509939,0.1524309191473065,90,0.7814579399103375
1.070618650543577,-0.8569712082264987,-0.847143931595683,0.4928999632633455,-1.0619676086283474,-0.4158583663509939,0.1524309191473065,28,0.22701267463431968
1.9035082473405271,-0.8569712082264987,-0.847143931595683,0.4928999632633455,-1.0619676086283474,-0.47247461869948354,-0.7676389677708653,28,0.4871523990989592
1.9035082473405271,-0.8569712082264987,-0.847143931595683,0.4928999632633455,-1.0619676086283474,-0.47247461869948354,-0.7676389677708653,7,-0.0744856696184771
1.9035082473405271,-0.8569712082264987,-0.847143931595683,0.4928999632633455,-1.0619676086283474,-0.47247461869948354,-0.7676389677708653,90,1.109329896781669
1.9035082473405271,-0.8569712082264987,-0.847143931595683,0.4928999632633455,-1.0619676086283474,-0.47247461869948354,-0.7676389677708653,3,-0.6840757612787044
0.49621203206292175,-0.8569712082264987,-0.847143931595683,0.4928999632633455,-1.0619676086283474,-0.5368112690954949,0.8669266078984755,3,-1.2103492130758327
-0.2505165719619301,-0.8569712082264987,-0.847143931595683,0.4928999632633455,-1.0619676086283474,-1.06951873437447,2.150511845233909,90,-0.8363234341220649
-0.2505165719619301,-0.8569712082264987,-0.847143931595683,0.4928999632633455,-1.0619676086283474,-1.06951873437447,2.150511845233909,7,-1.53402536793967
0.07498051184377456,-0.8569712082264987,-0.847143931595683,0.4928999632633455,-1.0619676086283474,-0.7684232105211357,1.5275217446912221,7,-1.2714880423278907
-0.2505165719619301,-0.8569712082264987,-0.847143931595683,0.4928999632633455,-1.0619676086283474,-1.06951873437447,2.150511845233909,28,-1.0227369233121637
0.49621203206292175,-0.8569712082264987,-0.847143931595683,0.4928999632633455,-1.0619676086283474,-0.5368112690954949,0.8669266078984755,28,-0.23032974418254706
0.49621203206292175,-0.8569712082264987,-0.847143931595683,0.4928999632633455,-1.0619676086283474,-0.5368112690954949,0.8669266078984755,7,-0.7440157899571928
0.07498051184377456,-0.8569712082264987,-0.847143931595683,0.4928999632633455,-1.0619676086283474,-0.7684232105211357,1.5275217446912221,28,-0.6139459277248728
0.49621203206292175,-0.8569712082264987,-0.847143931595683,0.4928999632633455,-1.0619676086283474,-0.5368112690954949,0.8669266078984755,90,0.3516879342855755
1.070618650543577,-0.8569712082264987,-0.847143931595683,0.4928999632633455,-1.0619676086283474,-0.4158583663509939,0.1524309191473065,7,-0.4838760654925531
-0.2505165719619301,-0.8569712082264987,-0.847143931595683,0.4928999632633455,-1.0619676086283474,-1.06951873437447,2.150511845233909,3,-1.6551042258702167
-1.1714818502592472,1.9055854532507253,-0.847143931595683,0.19593671088151823,-1.0619676086283474,0.8708746415692316,-0.4906152007287465,7,-1.5699893851467632
-0.39794760403863166,3.287733606615747,-0.847143931595683,0.19593671088151823,-1.0619676086283474,-0.4029910362717916,-1.3680660465635155,7,-0.622936932026646
-0.41135042513651365,0.9847332327583177,-0.847143931595683,0.19593671088151823,-1.0619676086283474,0.8708746415692316,-0.4906152007287465,7,-1.2061534110683385
-0.950335302144195,2.30686362490107,-0.847143931595683,0.19593671088151823,-1.0619676086283474,0.5080159333357285,-0.7413154423958234,28,-0.4718880597568552
-0.8392833559046018,2.508662474228121,-0.847143931595683,0.19593671088151823,-1.0619676086283474,0.3252998462110571,-0.8666655632293618,28,-0.19076932525474447
-0.24572985014125798,1.1181060354744725,-0.847143931595683,0.19593671088151823,-1.0619676086283474,0.6907320204603998,-0.6159653215622849,7,-1.1132463666166814
-0.08010927514600225,1.2526386016925068,-0.847143931595683,0.19593671088151823,-1.0619676086283474,0.5080159333357285,-0.7413154423958234,7,-0.9615980940601057
-0.39794760403863166,3.287733606615747,-0.847143931595683,0.19593671088151823,-1.0619676086283474,-0.4029910362717916,-1.3680660465635155,28,0.2174222700457613
-0.5779283444959035,0.8502006665402829,-0.847143931595683,0.19593671088151823,-1.0619676086283474,1.0561641947097453,-0.36526507989520807,28,-0.6031567225627449
1.1089124251089542,-0.8569712082264987,-0.847143931595683,0.19593671088151823,-1.0619676086283474,0.8708746415692316,-0.4906152007287465,28,-0.16379631234942496
0.9700974923094624,-0.8569712082264987,-0.847143931595683,0.19593671088151823,-1.0619676086283474,0.9635194181394885,-0.4279401403119773,7,-0.7038559707426054
-0.6746201252734807,2.80904122121494,-0.847143931595683,0.19593671088151823,-1.0619676086283474,0.05251244853196842,-1.0546907444796694,7,-0.8387210352692044
-1.1714818502592472,1.9055854532507253,-0.847143931595683,0.19593671088151823,-1.0619676086283474,0.8708746415692316,-0.4906152007287465,28,-0.8836760567780707
0.1400799286049156,-0.8569712082264987,-0.847143931595683,0.19593671088151823,-1.0619676086283474,1.524535009592709,-0.05188977781136199,7,-1.2571024354450535
-0.24572985014125798,1.1181060354744725,-0.847143931595683,0.19593671088151823,-1.0619676086283474,0.6907320204603998,-0.6159653215622849,28,-0.22553454188826808
-0.7435489194911592,0.7168278638241281,-0.847143931595683,0.19593671088151823,-1.0619676086283474,1.328951592388834,-0.17723989864490042,7,-1.4297297180391
1.1089124251089542,-0.8569712082264987,-0.847143931595683,0.19593671088151823,-1.0619676086283474,0.8708746415692316,-0.4906152007287465,7,-0.6211387311662915
0.9595667043039835,-0.8569712082264987,-0.847143931595683,0.19593671088151823,-1.0619676086283474,1.6943837666381767,0.13613540343894565,28,-0.7985612160546173
0.1400799286049156,-0.8569712082264987,-0.847143931595683,0.19593671088151823,-1.0619676086283474,1.524535009592709,-0.05188977781136199,28,-0.6349249377623438
-0.508999550278225,3.1105797317036377,-0.847143931595683,0.19593671088151823,-1.0619676086283474,-0.22027494914712026,-1.2427159257299771,28,0.2330066775021686
-0.5779283444959035,0.8502006665402829,-0.847143931595683,0.19593671088151823,-1.0619676086283474,1.0561641947097453,-0.36526507989520807,7,-1.3619974856324082
0.33442083452420407,1.5866504902338334,-0.847143931595683,0.19593671088151823,-1.0619676086283474,0.05251244853196842,-1.0546907444796694,28,0.1730666488236802
-1.3926283983742997,1.503147518098502,-0.847143931595683,0.19593671088151823,-1.0619676086283474,1.328951592388834,-0.17723989864490042,7,-1.6964628456583737
-0.41230776950064807,-0.8569712082264987,-0.847143931595683,0.19593671088151823,-1.0619676086283474,1.8770998537628496,0.19881046385571488,28,-1.0928667568659953
0.5555673826392561,-0.8569712082264987,-0.847143931595683,0.19593671088151823,-1.0619676086283474,1.2388802818344182,-0.23991495906166962,7,-0.877082653623437
-1.3926283983742997,1.503147518098502,-0.847143931595683,0.19593671088151823,-1.0619676086283474,1.328951592388834,-0.17723989864490042,28,-1.0557039390853324
-0.8392833559046018,2.508662474228121,-0.847143931595683,0.19593671088151823,-1.0619676086283474,0.3252998462110571,-0.8666655632293618,7,-1.1156439677638208
-0.7435489194911592,0.7168278638241281,-0.847143931595683,0.19593671088151823,-1.0619676086283474,1.328951592388834,-0.17723989864490042,28,-0.7901696120396288
0.08646864421338757,1.3871711679105412,-0.847143931595683,0.19593671088151823,-1.0619676086283474,0.3252998462110571,-0.8666655632293618,7,-0.8363234341220649
-0.950335302144195,2.30686362490107,-0.847143931595683,0.19593671088151823,-1.0619676086283474,0.5080159333357285,-0.7413154423958234,7,-1.40515430628092
-1.0613872483837883,0.9464610371962905,-0.847143931595683,0.19593671088151823,-1.0619676086283474,0.6907320204603998,-0.6159653215622849,28,-0.6043555231363147
-0.6746201252734807,2.80904122121494,-0.847143931595683,0.19593671088151823,-1.0619676086283474,0.05251244853196842,-1.0546907444796694,28,0.11972002329982548
-0.508999550278225,3.1105797317036377,-0.847143931595683,0.19593671088151823,-1.0619676086283474,-0.22027494914712026,-1.2427159257299771,7,-0.8327270324013554
0.08646864421338757,1.3871711679105412,-0.847143931595683,0.19593671088151823,-1.0619676086283474,0.3252998462110571,-0.8666655632293618,28,-0.16619391349656443
0.9595667043039835,-0.8569712082264987,-0.847143931595683,0.19593671088151823,-1.0619676086283474,1.6943837666381767,0.13613540343894565,7,-1.2750844440486
-0.41135042513651365,0.9847332327583177,-0.847143931595683,0.19593671088151823,-1.0619676086283474,0.8708746415692316,-0.4906152007287465,28,-0.5336262892956983
-0.9091694944864149,0.5822952976060938,-0.847143931595683,0.19593671088151823,-1.0619676086283474,1.421596368959091,-0.11456483822813121,7,-1.6670922316059142
0.5555673826392561,-0.8569712082264987,-0.847143931595683,0.19593671088151823,-1.0619676086283474,1.2388802818344182,-0.23991495906166962,28,-0.23452554619004126
-0.41230776950064807,-0.8569712082264987,-0.847143931595683,0.19593671088151823,-1.0619676086283474,1.8770998537628496,0.19881046385571488,7,-1.5268325644982514
-0.27445018106529073,-0.8569712082264987,-0.847143931595683,0.19593671088151823,-1.0619676086283474,1.7844550771925927,0.13613540343894565,28,-0.9615980940601057
0.9700974923094624,-0.8569712082264987,-0.847143931595683,0.19593671088151823,-1.0619676086283474,0.9635194181394885,-0.4279401403119773,28,0.09754221268878449
-0.27445018106529073,-0.8569712082264987,-0.847143931595683,0.19593671088151823,-1.0619676086283474,1.7844550771925927,0.13613540343894565,7,-1.4585009318047746
0.33442083452420407,1.5866504902338334,-0.847143931595683,0.19593671088151823,-1.0619676086283474,0.05251244853196842,-1.0546907444796694,7,-0.6816781601315647
-0.9091694944864149,0.5822952976060938,-0.847143931595683,0.19593671088151823,-1.0619676086283474,1.421596368959091,-0.11456483822813121,28,-1.0916679562924254
-1.0613872483837883,0.9464610371962905,-0.847143931595683,0.19593671088151823,-1.0619676086283474,0.6907320204603998,-0.6159653215622849,7,-1.503455953313641
-0.08010927514600225,1.2526386016925068,-0.847143931595683,0.19593671088151823,-1.0619676086283474,0.5080159333357285,-0.7413154423958234,28,-0.2656943611028552
0.5536526939109873,-0.8569712082264987,-0.847143931595683,0.7285850842013032,-1.0619676086283474,-0.063293522180852,0.09476986356387854,3,-1.3542052819042047
0.5536526939109873,-0.8569712082264987,-0.847143931595683,0.7285850842013032,-1.0619676086283474,-0.063293522180852,0.09476986356387854,7,-0.8896700596459196
0.5536526939109873,-0.8569712082264987,-0.847143931595683,0.7285850842013032,-1.0619676086283474,-0.063293522180852,0.09476986356387854,14,-0.5258340855674949
0.5536526939109873,-0.8569712082264987,-0.847143931595683,0.7285850842013032,-1.0619676086283474,-0.063293522180852,0.09476986356387854,28,-0.22613394217505284
0.5536526939109873,-0.8569712082264987,-0.847143931595683,0.7285850842013032,-1.0619676086283474,-0.063293522180852,0.09476986356387854,90,-0.038521652411383965
0.5536526939109873,-0.8569712082264987,-0.847143931595683,0.7285850842013032,-1.0619676086283474,-0.063293522180852,0.09476986356387854,180,0.03820158429708127
0.5536526939109873,-0.8569712082264987,-0.847143931595683,0.7285850842013032,-1.0619676086283474,-0.063293522180852,0.09476986356387854,365,0.18445525427259285
-0.4324120011474709,-0.8569712082264987,-0.847143931595683,0.5871740116385286,-1.0619676086283474,-0.063293522180852,1.3984111202326783,3,-1.7588004754840016
-0.4324120011474709,-0.8569712082264987,-0.847143931595683,0.5871740116385286,-1.0619676086283474,-0.063293522180852,1.3984111202326783,14,-1.3769824928020302
-0.4324120011474709,-0.8569712082264987,-0.847143931595683,0.5871740116385286,-1.0619676086283474,-0.063293522180852,1.3984111202326783,28,-1.042517132776065
-0.4324120011474709,-0.8569712082264987,-0.847143931595683,0.5871740116385286,-1.0619676086283474,-0.063293522180852,1.3984111202326783,90,-0.830928831541001
-0.4324120011474709,-0.8569712082264987,-0.847143931595683,0.5400369874509371,-1.0619676086283474,-0.063293522180852,1.3984111202326783,180,-0.7020577698822507
-0.4324120011474709,-0.8569712082264987,-0.847143931595683,0.5400369874509371,-1.0619676086283474,-0.063293522180852,1.3984111202326783,365,-0.6433165417773322
-0.039900811852356485,-0.8569712082264987,-0.847143931595683,0.445762939075754,-1.0619676086283474,-0.063293522180852,1.0348957698154169,14,-0.8722874513291577
-0.039900811852356485,-0.8569712082264987,-0.847143931595683,0.445762939075754,-1.0619676086283474,-0.063293522180852,1.0348957698154169,28,-0.5899699162534775
-0.039900811852356485,-0.8569712082264987,-0.847143931595683,0.445762939075754,-1.0619676086283474,-0.063293522180852,1.0348957698154169,3,-1.4656937352461932
-0.039900811852356485,-0.8569712082264987,-0.847143931595683,0.445762939075754,-1.0619676086283474,-0.063293522180852,1.0348957698154169,90,-0.27348656483105865
-0.039900811852356485,-0.8569712082264987,-0.847143931595683,0.445762939075754,-1.0619676086283474,-0.063293522180852,1.0348957698154169,180,-0.20875133385829125
-0.039900811852356485,-0.8569712082264987,-0.847143931595683,0.445762939075754,-1.0619676086283474,-0.063293522180852,1.0348957698154169,360,-0.12663349456876186
-0.2600900156032743,-0.8569712082264987,-0.847143931595683,0.7757221083888948,-1.0619676086283474,-0.063293522180852,1.1226408543988937,3,-1.5885707940370943
-0.2600900156032743,-0.8569712082264987,-0.847143931595683,0.7757221083888948,-1.0619676086283474,-0.063293522180852,1.1226408543988937,90,-0.5318280884353436
-0.2600900156032743,-0.8569712082264987,-0.847143931595683,0.7757221083888948,-1.0619676086283474,-0.063293522180852,1.1226408543988937,180,-0.49046946864718677
-0.2600900156032743,-0.8569712082264987,-0.847143931595683,0.7757221083888948,-1.0619676086283474,-0.063293522180852,1.1226408543988937,365,-0.36099900670165175
0.24730249738797117,-0.8569712082264987,-0.847143931595683,0.5400369874509371,-1.0619676086283474,-0.063293522180852,0.4833552381478477,180,-0.07928087191275607
0.24730249738797117,-0.8569712082264987,-0.847143931595683,0.5400369874509371,-1.0619676086283474,-0.063293522180852,0.4833552381478477,365,0.020219575693534494
0.24730249738797117,-0.8569712082264987,-0.847143931595683,0.5400369874509371,-1.0619676086283474,-0.063293522180852,0.4833552381478477,3,-1.394964501405577
0.24730249738797117,-0.8569712082264987,-0.847143931595683,0.5400369874509371,-1.0619676086283474,-0.063293522180852,0.4833552381478477,28,-0.49646347151503545
0.24730249738797117,-0.8569712082264987,-0.847143931595683,0.5400369874509371,-1.0619676086283474,-0.063293522180852,0.4833552381478477,90,-0.17338671693798288
-0.4324120011474709,-0.8569712082264987,-0.847143931595683,0.5400369874509371,-1.0619676086283474,-0.063293522180852,1.3984111202326783,7,-1.5478115745357222
-0.7770559722358641,-0.8569712082264987,-0.847143931595683,-0.07274432698775304,-1.0619676086283474,1.9568773002539042,0.8970106368985244,7,-1.6766826361944724
-0.7770559722358641,-0.8569712082264987,-0.847143931595683,-0.07274432698775304,-1.0619676086283474,1.9568773002539042,0.8970106368985244,28,-1.4123471097223386
-0.5377198812022578,-0.8569712082264987,-0.847143931595683,-0.0256073028001615,-1.0619676086283474,1.802469339303477,0.7465904918982784,7,-1.477082340695106
-0.5377198812022578,-0.8569712082264987,-0.847143931595683,-0.0256073028001615,-1.0619676086283474,1.802469339303477,0.7465904918982784,28,-1.1072523637488325
0.41962448293216775,-0.8569712082264987,-0.847143931595683,0.11580376976261314,-1.0619676086283474,1.1591028353433634,0.11983988773058622,7,-1.0952643580131347
0.41962448293216775,-0.8569712082264987,-0.847143931595683,0.11580376976261314,-1.0619676086283474,1.1591028353433634,0.11983988773058622,28,-0.3142457843324307
-0.059047699135045,-0.8569712082264987,-0.847143931595683,0.06866674557502159,-1.0619676086283474,1.4807860873234202,0.4332151898144323,7,-1.295464053799286
-0.059047699135045,-0.8569712082264987,-0.847143931595683,0.06866674557502159,-1.0619676086283474,1.4807860873234202,0.4332151898144323,28,-0.6780817584108554
0.18028839189856136,-0.8569712082264987,-0.847143931595683,0.11580376976261314,-1.0619676086283474,1.3135107962937909,0.2702600327308323,7,-1.2127468142229723
0.18028839189856136,-0.8569712082264987,-0.847143931595683,0.11580376976261314,-1.0619676086283474,1.3135107962937909,0.2702600327308323,28,-0.5372226910164075
0.8982966649993804,-0.8569712082264987,-0.847143931595683,0.21007781813779622,-1.0619676086283474,0.8374195833633068,-0.19353541435325985,7,-0.5845753136724136
0.8982966649993804,-0.8569712082264987,-0.847143931595683,0.21007781813779622,-1.0619676086283474,0.8374195833633068,-0.19353541435325985,28,0.14369603477122075
1.1376327560329869,-0.8569712082264987,-0.847143931595683,0.25721484232538777,-1.0619676086283474,0.6701442923336773,-0.3564905714368598,28,0.4727667922161223
1.1376327560329869,-0.8569712082264987,-0.847143931595683,0.25721484232538777,-1.0619676086283474,0.6701442923336773,-0.3564905714368598,7,-0.34001999666418076
-0.29838379016865135,-0.8569712082264987,-0.847143931595683,0.021529721387430045,-1.0619676086283474,1.6351940482738474,0.5836353348146784,7,-1.383575895956664
-0.29838379016865135,-0.8569712082264987,-0.847143931595683,0.021529721387430045,-1.0619676086283474,1.6351940482738474,0.5836353348146784,28,-0.8956640625137683
0.6589605739657741,-0.8569712082264987,-0.847143931595683,0.21007781813779622,-1.0619676086283474,0.991827544313734,-0.043115269353013734,7,-0.9310286794340764
0.6589605739657741,-0.8569712082264987,-0.847143931595683,0.21007781813779622,-1.0619676086283474,0.991827544313734,-0.043115269353013734,28,-0.09126887764845391
-0.7435489194911592,2.683786763011942,-0.847143931595683,1.0349757414206482,-1.0619676086283474,-0.12248324054518273,-1.7980169610225518,7,-0.975384300656158
-0.29646910144038263,1.0775143129086862,-0.847143931595683,1.0349757414206482,-1.0619676086283474,0.060232846579490074,-0.9945226864795701,90,0.7131263072168607
-1.1887140488136672,1.880070656209374,-0.847143931595683,0.4928999632633455,-1.0619676086283474,-0.48276848276284623,0.09727686598054988,90,0.45358598303900594
-1.3390171139827718,1.6017274157582684,-0.847143931595683,1.0349757414206482,-1.0619676086283474,-0.014397667879883964,-0.3126180291451214,28,-0.35500500383380285
-1.0948943011284933,2.044757073476278,-0.847143931595683,1.0349757414206482,-1.0619676086283474,0.034498186421085535,-1.0133252046046008,3,-1.7330262631522515
-1.5180405100759096,1.275833871730099,-0.847143931595683,1.0349757414206482,-1.0619676086283474,-0.18939335695703366,0.33418859435593723,90,-0.15720290919479127
-0.9311884148615065,0.5648988450778997,-0.847143931595683,1.0349757414206482,-1.0619676086283474,-0.1765260268778314,0.33293509314760156,3,-1.8529063205092284
-1.715253449087601,0.9174669496493003,-0.847143931595683,0.4928999632633455,-1.0619676086283474,-1.1055472585962358,2.112906808983847,3,-1.8726865299731295
-1.715253449087601,0.9174669496493003,-0.847143931595683,0.4928999632633455,-1.0619676086283474,-1.1055472585962358,2.112906808983847,90,-0.6205393308795065
-1.5180405100759096,1.275833871730099,-0.847143931595683,1.0349757414206482,-1.0619676086283474,-0.18939335695703366,0.33418859435593723,28,-0.690669164433338
-1.0948943011284933,2.044757073476278,-0.847143931595683,1.0349757414206482,-1.0619676086283474,0.034498186421085535,-1.0133252046046008,28,-0.11164848739913975
-0.7770559722358641,0.6855142492733789,-0.847143931595683,0.4928999632633455,-1.0619676086283474,-0.0967485803867782,0.410652168064396,3,-1.4626967338122687
-1.6549407541471322,1.0264847188259834,-0.847143931595683,1.0349757414206482,-1.0619676086283474,-0.446739958541079,0.9471506852319399,28,-0.9124472705437451
0.23102764319768604,1.503147518098502,-0.847143931595683,1.0349757414206482,-1.0619676086283474,-0.0967485803867782,-1.785481948939198,7,-0.5947651185477565
-1.6549407541471322,1.0264847188259834,-0.847143931595683,1.0349757414206482,-1.0619676086283474,-0.446739958541079,0.9471506852319399,90,-0.3945654227616052
-1.5812252381087815,1.1494196500252218,-0.847143931595683,0.4928999632633455,-1.0619676086283474,-0.8121721327904247,1.4849027036078195,90,-0.287272771427111
-1.3390171139827718,1.6017274157582684,-0.847143931595683,1.0349757414206482,-1.0619676086283474,-0.014397667879883964,-0.3126180291451214,7,-1.5238355630643268
-1.1887140488136672,1.880070656209374,-0.847143931595683,0.4928999632633455,-1.0619676086283474,-0.48276848276284623,0.09727686598054988,28,-0.12903109571590177
-1.4184766962059292,1.4625557955327158,-0.847143931595683,0.4928999632633455,-1.0619676086283474,-0.5857071233964644,0.8243075668150728,28,-0.4760838617643494
-0.29646910144038263,1.0775143129086862,-0.847143931595683,1.0349757414206482,-1.0619676086283474,0.060232846579490074,-0.9945226864795701,7,-0.9867729061050706
-1.035538950552159,0.48835445395384564,-0.847143931595683,0.4928999632633455,-1.0619676086283474,-0.3360809198599407,1.0449237794820994,7,-1.4638955343858384
-0.8536435213666181,2.48314767718677,-0.847143931595683,0.4928999632633455,-1.0619676086283474,-0.5548255312063792,-0.7187524206457856,3,-1.3799794942359547
-0.8536435213666181,2.48314767718677,-0.847143931595683,0.4928999632633455,-1.0619676086283474,-0.5548255312063792,-0.7187524206457856,28,0.21022946660434286
-1.227007823379044,0.3259875636907006,-0.847143931595683,0.4928999632633455,-1.0619676086283474,-1.0926799285170334,2.1266953222755367,3,-1.8600991239506468
0.06540706820243031,1.3697747153823472,-0.847143931595683,0.4928999632633455,-1.0619676086283474,-0.5265174050321336,-0.6974429001040849,3,-1.1809785990233732
0.23102764319768604,1.503147518098502,-0.847143931595683,1.0349757414206482,-1.0619676086283474,-0.0967485803867782,-1.785481948939198,28,0.45358598303900594
-0.4324120011474709,0.9638574897244846,-0.847143931595683,0.4928999632633455,-1.0619676086283474,-0.004103803816521271,-0.3050970218951088,7,-0.922637075419088
-1.035538950552159,0.48835445395384564,-0.847143931595683,0.4928999632633455,-1.0619676086283474,-0.3360809198599407,1.0449237794820994,3,-1.730628662005112
-0.6621746485397331,0.7817746199293863,-0.847143931595683,1.0349757414206482,-1.0619676086283474,0.006190060246839958,-0.29381551102009057,7,-1.2457138299961406
-0.4324120011474709,0.9638574897244846,-0.847143931595683,0.4928999632633455,-1.0619676086283474,-0.004103803816521271,-0.3050970218951088,3,-1.3332262718667338
-0.9311884148615065,0.5648988450778997,-0.847143931595683,1.0349757414206482,-1.0619676086283474,-0.1765260268778314,0.33293509314760156,90,-0.1967633281225934
-1.0948943011284933,2.044757073476278,-0.847143931595683,1.0349757414206482,-1.0619676086283474,0.034498186421085535,-1.0133252046046008,7,-1.202557009347629
-1.715253449087601,0.9174669496493003,-0.847143931595683,0.4928999632633455,-1.0619676086283474,-1.1055472585962358,2.112906808983847,7,-1.6862730407830304
0.06540706820243031,1.3697747153823472,-0.847143931595683,0.4928999632633455,-1.0619676086283474,-0.5265174050321336,-0.6974429001040849,28,0.1790606516915287
-0.6621746485397331,0.7817746199293863,-0.847143931595683,1.0349757414206482,-1.0619676086283474,0.006190060246839958,-0.29381551102009057,28,-0.16859151464370392
-1.715253449087601,0.9174669496493003,-0.847143931595683,0.4928999632633455,-1.0619676086283474,-1.1055472585962358,2.112906808983847,28,-1.1108487654695416
-1.035538950552159,0.48835445395384564,-0.847143931595683,0.4928999632633455,-1.0619676086283474,-0.3360809198599407,1.0449237794820994,28,-0.6912685647201228
-0.9311884148615065,0.5648988450778997,-0.847143931595683,1.0349757414206482,-1.0619676086283474,-0.1765260268778314,0.33293509314760156,28,-0.7050547713161751
-1.4184766962059292,1.4625557955327158,-0.847143931595683,0.4928999632633455,-1.0619676086283474,-0.5857071233964644,0.8243075668150728,90,0.04659318831206968
-0.8536435213666181,2.48314767718677,-0.847143931595683,0.4928999632633455,-1.0619676086283474,-0.5548255312063792,-0.7187524206457856,90,0.8941451938258954
-1.4184766962059292,1.4625557955327158,-0.847143931595683,0.4928999632633455,-1.0619676086283474,-0.5857071233964644,0.8243075668150728,7,-1.3278316692856698
0.23102764319768604,1.503147518098502,-0.847143931595683,1.0349757414206482,-1.0619676086283474,-0.0967485803867782,-1.785481948939198,3,-1.2990604555199954
-0.4324120011474709,0.9638574897244846,-0.847143931595683,0.4928999632633455,-1.0619676086283474,-0.004103803816521271,-0.3050970218951088,90,0.7173221092243549
-1.6549407541471322,1.0264847188259834,-0.847143931595683,1.0349757414206482,-1.0619676086283474,-0.446739958541079,0.9471506852319399,3,-2.0069521942129436
-1.1887140488136672,1.880070656209374,-0.847143931595683,0.4928999632633455,-1.0619676086283474,-0.48276848276284623,0.09727686598054988,7,-1.1342253766541521
0.06540706820243031,1.3697747153823472,-0.847143931595683,0.4928999632633455,-1.0619676086283474,-0.5265174050321336,-0.6974429001040849,7,-0.736822986515774
-0.6621746485397331,0.7817746199293863,-0.847143931595683,1.0349757414206482,-1.0619676086283474,0.006190060246839958,-0.29381551102009057,3,-1.7384208657333156
-0.6621746485397331,0.7817746199293863,-0.847143931595683,1.0349757414206482,-1.0619676086283474,0.006190060246839958,-0.29381551102009057,90,0.2330066775021686
-1.227007823379044,0.3259875636907006,-0.847143931595683,0.4928999632633455,-1.0619676086283474,-1.0926799285170334,2.1266953222755367,28,-1.0700895459681696
-0.4324120011474709,0.9638574897244846,-0.847143931595683,0.4928999632633455,-1.0619676086283474,-0.004103803816521271,-0.3050970218951088,28,-0.17578431808512238
-1.5812252381087815,1.1494196500252218,-0.847143931595683,0.4928999632633455,-1.0619676086283474,-0.8121721327904247,1.4849027036078195,28,-0.8069528200696054
-0.9311884148615065,0.5648988450778997,-0.847143931595683,1.0349757414206482,-1.0619676086283474,-0.1765260268778314,0.33293509314760156,7,-1.4998595515929316
-1.6549407541471322,1.0264847188259834,-0.847143931595683,1.0349757414206482,-1.0619676086283474,-0.446739958541079,0.9471506852319399,7,-1.683875439635891
-0.7435489194911592,2.683786763011942,-0.847143931595683,1.0349757414206482,-1.0619676086283474,-0.12248324054518273,-1.7980169610225518,28,0.3516879342855755
-0.7435489194911592,2.683786763011942,-0.847143931595683,1.0349757414206482,-1.0619676086283474,-0.12248324054518273,-1.7980169610225518,3,-1.573585786867472
-1.4184766962059292,1.4625557955327158,-0.847143931595683,0.4928999632633455,-1.0619676086283474,-0.5857071233964644,0.8243075668150728,3,-1.7342250637258212
0.06540706820243031,1.3697747153823472,-0.847143931595683,0.4928999632633455,-1.0619676086283474,-0.5265174050321336,-0.6974429001040849,90,0.882157188090198
-0.7770559722358641,0.6855142492733789,-0.847143931595683,0.4928999632633455,-1.0619676086283474,-0.0967485803867782,0.410652168064396,7,-1.1174421686241753
-0.7770559722358641,0.6855142492733789,-0.847143931595683,0.4928999632633455,-1.0619676086283474,-0.0967485803867782,0.410652168064396,28,-0.32203798806063416
-0.29646910144038263,1.0775143129086862,-0.847143931595683,1.0349757414206482,-1.0619676086283474,0.060232846579490074,-0.9945226864795701,3,-1.5633959819921293
-1.5180405100759096,1.275833871730099,-0.847143931595683,1.0349757414206482,-1.0619676086283474,-0.18939335695703366,0.33418859435593723,3,-1.94761156582124
-1.227007823379044,0.3259875636907006,-0.847143931595683,0.4928999632633455,-1.0619676086283474,-1.0926799285170334,2.1266953222755367,90,-0.5689909062160065
-0.7770559722358641,0.6855142492733789,-0.847143931595683,0.4928999632633455,-1.0619676086283474,-0.0967485803867782,0.410652168064396,90,0.44579377931080233
-1.5812252381087815,1.1494196500252218,-0.847143931595683,0.4928999632633455,-1.0619676086283474,-0.8121721327904247,1.4849027036078195,3,-1.7701890809329142
-1.035538950552159,0.48835445395384564,-0.847143931595683,0.4928999632633455,-1.0619676086283474,-0.3360809198599407,1.0449237794820994,90,-0.2225375404543434
-0.29646910144038263,1.0775143129086862,-0.847143931595683,1.0349757414206482,-1.0619676086283474,0.060232846579490074,-0.9945226864795701,28,0.06877099892311024
0.23102764319768604,1.503147518098502,-0.847143931595683,1.0349757414206482,-1.0619676086283474,-0.0967485803867782,-1.785481948939198,90,1.126113104811646
-0.8536435213666181,2.48314767718677,-0.847143931595683,0.4928999632633455,-1.0619676086283474,-0.5548255312063792,-0.7187524206457856,7,-0.8591006450198904
-1.1887140488136672,1.880070656209374,-0.847143931595683,0.4928999632633455,-1.0619676086283474,-0.48276848276284623,0.09727686598054988,3,-1.5657935831392689
-1.227007823379044,0.3259875636907006,-0.847143931595683,0.4928999632633455,-1.0619676086283474,-1.0926799285170334,2.1266953222755367,7,-1.6449144209948736
-1.3390171139827718,1.6017274157582684,-0.847143931595683,1.0349757414206482,-1.0619676086283474,-0.014397667879883964,-0.3126180291451214,90,0.2306090763550287
-1.5812252381087815,1.1494196500252218,-0.847143931595683,0.4928999632633455,-1.0619676086283474,-0.8121721327904247,1.4849027036078195,7,-1.5418175716678735
-1.3390171139827718,1.6017274157582684,-0.847143931595683,1.0349757414206482,-1.0619676086283474,-0.014397667879883964,-0.3126180291451214,3,-1.8571021225167226
-1.5180405100759096,1.275833871730099,-0.847143931595683,1.0349757414206482,-1.0619676086283474,-0.18939335695703366,0.33418859435593723,7,-1.5262331642114664
-1.0948943011284933,2.044757073476278,-0.847143931595683,1.0349757414206482,-1.0619676086283474,0.034498186421085535,-1.0133252046046008,90,0.4649745884879186
-0.7435489194911592,2.683786763011942,-0.847143931595683,1.0349757414206482,-1.0619676086283474,-0.12248324054518273,-1.7980169610225518,90,0.9618774262325875
0.2760228283120039,-0.8569712082264987,-0.847143931595683,0.4928999632633455,-1.0619676086283474,0.5028690013040478,0.7089854556482168,3,-1.4363231211937337
0.2760228283120039,-0.8569712082264987,-0.847143931595683,0.4928999632633455,-1.0619676086283474,0.5028690013040478,0.7089854556482168,7,-1.1132463666166814
0.2760228283120039,-0.8569712082264987,-0.847143931595683,0.4928999632633455,-1.0619676086283474,0.5028690013040478,0.7089854556482168,28,-0.47848146291148913
0.2760228283120039,-0.8569712082264987,-0.847143931595683,0.4928999632633455,-1.0619676086283474,0.5028690013040478,0.7089854556482168,90,-0.003157035491076021
0.2760228283120039,-0.8569712082264987,-0.847143931595683,0.4928999632633455,-1.0619676086283474,0.5028690013040478,0.7089854556482168,120,0.1730666488236802
0.47706514478023326,-0.8569712082264987,-0.847143931595683,0.4928999632633455,-1.0619676086283474,0.6701442923336773,0.5961703468980323,3,-1.2888706506446521
0.47706514478023326,-0.8569712082264987,-0.847143931595683,0.4928999632633455,-1.0619676086283474,0.6701442923336773,0.5961703468980323,7,-1.1012583608809836
0.47706514478023326,-0.8569712082264987,-0.847143931595683,0.4928999632633455,-1.0619676086283474,0.6701442923336773,0.5961703468980323,28,-0.2441159507785994
0.47706514478023326,-0.8569712082264987,-0.847143931595683,0.4928999632633455,-1.0619676086283474,0.6701442923336773,0.5961703468980323,90,0.125714026167674
0.47706514478023326,-0.8569712082264987,-0.847143931595683,0.4928999632633455,-1.0619676086283474,0.6701442923336773,0.5961703468980323,120,0.2138258683250523
0.6493871303244299,-0.8569712082264987,-0.847143931595683,0.4928999632633455,-1.0619676086283474,1.0690315247889477,0.44575020189778614,3,-1.1953642059062106
0.6493871303244299,-0.8569712082264987,-0.847143931595683,0.4928999632633455,-1.0619676086283474,1.0690315247889477,0.44575020189778614,7,-1.606552802640641
0.6493871303244299,-0.8569712082264987,-0.847143931595683,0.4928999632633455,-1.0619676086283474,1.0690315247889477,0.44575020189778614,28,-0.13202809714982602
0.6493871303244299,-0.8569712082264987,-0.847143931595683,0.4928999632633455,-1.0619676086283474,1.0690315247889477,0.44575020189778614,90,0.2905491050335171
0.6493871303244299,-0.8569712082264987,-0.847143931595683,0.4928999632633455,-1.0619676086283474,1.0690315247889477,0.44575020189778614,120,0.30253711076921497
-0.41326511386478243,-0.8569712082264987,-0.847143931595683,0.21007781813779622,-1.0619676086283474,1.8796733197786906,0.19504996023070928,7,-1.4243351154580361
-0.41326511386478243,-0.8569712082264987,-0.847143931595683,0.21007781813779622,-1.0619676086283474,1.8796733197786906,0.19504996023070928,28,-1.0952643580131347
0.14199461733318436,-0.8569712082264987,-0.847143931595683,0.21007781813779622,-1.0619676086283474,1.5065207474818247,-0.05565028143636758,7,-1.0131465187236057
0.14199461733318436,-0.8569712082264987,-0.847143931595683,0.21007781813779622,-1.0619676086283474,1.5065207474818247,-0.05565028143636758,28,-0.6373225389094833
0.1515680609745286,-0.8569712082264987,-0.847143931595683,0.21007781813779622,-1.0619676086283474,0.8631542435217113,-0.4943757043537521,7,-0.29086917314782024
1.9035082473405271,-0.8569712082264987,-0.847143931595683,0.4928999632633455,-1.0619676086283474,-0.4750480847153246,-0.6573308614373521,28,0.4841553976650349
1.9035082473405271,-0.8569712082264987,-0.847143931595683,0.4928999632633455,-1.0619676086283474,-0.4750480847153246,-0.6573308614373521,90,1.1069322956345296
1.1089124251089542,-0.8569712082264987,-0.847143931595683,0.21007781813779622,-1.0619676086283474,0.8631542435217113,-0.4943757043537521,28,0.06757219834954029
-0.0016070372869794694,-0.8569712082264987,-0.847143931595683,0.21007781813779622,-1.0619676086283474,1.6866633685906565,0.007024778980401641,7,-1.2774820451957396
-0.0016070372869794694,-0.8569712082264987,-0.847143931595683,0.1629407939502047,-1.0619676086283474,1.6866633685906565,0.007024778980401641,28,-0.8015582174885415
2.094977120167412,-0.8569712082264987,-0.847143931595683,0.8699961567640779,-1.0619676086283474,1.9568773002539042,-2.0111121664395673,1,-1.388970498537728
2.094977120167412,-0.8569712082264987,-0.847143931595683,0.8699961567640779,-1.0619676086283474,1.9568773002539042,-2.0111121664395673,3,-0.5845753136724136
2.094977120167412,-0.8569712082264987,-0.847143931595683,0.8699961567640779,-1.0619676086283474,1.9568773002539042,-2.0111121664395673,7,-0.1560041086212213
2.094977120167412,-0.8569712082264987,-0.847143931595683,0.8699961567640779,-1.0619676086283474,1.9568773002539042,-2.0111121664395673,14,0.06757219834954029
2.094977120167412,-0.8569712082264987,-0.847143931595683,0.8699961567640779,-1.0619676086283474,1.9568773002539042,-2.0111121664395673,28,0.49614340340073276
2.4779148658211825,-0.8569712082264987,-0.847143931595683,-0.40270349630089386,-1.0619676086283474,1.9568773002539042,-2.0111121664395673,7,1.0068324477414539
2.4779148658211825,-0.8569712082264987,-0.847143931595683,-0.40270349630089386,-1.0619676086283474,1.9568773002539042,-2.0111121664395673,14,1.435403652792646
2.4779148658211825,-0.8569712082264987,-0.847143931595683,-0.40270349630089386,-1.0619676086283474,1.9568773002539042,-2.0111121664395673,28,1.8879508693152336
2.4779148658211825,-0.8569712082264987,-0.847143931595683,-0.40270349630089386,-1.0619676086283474,1.9568773002539042,-2.0111121664395673,90,2.0288099367096812
2.4779148658211825,-0.8569712082264987,-0.847143931595683,-0.40270349630089386,-1.0619676086283474,1.9568773002539042,-2.0111121664395673,180,2.146292392919519
2.4779148658211825,-0.8569712082264987,-0.847143931595683,-0.40270349630089386,-1.0619676086283474,1.9568773002539042,-2.0111121664395673,270,2.299139466049664
0.6589605739657741,-0.8569712082264987,-0.847143931595683,1.0114072293268526,-1.0619676086283474,0.013910458294361612,0.019559791063755484,7,-1.0598997410928266
0.6589605739657741,-0.8569712082264987,-0.847143931595683,1.0114072293268526,-1.0619676086283474,0.013910458294361612,0.019559791063755484,14,-0.7961636149074776
0.6589605739657741,-0.8569712082264987,-0.847143931595683,1.0114072293268526,-1.0619676086283474,0.013910458294361612,0.019559791063755484,28,-0.5078520769639483
0.6589605739657741,-0.8569712082264987,-0.847143931595683,1.0114072293268526,-1.0619676086283474,0.013910458294361612,0.019559791063755484,56,-0.3496104012527389
0.6589605739657741,-0.8569712082264987,-0.847143931595683,1.0114072293268526,-1.0619676086283474,0.013910458294361612,0.019559791063755484,90,-0.2674925619632097
0.6589605739657741,-0.8569712082264987,-0.847143931595683,1.0114072293268526,-1.0619676086283474,0.013910458294361612,0.019559791063755484,180,-0.18537472267368074
0.994031101412823,-0.8569712082264987,-0.847143931595683,0.21007781813779622,-1.0619676086283474,-0.08902818233925654,-0.13086035393649062,1,-1.7707884812196992
0.994031101412823,-0.8569712082264987,-0.847143931595683,0.21007781813779622,-1.0619676086283474,-0.08902818233925654,-0.13086035393649062,3,-1.2654940394600418
0.994031101412823,-0.8569712082264987,-0.847143931595683,0.21007781813779622,-1.0619676086283474,-0.08902818233925654,-0.13086035393649062,7,-0.7548049951193206
0.994031101412823,-0.8569712082264987,-0.847143931595683,0.21007781813779622,-1.0619676086283474,-0.08902818233925654,-0.13086035393649062,14,-0.47308686033042496
0.994031101412823,-0.8569712082264987,-0.847143931595683,0.21007781813779622,-1.0619676086283474,-0.08902818233925654,-0.13086035393649062,28,-0.2674925619632097
0.47706514478023326,-0.8569712082264987,-0.847143931595683,0.4928999632633455,-1.0619676086283474,0.06537977861117068,0.6463103952314476,180,0.19104865742722654
0.47706514478023326,-0.8569712082264987,-0.847143931595683,0.4928999632633455,-1.0619676086283474,0.06537977861117068,0.6463103952314476,360,0.3253143216670407
0.6493871303244299,-0.8569712082264987,-0.847143931595683,0.4928999632633455,-1.0619676086283474,0.9532255540761272,0.40814516564772463,3,-1.2481114311432802
0.47706514478023326,-0.8569712082264987,-0.847143931595683,0.4928999632633455,-1.0619676086283474,0.06537977861117068,0.6463103952314476,3,-1.3362232733006583
0.9653107704887902,-0.8569712082264987,-0.847143931595683,0.21007781813779622,-1.0619676086283474,0.9532255540761272,-0.4317006439369829,7,-0.7080517727500997
0.9653107704887902,-0.8569712082264987,-0.847143931595683,0.21007781813779622,-1.0619676086283474,0.9532255540761272,-0.4317006439369829,28,0.09634341211521497
0.9653107704887902,-0.8569712082264987,-0.847143931595683,0.21007781813779622,-1.0619676086283474,1.7767346791450724,0.13237489981394007,7,-1.4591003320915594
-0.0016070372869794694,-0.8569712082264987,-0.847143931595683,0.21007781813779622,-1.0619676086283474,1.6866633685906565,0.007024778980401641,28,-0.8015582174885415
0.5536526939109873,-0.8569712082264987,-0.847143931595683,0.1629407939502047,-1.0619676086283474,1.236306815818577,-0.24367546268667523,7,-0.8782814541970068
0.5536526939109873,-0.8569712082264987,-0.847143931595683,0.1629407939502047,-1.0619676086283474,1.236306815818577,-0.24367546268667523,28,-0.23812194791075048
0.1324211736918401,-0.8569712082264987,-0.847143931595683,0.1629407939502047,-1.0619676086283474,1.236306815818577,-0.05565028143636758,7,-1.259500036592193
0.1324211736918401,-0.8569712082264987,-0.847143931595683,0.1629407939502047,-1.0619676086283474,1.236306815818577,-0.05565028143636758,28,-0.6373225389094833
-0.41326511386478243,-0.8569712082264987,-0.847143931595683,0.1629407939502047,-1.0619676086283474,1.8668059896994884,0.19504996023070928,28,-1.0952643580131347
0.14199461733318436,-0.8569712082264987,-0.847143931595683,0.4928999632633455,-1.0619676086283474,1.4421840970858135,-0.10579032976978295,7,-1.295464053799286
0.14199461733318436,-0.8569712082264987,-0.847143931595683,0.4928999632633455,-1.0619676086283474,1.4421840970858135,-0.10579032976978295,28,-0.8489108401445474
0.14199461733318436,-0.8569712082264987,-0.847143931595683,0.4928999632633455,-1.0619676086283474,1.4421840970858135,-0.10579032976978295,90,-0.3849750181730471
0.47706514478023326,-0.8569712082264987,-0.847143931595683,0.4928999632633455,-1.0619676086283474,-1.208485899229854,0.6463103952314476,3,-1.3362232733006583
0.47706514478023326,-0.8569712082264987,-0.847143931595683,0.4928999632633455,-1.0619676086283474,0.06537977861117068,0.6463103952314476,7,-1.1719875947215999
0.47706514478023326,-0.8569712082264987,-0.847143931595683,0.4928999632633455,-1.0619676086283474,0.06537977861117068,0.6463103952314476,28,-0.261498559095361
0.47706514478023326,-0.8569712082264987,-0.847143931595683,0.4928999632633455,-1.0619676086283474,0.06537977861117068,0.6463103952314476,90,0.08495480666630188
0.6493871303244299,-0.8569712082264987,-0.847143931595683,0.4928999632633455,-1.0619676086283474,0.9532255540761272,0.40814516564772463,7,-1.0598997410928266
0.6493871303244299,-0.8569712082264987,-0.847143931595683,0.4928999632633455,-1.0619676086283474,0.9532255540761272,0.40814516564772463,28,-0.18537472267368074
0.6493871303244299,-0.8569712082264987,-0.847143931595683,0.4928999632633455,-1.0619676086283474,0.9532255540761272,0.40814516564772463,90,0.22041927147968599
0.6493871303244299,-0.8569712082264987,-0.847143931595683,0.4928999632633455,-1.0619676086283474,0.9532255540761272,0.40814516564772463,180,0.31392571621812765
0.6493871303244299,-0.8569712082264987,-0.847143931595683,0.4928999632633455,-1.0619676086283474,0.9532255540761272,0.40814516564772463,360,0.37866094719089544
0.19943527918124987,-0.8569712082264987,-0.847143931595683,1.0114072293268526,-1.0619676086283474,0.013910458294361612,0.5460302985646169,14,-1.0598997410928266
0.19943527918124987,-0.8569712082264987,-0.847143931595683,1.0114072293268526,-1.0619676086283474,0.013910458294361612,0.5460302985646169,180,-0.5438160941710415
2.3343132112010188,-0.8569712082264987,-0.847143931595683,0.3514888907005709,-1.0619676086283474,1.9568773002539042,-2.0111121664395673,180,1.564874114738181
2.094977120167412,-0.8569712082264987,-0.847143931595683,0.8699961567640779,-1.0619676086283474,1.9568773002539042,-2.0111121664395673,90,0.6837556931644012
2.094977120167412,-0.8569712082264987,-0.847143931595683,0.8699961567640779,-1.0619676086283474,1.9568773002539042,-2.0111121664395673,180,0.912726602716227
2.094977120167412,-0.8569712082264987,-0.847143931595683,0.8699961567640779,-1.0619676086283474,1.9568773002539042,-2.0111121664395673,270,1.159679520871599
2.4779148658211825,-0.8569712082264987,-0.847143931595683,-0.40270349630089386,-1.0619676086283474,1.9568773002539042,-2.0111121664395673,3,0.349290333138436
-0.27923690288596287,-0.8569712082264987,-0.847143931595683,0.1629407939502047,-1.0619676086283474,1.7767346791450724,0.13237489981394007,7,-1.3248346678517453
-0.27923690288596287,-0.8569712082264987,-0.847143931595683,0.1629407939502047,-1.0619676086283474,1.7767346791450724,0.13237489981394007,28,-0.9663932963543846
0.5536526939109873,-0.8569712082264987,-0.847143931595683,0.1629407939502047,-1.0619676086283474,1.1205008451057568,-0.24367546268667523,28,-0.24951055335966335
1.070618650543577,-0.8569712082264987,-0.847143931595683,0.4928999632633455,-1.0619676086283474,-0.42357876439851555,-0.19353541435325985,3,-1.001158512987908
1.070618650543577,-0.8569712082264987,-0.847143931595683,0.4928999632633455,-1.0619676086283474,-0.42357876439851555,-0.19353541435325985,28,0.22581387406074974
1.070618650543577,-0.8569712082264987,-0.847143931595683,0.4928999632633455,-1.0619676086283474,-0.42357876439851555,-0.19353541435325985,90,0.7778615381896281
0.9653107704887902,-0.8569712082264987,-0.847143931595683,0.1629407939502047,-1.0619676086283474,0.9532255540761272,-0.4317006439369829,7,-0.7080517727500997
0.9653107704887902,-0.8569712082264987,-0.847143931595683,0.1629407939502047,-1.0619676086283474,0.9532255540761272,-0.4317006439369829,28,0.09634341211521497
-0.27923690288596287,-0.8569712082264987,-0.847143931595683,0.21007781813779622,-1.0619676086283474,1.7767346791450724,0.13237489981394007,7,-1.4591003320915594
-0.27923690288596287,-0.8569712082264987,-0.847143931595683,0.1629407939502047,-1.0619676086283474,1.7767346791450724,0.13237489981394007,28,-0.9663932963543846
0.2760228283120039,-0.8569712082264987,-0.847143931595683,0.4928999632633455,-1.0619676086283474,-0.037558862022447466,0.9596856973152937,7,-1.2481114311432802
0.2760228283120039,-0.8569712082264987,-0.847143931595683,0.4928999632633455,-1.0619676086283474,-0.037558862022447466,0.9596856973152937,28,-0.47308686033042496
0.2760228283120039,-0.8569712082264987,-0.847143931595683,0.4928999632633455,-1.0619676086283474,-0.037558862022447466,0.9596856973152937,90,-0.0678922664638434
0.2760228283120039,-0.8569712082264987,-0.847143931595683,0.4928999632633455,-1.0619676086283474,-0.037558862022447466,0.9596856973152937,180,0.0909488095341508
0.2760228283120039,-0.8569712082264987,-0.847143931595683,0.4928999632633455,-1.0619676086283474,-0.037558862022447466,0.9596856973152937,360,0.13770203190337182
2.3343132112010188,-0.8569712082264987,-0.847143931595683,0.3514888907005709,-1.0619676086283474,1.9568773002539042,-2.0111121664395673,3,-0.12063949170091336
2.3343132112010188,-0.8569712082264987,-0.847143931595683,0.3514888907005709,-1.0619676086283474,1.9568773002539042,-2.0111121664395673,7,0.396043555507657
2.3343132112010188,-0.8569712082264987,-0.847143931595683,0.3514888907005709,-1.0619676086283474,1.9568773002539042,-2.0111121664395673,14,0.7544849270050176
2.3343132112010188,-0.8569712082264987,-0.847143931595683,0.3514888907005709,-1.0619676086283474,1.9568773002539042,-2.0111121664395673,28,1.2064327432408202
2.3343132112010188,-0.8569712082264987,-0.847143931595683,0.3514888907005709,-1.0619676086283474,1.9568773002539042,-2.0111121664395673,90,1.3766624246877275
2.3343132112010188,-0.8569712082264987,-0.847143931595683,0.3514888907005709,-1.0619676086283474,1.9568773002539042,-2.0111121664395673,270,1.8759628635795358
0.390904152008135,-0.8569712082264987,-0.847143931595683,1.0114072293268526,-1.0619676086283474,0.013910458294361612,0.33293509314760156,14,-0.9016580653816172
0.390904152008135,-0.8569712082264987,-0.847143931595683,1.0114072293268526,-1.0619676086283474,0.013910458294361612,0.33293509314760156,28,-0.6373225389094833
0.390904152008135,-0.8569712082264987,-0.847143931595683,1.0114072293268526,-1.0619676086283474,0.013910458294361612,0.33293509314760156,180,-0.3729870124373494
0.19943527918124987,-0.8569712082264987,-0.847143931595683,1.0114072293268526,-1.0619676086283474,0.013910458294361612,0.5460302985646169,28,-0.8429168372766985
1.1089124251089542,-0.8569712082264987,-0.847143931595683,0.1629407939502047,-1.0619676086283474,0.8631542435217113,-0.4943757043537521,28,0.1964432600082907
1.9035082473405271,-0.8569712082264987,-0.847143931595683,0.4928999632633455,-1.0619676086283474,-0.4750480847153246,-0.6573308614373521,3,-0.6846751615654891
2.305592880276986,-0.8569712082264987,-0.847143931595683,-1.6754031493658657,-1.0619676086283474,-0.9897412878834153,1.5362962531495705,7,0.880958387516628
2.305592880276986,-0.8569712082264987,-0.847143931595683,-1.6754031493658657,-1.0619676086283474,-0.9897412878834153,1.5362962531495705,28,2.348290289566024
-0.07819458641773351,0.36078046874708886,0.4347884950816988,1.3413663986399933,0.48985302442830314,-0.8868026472497972,-1.1712663568548596,28,0.08135840494559286
-1.1408468306069457,1.346579445344755,1.4665877653342256,-0.1198813511753446,2.214098172269026,-1.736046432477147,-0.4066306197702752,28,-0.12303709284805285
-1.2174343797376999,0.8130882344801357,0.9037881633783019,1.8127366405159089,0.6622775392123754,-0.6423233757449541,-1.4470366226886442,28,-1.1576019878387627
-1.2844484852271096,0.47675681893504956,0.5442217510175729,0.964270205139261,0.48985302442830314,-1.452965170734697,0.696450443564863,28,-0.9484112877508383
-1.2365812670203884,1.2074078251192022,1.3258878648452448,-0.6383886172388517,2.041673657484954,-0.37210944408170643,-0.9832411756045519,28,0.03220758142923235
0.2760228283120039,0.8014905994613396,0.8881548411017485,-0.6383886172388517,2.731371716621243,-0.7581293464577745,-1.534781707272121,28,-0.12723289485554706
-1.3131688161511423,-0.8569712082264987,1.8886874668011686,-1.1097588591147671,2.041673657484954,-0.3849767741609087,0.8844756248151706,28,-1.22233721881153
0.21858216646393838,0.7666976944049514,-0.847143931595683,1.5299144953903596,-0.027420519923913724,-1.0026086179626177,-0.6447958493539983,28,-0.14341670259873868
0.8887232213580362,-0.8569712082264987,-0.847143931595683,0.3986259148881624,0.14500399486015855,0.5157363313832501,-0.5445157526871675,28,0.1940456588611508
-1.1695671615309786,0.871076409574116,0.9663214524845156,-0.30842944792571075,1.524400113132737,-0.25630347336888604,-0.6698658735207059,28,-0.48747246721326226
-1.227007823379044,1.9148635612657623,-0.847143931595683,0.8699961567640779,-0.027420519923913724,0.3741957005120251,-1.1211263085214442,28,-0.5366232907296228
0.2760228283120039,0.8014905994613396,-0.847143931595683,-0.6383886172388517,0.6622775392123754,-0.7581293464577745,0.38307514148101696,28,0.5686708381017034
0.22815561010528265,-0.8569712082264987,0.7161882960596606,0.6814480600137117,0.6622775392123754,-0.1790994928936724,-0.8578910547710136,28,-0.3412187972377505
-1.2461547106617326,-0.8569712082264987,2.0293873672901497,-0.6855256414264431,1.00712656878052,0.23265506964080018,-0.018045245186306045,28,-1.2133462145097569
-1.3323157034338309,1.0798338399124454,1.185187964356264,-0.35556647211330233,0.8347020539964477,-1.1570165789130449,0.1449099118972939,28,0.5273122183135465
0.16114150461587287,0.7319047893485632,0.8256215519955347,0.9171331809516694,-0.027420519923913724,-1.221353229309056,-1.4846416589387057,28,1.0613778738388784
0.3813307083667907,1.0450409348560572,-0.847143931595683,0.3986259148881624,-0.199845034707986,-1.3242918699426742,0.007024778980401641,28,1.2825565796625007
0.8121356722272822,1.3117865402883668,-0.847143931595683,0.445762939075754,0.14500399486015855,-1.9161890535859787,-0.2060704264366137,28,1.8040348291653494
-0.011180480928323725,0.6391237091981946,0.7161882960596606,-0.44984052048848544,0.48985302442830314,-1.9033217235067765,0.3956101535643708,28,1.0194198537639365
-0.27923690288596287,0.26799938859672023,0.34098856142237816,0.5871740116385286,0.31742850964423086,-1.7746484227147536,0.5961703468980323,28,-0.14461550317230865
-1.112126499682913,-0.8569712082264987,1.4978544098873325,0.021529721387430045,1.00712656878052,0.6444096321752728,-0.5570507647705213,28,-1.0658937439606755
-1.1982874924550113,1.9612541013409466,-0.847143931595683,-0.07274432698775304,0.8347020539964477,0.6315423020960705,-0.9456361393544904,28,0.09274701039450553
-1.1599937178896342,1.323384175307163,1.435321120781119,1.0114072293268526,0.8347020539964477,-1.8518524031899672,-0.7952159943542443,28,-0.17818191923226187
0.16114150461587287,-0.8569712082264987,0.8256215519955347,0.21007781813779622,-0.027420519923913724,-1.208485899229854,0.5209602743979093,28,0.4092303618169244
0.35261037744275797,-0.8569712082264987,1.1226546752500501,1.3413663986399933,-0.027420519923913724,-1.4400978406554947,-0.45677066810369055,28,0.2545850878264244
0.05583362456108606,0.5463426290478259,0.62238836240034,0.3043518665129793,0.48985302442830314,-0.8868026472497972,-0.9707061635211981,28,0.36727234174198237
0.42919792657351197,1.0682362048936493,-0.847143931595683,-0.35556647211330233,0.48985302442830314,-1.169883908992247,0.20758497231406314,28,1.5235154949500238
0.7164012358138396,-0.8569712082264987,1.3727878316749051,0.5400369874509371,0.8347020539964477,-2.2121376454076307,0.057164827313817015,28,0.30313651105599976
-1.4280501398472734,1.543739240664288,1.6698209549294205,-0.1198813511753446,-0.199845034707986,-1.3628938601802811,-0.4693056801870444,28,-0.15060950604015758
0.390904152008135,0.871076409574116,-0.847143931595683,0.21007781813779622,0.31742850964423086,-0.28203813352729057,-0.8077510064375981,28,0.9954438422925411
-1.1216999433242574,-0.8569712082264987,2.2795205237150045,-0.0256073028001615,1.1795510835645924,-1.594505801605922,0.9095456489818784,28,-1.2421174282754315
0.31431660287738095,-0.8569712082264987,0.9194214856548554,-0.5441145688636685,0.6622775392123754,-0.6165887155865496,0.11983988773058622,28,0.15868104194084287
0.3813307083667907,-0.8569712082264987,1.153921319803157,0.021529721387430045,0.8347020539964477,-1.3242918699426742,0.0822348514805247,28,0.0867530075266566
-1.3514625907165194,1.0450409348560572,1.153921319803157,2.409019996488941,-0.027420519923913724,-1.3371592000218766,-1.4721066468553519,28,-0.034925250690674946
0.06540706820243031,0.5463426290478259,-0.847143931595683,-0.21415539955052768,0.14500399486015855,-0.8353333269329881,0.696450443564863,28,0.37866094719089544
0.16114150461587287,-0.8569712082264987,0.8256215519955347,1.3413663986399933,0.8347020539964477,-1.1956185691506516,-0.36902558352021364,28,-0.23632374705039577
-0.15478213554848755,0.4303662788598653,0.4973217841879125,0.6343110358261201,-0.027420519923913724,-1.8003830828731582,0.20758497231406314,28,0.3432963302705871
-1.1599937178896342,2.0424375464725193,-0.847143931595683,-0.6383886172388517,1.00712656878052,0.9789602142345317,-1.070986260188029,28,0.21802167033254652
-1.1025530560415688,2.15841389666048,-0.847143931595683,0.06866674557502159,1.1795510835645924,-1.4658325008138993,0.6713804193981553,28,0.125714026167674
-0.04947425549370074,0.48835445395384564,0.5598550732941263,-0.07274432698775304,0.48985302442830314,-1.3242918699426742,-0.06818529351972141,28,0.5075320088496454
0.390904152008135,-0.8569712082264987,0.9663214524845156,0.6814480600137117,0.6622775392123754,-1.9933930340611923,0.49589025023120153,28,-0.27768236683855285
-1.265301597944421,0.7551000593861553,0.8568881965486416,0.5400369874509371,-0.027420519923913724,-1.0412106082002244,0.0822348514805247,28,-0.726633181640431
-1.1695671615309786,1.3117865402883668,-0.847143931595683,-0.26129242373811923,0.8347020539964477,0.21978773956159792,0.19504996023070928,28,-0.18297712152654125
-0.19307591011386457,0.30279229365310845,0.37225520597548506,0.9171331809516694,0.48985302442830314,-1.401495850417888,-0.15593037810319832,28,-0.20455553185079706
-0.4228385575061267,0.21001121350273988,0.26282195003961095,2.409019996488941,-0.027420519923913724,-1.5430364812891129,-0.9832411756045519,28,-0.43052943996869836
0.3047431592360367,-0.8569712082264987,0.9194214856548554,-0.16701837536293615,0.31742850964423086,0.3741957005120251,-1.058451248104675,28,0.059180594334551875
-1.2078609360963555,1.2653960002131825,-0.847143931595683,0.5400369874509371,0.48985302442830314,0.9532255540761272,-0.9581711514378443,28,-1.0509087367910532
-1.2940219288684538,1.8104848460965977,-0.847143931595683,0.964270205139261,-0.5446940642761305,-1.877587063348372,1.2354559631490782,28,-0.16499511292299449
0.14199461733318436,-0.8569712082264987,0.8256215519955347,1.8598736647035004,0.8347020539964477,-1.9805257039819901,0.057164827313817015,28,-0.2632967599557155
-1.4184766962059292,1.5785321457206762,-0.847143931595683,0.6814480600137117,-0.5446940642761305,-0.3077727936856951,0.2702600327308323,28,-0.28667337114032604
0.3047431592360367,0.8246858694989317,-0.847143931595683,-0.16701837536293615,0.31742850964423086,-1.3628938601802811,0.6337753831480938,28,0.5141254120042791
-1.2365812670203884,-0.8569712082264987,0.9037881633783019,0.11580376976261314,0.31742850964423086,0.24552239972000245,0.5334952864812631,28,-1.4165429117298327
-1.227007823379044,0.8246858694989317,0.9194214856548554,-0.16701837536293615,0.31742850964423086,0.3741957005120251,-1.058451248104675,28,-0.6145453280116577
-1.3514625907165194,0.6855142492733789,0.763088262889321,0.8699961567640779,0.14500399486015855,-0.73239468629937,-0.25621047477002906,28,0.03760218401029608
-1.265301597944421,1.880070656209374,-0.847143931595683,-0.26129242373811923,1.1795510835645924,-1.6202404617643265,1.498691216899509,28,-0.17098911579084342
0.18028839189856136,-0.8569712082264987,1.0288547415907294,1.4356404470151765,0.6622775392123754,-1.221353229309056,-0.5695857768538751,28,-0.7176421773386578
-1.227007823379044,0.8246858694989317,0.9194214856548554,-0.16701837536293615,0.31742850964423086,-1.3628938601802811,0.6337753831480938,28,-0.5743855087970704
-1.2748750415857653,-0.8569712082264987,1.2946212202921379,-1.1097588591147671,1.696824627916809,0.3741957005120251,0.7089854556482168,28,-1.0706889462549545
0.42919792657351197,-0.8569712082264987,1.3102545425686913,0.8228591325764864,0.8347020539964477,-2.2121376454076307,0.23265499648077081,28,0.2917479056070871
-1.227007823379044,0.8246858694989317,-0.847143931595683,-0.16701837536293615,0.31742850964423086,0.3484610403536206,0.6087053589813861,28,-1.0071525158557566
-0.1835024664725203,0.4303662788598653,0.4973217841879125,0.6343110358261201,-0.199845034707986,-1.0026086179626177,-0.506910716437106,28,-0.12543469399519233
-1.1791406051723228,-0.8569712082264987,2.2013539123322374,1.8127366405159089,0.8347020539964477,-0.9640066277250108,-0.7576109581041828,28,-1.6347246161195306
-1.2461547106617326,-0.8569712082264987,2.045020689566703,-0.6855256414264431,1.696824627916809,1.3006434662145885,-1.1963363810215673,28,-1.3398196750213673
-0.07819458641773351,-0.8569712082264987,0.5598550732941263,0.8228591325764864,0.8347020539964477,-0.5393847351113359,-0.14339536601984448,28,-0.214145936439355
-1.265301597944421,0.5115497239914377,0.5911217178472331,0.06866674557502159,0.14500399486015855,-0.25630347336888604,0.0822348514805247,28,-0.736822986515774
-1.3227422597924867,1.1030291099500376,1.3884211539514586,0.445762939075754,0.31742850964423086,-0.07616085226005427,-1.6350618039389517,28,-0.365194808709146
-0.20264935375520882,0.3143899286719045,0.37225520597548506,-0.49697754467607697,0.6622775392123754,-0.4750480847153246,-0.13086035393649062,28,0.8366027662945469
0.3047431592360367,1.0102480297996688,-0.847143931595683,-0.16701837536293615,0.6622775392123754,-0.7195273562201677,-0.18100040226990602,28,0.9966426428661107
0.027113293637053296,0.5347449940290299,-0.847143931595683,-0.6383886172388517,0.14500399486015855,-0.037558862022447466,0.2577250206474785,28,0.30673291277670917
0.5249323629869546,-0.8569712082264987,-0.847143931595683,0.021529721387430045,-0.5446940642761305,0.16831841924478882,0.5460302985646169,28,0.5422972254831686
-1.3035953725097982,-0.8569712082264987,1.2477212534624775,-0.0256073028001615,0.8347020539964477,0.07824710869037295,0.4833552381478477,28,-1.3554040824777744
-1.255728154303077,1.8916682912281702,-0.847143931595683,-0.35556647211330233,1.00712656878052,1.236306815818577,-1.2339414172716288,28,0.09694281240199973
-1.3131688161511423,1.1146267449688336,1.232087931185924,0.4928999632633455,0.31742850964423086,-2.0448623543780013,0.3956101535643708,28,-0.3562038044073726
0.47706514478023326,1.1146267449688336,-0.847143931595683,0.6343110358261201,0.31742850964423086,-2.0834643446156083,0.35800511731430923,28,1.2465925624554075
-1.2078609360963555,-0.8569712082264987,1.3884211539514586,0.5400369874509371,0.48985302442830314,0.9532255540761272,-0.9581711514378443,28,-1.399759703699856
-1.2078609360963555,1.2653960002131825,-0.847143931595683,0.5400369874509371,0.48985302442830314,-1.2342205593882585,1.185315914815663,28,-0.7206391787725822
-1.3993298089232407,-0.8569712082264987,1.7479875663121875,-0.07274432698775304,0.6622775392123754,-0.15336483273526788,0.3956101535643708,28,-1.3500094798967106
-0.14520869190714328,0.44196391387866135,0.512955106464466,-0.16701837536293615,0.6622775392123754,-0.8095986667745836,-0.3564905714368598,28,0.2162234694721918
0.31431660287738095,0.8246858694989317,0.9194214856548554,-0.1198813511753446,0.31742850964423086,-1.3371592000218766,-1.0459162360213212,28,0.6244150647726976
0.3047431592360367,0.8246858694989317,-0.847143931595683,-2.571006608930105,0.31742850964423086,0.3484610403536206,0.6087053589813861,28,0.5219176157324827
-1.2940219288684538,1.1494196500252218,-0.847143931595683,0.021529721387430045,-0.5446940642761305,0.16831841924478882,0.5460302985646169,28,-0.7236361802065067
-1.3131688161511423,0.7203071543297671,0.8099882297189813,-0.16701837536293615,0.14500399486015855,-0.41071143431931323,0.007024778980401641,28,-0.5797801113781343
-1.2748750415857653,-0.8569712082264987,1.9981207227370426,-0.0256073028001615,1.524400113132737,-1.7231791023979446,1.3858761081493245,28,-1.2163432159436813
-0.039900811852356485,0.4999520889726417,0.5754883955706798,0.445762939075754,0.14500399486015855,-0.3463747839233019,-1.3467565260218135,28,0.4649745884879186
0.16114150461587287,-0.8569712082264987,0.8256215519955347,-0.8269367139892178,1.1795510835645924,-0.25630347336888604,0.13237489981394007,28,0.0028369673767729055
0.3047431592360367,0.8246858694989317,-0.847143931595683,-0.16701837536293615,0.31742850964423086,0.3741957005120251,-1.058451248104675,28,0.31392571621812765
-1.2078609360963555,1.2769936352319786,1.3884211539514586,0.5871740116385286,0.48985302442830314,-1.1956185691506516,-0.9331011272711366,28,-0.4089510296444425
0.07498051184377456,0.697111884292175,-0.847143931595683,0.6343110358261201,-0.027420519923913724,-0.6294560456657519,-0.16846539018655216,28,0.6250144650594828
-1.2748750415857653,1.172614920062814,-0.847143931595683,-0.49697754467607697,-0.7171185790602028,0.3484610403536206,0.6839154314815091,28,-0.5330268890089134
-1.3035953725097982,-0.8569712082264987,1.9512207559073822,0.964270205139261,0.31742850964423086,-1.9161890535859787,1.1978509268990167,28,-1.5148445587625536
0.3047431592360367,-0.8569712082264987,-0.847143931595683,-0.16701837536293615,0.31742850964423086,0.3484610403536206,0.6087053589813861,28,-0.6421177412037623
-1.3897563652818965,1.0218456648184648,1.1226546752500501,-0.44984052048848544,0.6622775392123754,-0.6423233757449541,-0.11832534185313678,28,-0.40415582735016337
-1.2078609360963555,-0.8569712082264987,1.3884211539514586,0.5400369874509371,0.48985302442830314,-1.2342205593882585,1.185315914815663,28,-1.5627965817053442
-0.2505165719619301,0.2911946586343124,0.3566218836989316,0.3514888907005709,-0.027420519923913724,-0.6937926960617632,-0.30635052310344446,28,-0.12063949170091336
-1.1408468306069457,1.543739240664288,1.8417874999715083,1.6241885437655426,0.6622775392123754,-1.9419237137443832,-1.6977368643557211,28,0.24139828151715703
-1.3897563652818965,1.4161652554575315,0.6849216515065538,0.8228591325764864,-0.027420519923913724,-1.6202404617643265,0.11983988773058622,28,-0.5300298875749891
-1.1216999433242574,1.0334432998372611,1.153921319803157,0.7285850842013032,0.31742850964423086,-0.15336483273526788,-1.6601318281056594,28,-0.514445480118582
-1.1408468306069457,1.6249226857958605,1.7167209217590806,0.964270205139261,0.6622775392123754,-1.9676583739027877,-1.1712663568548596,28,-0.3094505820381518
-1.1887140488136672,1.6249226857958605,1.5291210544404394,0.8699961567640779,0.48985302442830314,-1.9805257039819901,-0.8704260668543674,28,-0.16559451320977966
-1.265301597944421,0.9174669496493003,2.1857205900556838,0.4928999632633455,0.31742850964423086,-0.4879154147945269,-1.8857620456060287,28,-0.6732865561165764
-1.3993298089232407,0.36078046874708886,2.1700872677791305,0.6814480600137117,-0.027420519923913724,-0.1018955124184588,-1.6350618039389517,28,-0.8333264326881404
-1.1695671615309786,1.5669345107018802,1.6698209549294205,0.9171331809516694,0.14500399486015855,-1.6073731316851243,-1.3091514897717518,28,-0.2956643754420994
-1.3131688161511423,-0.6830066829445577,2.2013539123322374,-0.26129242373811923,-0.027420519923913724,0.6186749720168683,-0.8077510064375981,28,-1.2271324211058092
-1.2174343797376999,1.161017285044018,2.045020689566703,2.189832834016641,0.14500399486015855,-1.645975121922731,-2.023647178522921,28,-0.6876721629994136
-1.0929796124002245,1.3117865402883668,2.2013539123322374,0.1629407939502047,0.14500399486015855,-0.9640066277250108,-1.7228068885224288,28,-0.7146451759047333
-0.9302310704973722,0.14042540338996345,2.12318730094947,1.482777471202768,-0.027420519923913724,-0.6423233757449541,-1.8857620456060287,28,-0.7721876034360823
-1.1982874924550113,1.2074078251192022,2.07628733411981,1.8598736647035004,0.14500399486015855,-1.5301691512099107,-1.9985771543562132,28,-0.38377621759947733
-0.42379590187026106,0.2065319229971011,0.2706386111778877,2.409019996488941,-0.027420519923913724,-1.5443232142970333,-0.9782271707712107,28,-0.43052943996869836
0.3076151923284401,-0.8569712082264987,0.9194214856548554,-0.14344986326914036,0.31742850964423086,0.3729089675041046,-1.0622117517296805,28,0.059180594334551875
-1.2097756248246243,1.270035054220701,-0.847143931595683,0.554178094707215,0.5070954759067103,0.9583724861078093,-0.9619316550628498,28,-1.0503093365042686
-1.2949792732325882,1.8162836636059958,-0.847143931595683,0.9878387172330567,-0.4757242583625017,-1.877587063348372,1.232948960732407,28,-0.18537472267368074
0.14199461733318436,-0.8569712082264987,0.8209315553125687,1.8787284743785373,0.7484897966044115,-1.977952237966149,0.06217883214715827,28,-0.2632967599557155
-1.4175193518417948,1.5808516727244353,-0.847143931595683,0.6673069527574337,-0.5274516127977233,-0.3026258616540145,0.27402053635583795,28,-0.4119480310783668
0.3076151923284401,0.8246858694989317,-0.847143931595683,-0.14344986326914036,0.31742850964423086,-1.3603203941644402,0.6337753831480938,28,0.30673291277670917
-1.240410644476926,-0.8569712082264987,0.9022248311506467,0.13465857943765003,0.30018605816582367,0.24552239972000245,0.5322417852729274,28,-1.4165429117298327
-1.2260504790149096,0.8246858694989317,0.9194214856548554,-0.14344986326914036,0.31742850964423086,0.3729089675041046,-1.0622117517296805,28,-0.6145453280116577
-1.3524199350806538,0.6808751952658604,0.767778259572287,0.8841372640203559,0.21397380077378753,-0.73239468629937,-0.2511964699366878,28,0.03760218401029608
-1.260514876123749,1.880070656209374,-0.847143931595683,-0.27071982857563703,1.1105812776509634,-1.6228139277801676,1.4949307132745033,28,-0.17098911579084342
0.17837370317029264,-0.8569712082264987,1.0257280771354185,1.4120719349213806,0.6450350877339682,-1.2187797632932151,-0.5745997816872164,28,-0.7176421773386578
-1.2260504790149096,0.8246858694989317,0.9194214856548554,-0.14344986326914036,0.31742850964423086,-1.3603203941644402,0.6337753831480938,28,-0.5743855087970704
-1.273917697221631,-0.8569712082264987,1.2883678913815164,-1.1050451566960082,1.7140670793952166,0.3716222344961841,0.7102389568565525,28,-1.0700895459681696
0.4339846483941841,-0.8569712082264987,1.3086912103410362,0.8228591325764864,0.8002171510396334,-2.21085091239971,0.23892250252244773,28,0.168870846816186
-1.2298798564714475,0.8212065789932927,-0.847143931595683,-0.16230467294417725,0.31742850964423086,0.3446008413298605,0.6112123613980575,28,-1.0071525158557566
-0.18445981083665494,0.42456746135046725,0.49888511641556776,0.6531658455011571,-0.199845034707986,-1.0000351519467765,-0.5119247212704472,28,-0.12543469399519233
-1.1753112277157851,-0.8569712082264987,2.199790580104582,1.7985955332596308,0.8347020539964477,-0.9678668267487709,-0.7588644593125184,28,-1.6347246161195306
-1.249026743754136,-0.8569712082264987,2.0497106862496692,-0.6996667486827212,1.62785482200318,1.3070771312541896,-1.1963363810215673,28,-1.3398196750213673
-0.082023963874271,-0.8569712082264987,0.5536017443835048,0.8087180253202083,0.7657322480828187,-0.5355245360875759,-0.14088836360317314,28,-0.21354653615257022
-1.265301597944421,0.5069106699839193,0.5864317211642671,0.0639530431562627,0.16224644633856572,-0.25115654133720544,0.08599535510553029,28,-0.736822986515774
-1.3227422597924867,1.1076681639575559,1.3837311572684923,0.43162183181947594,0.3863983155578598,-0.07101392022837365,-1.628794297897275,28,-0.364595408422361
-0.20360669811934345,0.30975087466438606,0.37850853488610653,-0.5158323543511139,0.7312473451260044,-0.4789082837390847,-0.1321138551448263,28,0.8366027662945469
0.30378581487190204,1.0044492122902708,-0.847143931595683,-0.18587318503797304,0.5933077332987464,-0.7246742882518483,-0.17473289622822907,28,0.9972420431528959
0.027113293637053296,0.5312657035233911,-0.847143931595683,-0.6242475099825736,0.17948889781697305,-0.03241192999076685,0.26023202306414983,28,0.30673291277670917
0.5297190848076266,-0.8569712082264987,-0.847143931595683,0.01681601896867116,-0.4757242583625017,0.1657449532289478,0.5435232961479456,28,0.5428966257699533
-1.3055100612380668,-0.8569712082264987,1.241467924551856,-0.035034707637679276,0.8519445054748549,0.0846807737299741,0.4770877321061708,28,-1.3554040824777744
-1.255728154303077,1.8893487642244111,-0.847143931595683,-0.3649938769508201,0.9898841173021128,1.2401670148423372,-1.2364484196883,28,0.09694281240199973
-1.3160408492435458,1.1169462719725927,1.2258346022753028,0.4740451535883086,0.403640767036267,-2.043575621370081,0.39937065718937637,28,-0.3562038044073726
0.47227842295956113,1.109987690961315,-0.847143931595683,0.6295973334073612,0.334670961122638,-2.0834643446156083,0.36176562093931486,28,1.2471919627421921
-1.2097756248246243,-0.8569712082264987,1.385294489496148,0.554178094707215,0.5070954759067103,0.9583724861078093,-0.9619316550628498,28,-1.399759703699856
-1.2097756248246243,1.270035054220701,-0.847143931595683,0.554178094707215,0.5070954759067103,-1.2316470933724175,1.1815554111906572,28,-0.7206391787725822
-1.4022018420156441,-0.8569712082264987,1.7432975696292214,-0.06331692215023528,0.6622775392123754,-0.15336483273526788,0.3943566523560351,28,-1.3500094798967106
-0.14329400317887456,0.44544320438430013,0.5207717676027427,-0.17173207778169503,0.7312473451260044,-0.8134588657983437,-0.3627580774785367,28,0.2162234694721918
0.31431660287738095,0.8281651600045706,0.9225481501101661,-0.12459505359410349,0.31742850964423086,-1.3358724670139561,-1.0434092336046499,28,0.6244150647726976
0.3018711261436333,0.8212065789932927,-0.847143931595683,-2.5568655016738275,0.31742850964423086,0.3446008413298605,0.6112123613980575,28,0.5219176157324827
-1.2968939619608573,1.1447805960177033,-0.847143931595683,0.01681601896867116,-0.4757242583625017,0.1657449532289478,0.5435232961479456,28,-0.7236361802065067
-1.3150835048794112,0.723786444835406,0.8131148941742921,-0.16230467294417725,0.2312162522521947,-0.4042777692797121,0.010785282605407225,28,-0.5791807110913496
-1.273917697221631,-0.8569712082264987,1.999684054964698,-0.006752493125124615,1.524400113132737,-1.7244658354058653,1.38963661177433,28,-1.2157438156568965
-0.039900811852356485,0.49763256196888245,0.5754883955706798,0.4269081294007171,0.14500399486015855,-0.33994111888370077,-1.3517705308551546,28,0.46557398877470335
0.1620988489800075,-0.8569712082264987,0.8334382131338114,-0.8457915236642547,1.145066180607778,-0.253730007353045,0.13237489981394007,28,0.0034363676635576707
0.3076151923284401,0.8246858694989317,-0.847143931595683,-0.14344986326914036,0.31742850964423086,0.3729089675041046,-1.0622117517296805,28,0.31392571621812765
-1.2059462473680869,1.275833871730099,1.391547818406769,0.5777466068010109,0.5243379273851174,-1.2007655011823322,-0.9393686333128135,28,-0.4089510296444425
0.07498051184377456,0.693632593786536,-0.847143931595683,0.6295973334073612,-0.11363277731594987,-0.6281693126578313,-0.16721188897821648,28,0.6256138653462675
-1.276789730314034,1.1737746835646934,-0.847143931595683,-0.4875501398385592,-0.6826336761033884,0.3484610403536206,0.690182937523186,28,-0.5330268890089134
-1.2997659950532603,-0.8569712082264987,1.949657423679727,0.9501290978829829,0.28294360668741636,-1.9161890535859787,1.194090423274011,28,-1.5148445587625536
0.3018711261436333,-0.8569712082264987,-0.847143931595683,-0.16230467294417725,0.31742850964423086,0.3446008413298605,0.6112123613980575,28,-0.6421177412037623
-1.3859269878253586,1.0172066108109465,1.1195280107947392,-0.46869533016352233,0.7312473451260044,-0.6474703077766347,-0.11331133701979554,28,-0.40415582735016337
-1.2097756248246243,-0.8569712082264987,1.385294489496148,0.554178094707215,0.5070954759067103,-1.2316470933724175,1.1815554111906572,28,-1.5627965817053442
-0.2476445388695267,0.2888751316305532,0.3566218836989316,0.332634081025534,0.05879173746812242,-0.6937926960617632,-0.30259001947843883,28,-0.12063949170091336
-0.08010927514600225,0.3619402322489684,0.4316618306263881,1.3272252913837153,0.48985302442830314,-0.8868026472497972,-1.1750268604798653,28,0.08135840494559286
-1.1408468306069457,1.3477392088466345,1.468151097561881,-0.12930875601286237,2.1796132693122114,-1.7347596994692265,-0.4016166149369339,28,-0.12303709284805285
-1.2212637571942375,0.8154077614838947,0.9084781600612679,1.8174503429346678,0.6795199906907826,-0.639749909729113,-1.4482901238969799,28,-1.1576019878387627
-1.2892352070477817,0.47211776492753105,0.5489117477005389,0.9595565027205021,0.4553681214714888,-1.452965170734697,0.7027179496065399,28,-0.9484112877508383
-1.238495955748657,1.2085675886210816,1.3211978681622787,-0.6619571293326474,2.0934010119201756,-0.37210944408170643,-0.9882551804378932,28,0.03220758142923235
0.2750654839478693,0.7991710724575805,0.8912815055570592,-0.6478160220763693,2.7486141680996505,-0.759416079465695,-1.5322747048554497,28,0.14429543505800552
-1.3169981936076802,-0.8569712082264987,1.8871241345735132,-1.0909040494397302,2.0244312060065464,-0.3888369731846688,0.8907431308568475,28,-1.22233721881153
0.2147527890074009,0.7655379309030719,-0.847143931595683,1.5063459832965638,0.0070643830329007624,-0.9961749529230165,-0.6385283433123213,28,-0.14341670259873868
0.8915952544504396,-0.8569712082264987,-0.847143931595683,0.4080533197256802,0.0932766404249369,0.5183097973990911,-0.5395017478538262,28,0.194645059147936
-1.1733965389875163,0.8699166460722365,0.9663214524845156,-0.3037157455069519,1.524400113132737,-0.2524432743451259,-0.6736263771457115,28,-0.48747246721326226
-1.230837200835582,1.9113842707601234,-0.847143931595683,0.8699961567640779,0.02430683451130793,0.3716222344961841,-1.12237980972978,28,-0.5366232907296228
0.2760228283120039,0.7991710724575805,-0.847143931595683,-0.6431023196576104,0.6622775392123754,-0.7542691474340144,0.38307514148101696,28,0.5686708381017034
0.2262409213770139,-0.8569712082264987,0.7099349671490391,0.6814480600137117,0.627792636255561,-0.17395256086199182,-0.8553840523543422,28,-0.3412187972377505
-1.247112055025867,-0.8569712082264987,2.027824035062494,-0.7043804511014801,0.938156762866891,0.23522853565664123,-0.015538242769634707,28,-1.2133462145097569
-1.3332730477979653,1.075194785904927,1.1804979676732976,-0.3791349842070981,0.8174596025180405,-1.1621635109447255,0.1486704155222995,28,0.5273122183135465
0.15922681588760412,0.7342243163523222,0.8240582197678794,0.9312742882079474,-0.027420519923913724,-1.2162062972773755,-1.4808811553137,28,1.0613778738388784
0.3842027414591941,1.0473604618598162,-0.847143931595683,0.4221944269819582,-0.268814840621615,-1.3242918699426742,0.007024778980401641,28,1.2831559799492853
0.8121356722272822,1.3117865402883668,-0.847143931595683,0.45990404633203197,0.07603418894652958,-1.9123288545622186,-0.20732392764494936,28,1.8040348291653494
-0.013095169656592466,0.637963945696315,0.7224416249702821,-0.43098571081344855,0.5760652818203392,-1.9020349904988558,0.3943566523560351,28,1.0200192540507211
-0.2782795585218285,0.2691591520985998,0.3347352325117567,0.5777466068010109,0.36915586407945267,-1.7682147576751526,0.6011843517313735,28,-0.14461550317230865
-1.1159558771394509,-0.8569712082264987,1.504107738797954,0.0026749117123931582,0.9553992143452982,0.6482698311990329,-0.558304265978857,28,-1.0658937439606755
-1.202116869911549,1.9670529188503447,-0.847143931595683,-0.058603219731475045,0.7829746995612259,0.6315423020960705,-0.949396642979496,28,0.09274701039450553
-1.1580790291613656,1.323384175307163,1.4415744496917404,1.0208346341643704,0.8864294084316695,-1.8557126022137274,-0.7989764979792499,28,-0.03013004839639555
0.1620988489800075,-0.8569712082264987,0.8256215519955347,0.2289326278128331,-0.010178068445506557,-1.208485899229854,0.5234672768145805,28,0.4092303618169244
0.35165303307862333,-0.8569712082264987,1.1304713363883268,1.3272252913837153,-0.07914787435913538,-1.4465315056950958,-0.4617846729370318,28,0.2545850878264244
0.058705657653489444,0.5405438115384279,0.6208250301726848,0.28549705683794246,0.5243379273851174,-0.8816557152181166,-0.9719596647295338,28,0.47876079508397074
0.4253685491169745,1.0728752589011676,-0.847143931595683,-0.35556647211330233,0.47261057294989595,-1.1750308410239276,0.20758497231406314,28,1.5241148952368089
0.715443891449705,-0.8569712082264987,1.3665345027642837,0.554178094707215,0.8347020539964477,-2.20699071337595,0.06217883214715827,28,0.30313651105599976
-1.4280501398472734,1.53794042315489,1.6682576227017651,-0.12459505359410349,-0.11363277731594987,-1.3641805931882016,-0.47431968502038563,28,-0.15001010575337237
0.3956908738288071,0.8664373555665975,-0.847143931595683,0.20065041330027847,0.403640767036267,-0.28203813352729057,-0.8014835003959212,28,0.9960432425793259
-1.1197852545959885,-0.8569712082264987,2.2810838559426596,-0.016179897962643727,1.1105812776509634,-1.5906456025821618,0.9095456489818784,28,-1.2421174282754315
0.31240191414911217,-0.8569712082264987,0.9131681567442339,-0.5488282712824274,0.6795199906907826,-0.6127285165627895,0.11858638652225056,28,0.15868104194084287
0.3851600858233282,-0.8569712082264987,1.1523579875755017,0.04509823348122582,0.9209143113884839,-1.3230051369347537,0.07847434785551911,28,0.08735240781344179
-1.3543346238089227,1.0438811713541776,1.1492313231201907,2.409019996488941,-0.061905422880728214,-1.3423061320535572,-1.477120651688693,28,-0.034925250690674946
0.06923644565896779,0.5463426290478259,-0.847143931595683,-0.1953005898754908,0.14500399486015855,-0.8366200599409086,0.7027179496065399,28,0.3792603474776802
0.1630561933441416,-0.8569712082264987,0.8256215519955347,1.3272252913837153,0.8519445054748549,-1.2007655011823322,-0.3665185811035423,28,-0.235724346763611
-0.15956885736915968,0.4303662788598653,0.5051384453261892,0.6578795479199159,-0.044662971402320895,-1.805530014904839,0.2125989771474044,28,0.3432963302705871
-1.161908406617903,2.0424375464725193,-0.847143931595683,-0.6195338075638147,1.0416114717373344,0.9828204132582918,-1.0684792577713575,28,0.21862107061933128
-1.1025530560415688,2.154934606154841,-0.847143931595683,0.07809415041253936,1.1278237291293705,-1.4684059668297402,0.668873416981484,28,0.12631342645445917
-0.04564487803716326,0.48835445395384564,0.5645450699770923,-0.09159913666278993,0.47261057294989595,-1.3230051369347537,-0.06442478989471584,28,0.5075320088496454
0.3928188407364037,-0.8569712082264987,0.9600681235738941,0.6814480600137117,0.7312473451260044,-1.9946797670691128,0.5009042550645427,28,-0.27768236683855285
-1.2700883197650932,0.7597391133936737,0.8506348676380201,0.525895880194659,-0.010178068445506557,-1.0360636761685438,0.0822348514805247,28,-0.7260337813536462
-1.1686098171668442,1.3083072497827277,-0.847143931595683,-0.2801472334131561,0.8864294084316695,0.2146408075299173,0.1937964590223736,28,-0.18237772123975607
-0.1940332544779992,0.3085911111625065,0.37694520265845105,0.8982783712766326,0.42088321851467414,-1.3950621853782867,-0.1496628720615214,28,-0.20455553185079706
