cement,blast_furnace_slag,fly_ash,water,superplasticizer,coarse_aggregate,fine_aggregate ,age,concrete_compressive_strength
1.0,0.0,0.0,0.3482472324723247,0.09803921568627451,0.6947674418604651,0.22187647974024222,28,1.0
1.0,0.0,0.0,0.3482472324723247,0.09803921568627451,0.7383720930232558,0.22187647974024222,28,0.7690867417761564
0.526255707762557,0.3987408184679958,0.0,0.9571033210332105,0.0,0.3808139534883721,0.0,270,0.48991187009716886
0.526255707762557,0.3987408184679958,0.0,0.9571033210332105,0.0,0.3808139534883721,0.0,365,0.4999838589921554
0.22054794520547943,0.37047918852745715,0.0,0.6250000000000001,0.0,0.5156976744186046,0.6263951836569033,360,0.541950479387933
0.3744292237442922,0.31899265477439664,0.0,0.9571033210332105,0.0,0.3808139534883721,0.20564161536900497,90,0.577202440520386
0.634703196347032,0.2658272123119972,0.0,0.9571033210332105,0.0,0.3808139534883721,0.0,365,0.5342027956225587
0.634703196347032,0.2658272123119972,0.0,0.9571033210332105,0.0,0.3808139534883721,0.0,28,0.4405849501242858
0.3744292237442922,0.31899265477439664,0.0,0.9571033210332105,0.0,0.3808139534883721,0.20564161536900497,28,0.56196532911515
0.8515981735159818,0.0,0.0,0.9571033210332105,0.0,0.3808139534883721,0.0,28,0.47725731994705745
0.22054794520547943,0.37047918852745715,0.0,0.6250000000000001,0.0,0.5156976744186046,0.6263951836569033,90,0.46150369629079635
0.22054794520547943,0.37047918852745715,0.0,0.6250000000000001,0.0,0.5156976744186046,0.6263951836569033,28,0.3317299932207766
0.7431506849315068,0.1329136061559986,0.0,0.9571033210332105,0.0,0.3808139534883721,0.0,270,0.5252929592923782
0.2009132420091324,0.5316544246239944,0.0,0.9571033210332105,0.0,0.3808139534883721,0.20564161536900497,90,0.5165122510249539
0.4611872146118721,0.21266176984959775,0.0,0.9571033210332105,0.0,0.3808139534883721,0.20564161536900497,28,0.5872744294153727
0.634703196347032,0.0,0.0,0.9571033210332105,0.0,0.3808139534883721,0.20564161536900497,90,0.6531297414210542
0.08584474885844748,0.5859391395592864,0.0,0.6250000000000001,0.0,0.7151162790697675,0.5760671041060679,90,0.4781612163863511
0.547945205479452,0.10633088492479888,0.0,0.9571033210332105,0.0,0.3808139534883721,0.20564161536900497,365,0.6948381056913193
0.634703196347032,0.2658272123119972,0.0,0.9571033210332105,0.0,0.3808139534883721,0.0,90,0.49365658391709977
0.8515981735159818,0.0,0.0,0.9571033210332105,0.0,0.3808139534883721,0.0,180,0.5202569648448848
0.7431506849315068,0.1329136061559986,0.0,0.9571033210332105,0.0,0.3808139534883721,0.0,180,0.5101849759498983
0.08584474885844748,0.5859391395592864,0.0,0.6250000000000001,0.0,0.7151162790697675,0.5760671041060679,28,0.33457081060141386
0.08584474885844748,0.5859391395592864,0.0,0.6250000000000001,0.0,0.7151162790697675,0.5760671041060679,3,0.07399037995932466
0.08584474885844748,0.5859391395592864,0.0,0.6250000000000001,0.0,0.7151162790697675,0.5760671041060679,180,0.5407883268231268
0.634703196347032,0.0,0.0,0.9571033210332105,0.0,0.3808139534883721,0.20564161536900497,365,0.648093746973561
0.634703196347032,0.0,0.0,0.9571033210332105,0.0,0.3808139534883721,0.20564161536900497,270,0.6581657358685475
0.634703196347032,0.2658272123119972,0.0,0.9571033210332105,0.0,0.3808139534883721,0.0,270,0.5012751396197178
0.547945205479452,0.10633088492479888,0.0,0.9571033210332105,0.0,0.3808139534883721,0.20564161536900497,180,0.6429286244633114
0.7431506849315068,0.1329136061559986,0.0,0.9571033210332105,0.0,0.3808139534883721,0.0,28,0.4532395002743971
0.8515981735159818,0.0,0.0,0.9571033210332105,0.0,0.3808139534883721,0.0,7,0.468347483616877
0.4611872146118721,0.21266176984959775,0.0,0.9571033210332105,0.0,0.3808139534883721,0.20564161536900497,365,0.6834748361687703
0.3744292237442922,0.31899265477439664,0.0,0.9571033210332105,0.0,0.3808139534883721,0.20564161536900497,365,0.6531297414210542
0.22054794520547943,0.37047918852745715,0.0,0.6250000000000001,0.0,0.5156976744186046,0.6263951836569033,180,0.5086354391968234
0.8515981735159818,0.0,0.0,0.9571033210332105,0.0,0.3808139534883721,0.0,270,0.5139296897698292
0.2009132420091324,0.5316544246239944,0.0,0.9571033210332105,0.0,0.3808139534883721,0.20564161536900497,365,0.6632017303160408
0.3093607305936073,0.664568030779993,0.0,0.9571033210332105,0.0,0.3808139534883721,0.0,270,0.46589405042450843
0.3093607305936073,0.664568030779993,0.0,0.9571033210332105,0.0,0.3808139534883721,0.0,28,0.3583303741485618
0.526255707762557,0.3987408184679958,0.0,0.9571033210332105,0.0,0.3808139534883721,0.0,90,0.456984214094328
0.8515981735159818,0.0,0.0,0.9571033210332105,0.0,0.3808139534883721,0.0,90,0.5152209703973916
0.3093607305936073,0.664568030779993,0.0,0.9571033210332105,0.0,0.3808139534883721,0.0,180,0.43800238886916093
0.547945205479452,0.10633088492479888,0.0,0.9571033210332105,0.0,0.3808139534883721,0.20564161536900497,90,0.6214933660457759
0.7431506849315068,0.1329136061559986,0.0,0.9571033210332105,0.0,0.3808139534883721,0.0,365,0.5342027956225587
0.3093607305936073,0.664568030779993,0.0,0.9571033210332105,0.0,0.3808139534883721,0.0,365,0.47351260612712653
0.634703196347032,0.0,0.0,0.9571033210332105,0.0,0.3808139534883721,0.20564161536900497,180,0.6555831746134229
0.7431506849315068,0.1329136061559986,0.0,0.9571033210332105,0.0,0.3808139534883721,0.0,90,0.5063111340672111
0.7431506849315068,0.1329136061559986,0.0,0.9571033210332105,0.0,0.3808139534883721,0.0,7,0.42289440552668106
0.5639269406392694,0.0,0.0,0.6250000000000001,0.0,0.7151162790697675,0.5760671041060679,3,0.16425089582593536
0.634703196347032,0.2658272123119972,0.0,0.9571033210332105,0.0,0.3808139534883721,0.0,180,0.4962391451722245
0.3093607305936073,0.664568030779993,0.0,0.9571033210332105,0.0,0.3808139534883721,0.0,7,0.3090034541756787
0.634703196347032,0.2658272123119972,0.0,0.9571033210332105,0.0,0.3808139534883721,0.0,7,0.39371146334377116
0.526255707762557,0.3987408184679958,0.0,0.9571033210332105,0.0,0.3808139534883721,0.0,180,0.48358459502211315
0.2009132420091324,0.5316544246239944,0.0,0.9571033210332105,0.0,0.3808139534883721,0.20564161536900497,180,0.5759111598928237
0.3093607305936073,0.664568030779993,0.0,0.9571033210332105,0.0,0.3808139534883721,0.0,90,0.3975853052264583
0.4611872146118721,0.21266176984959775,0.0,0.9571033210332105,0.0,0.3808139534883721,0.20564161536900497,90,0.6050941020757336
0.08584474885844748,0.5859391395592864,0.0,0.6250000000000001,0.0,0.7151162790697675,0.5760671041060679,7,0.15831100493914838
0.22054794520547943,0.37047918852745715,0.0,0.6250000000000001,0.0,0.5156976744186046,0.6263951836569033,7,0.15895664525292957
0.8515981735159818,0.0,0.0,0.9571033210332105,0.0,0.3808139534883721,0.0,365,0.5113471285147044
0.22054794520547943,0.37047918852745715,0.0,0.6250000000000001,0.0,0.5156976744186046,0.6263951836569033,3,0.08780708267424218
0.4611872146118721,0.21266176984959775,0.0,0.9571033210332105,0.0,0.3808139534883721,0.20564161536900497,180,0.6278206411208316
0.526255707762557,0.3987408184679958,0.0,0.9571033210332105,0.0,0.3808139534883721,0.0,28,0.39629402459889596
0.4611872146118721,0.21266176984959775,0.0,0.9571033210332105,0.0,0.3808139534883721,0.20564161536900497,270,0.6721115666462214
0.3744292237442922,0.31899265477439664,0.0,0.9571033210332105,0.0,0.3808139534883721,0.20564161536900497,270,0.6378926300158181
0.4748858447488584,0.0,0.0,0.6250000000000001,0.0,0.4941860465116279,0.6943110329432458,3,0.09736255931820381
0.2009132420091324,0.5316544246239944,0.0,0.9571033210332105,0.0,0.3808139534883721,0.20564161536900497,270,0.6240759273009006
0.3744292237442922,0.31899265477439664,0.0,0.9571033210332105,0.0,0.3808139534883721,0.20564161536900497,180,0.598766827000678
0.547945205479452,0.10633088492479888,0.0,0.9571033210332105,0.0,0.3808139534883721,0.20564161536900497,270,0.6808922749136456
0.08584474885844748,0.5859391395592864,0.0,0.6250000000000001,0.0,0.7151162790697675,0.5760671041060679,360,0.5471156018981825
0.526255707762557,0.3987408184679958,0.0,0.9571033210332105,0.0,0.3808139534883721,0.0,7,0.3609129354036866
0.2009132420091324,0.5316544246239944,0.0,0.9571033210332105,0.0,0.3808139534883721,0.20564161536900497,28,0.4975304257997869
0.8744292237442922,0.0,0.0,0.20064575645756452,0.0,0.9273255813953488,0.5573970100791451,28,0.8995060851599572
0.6210045662100456,0.5294158796782091,0.0,0.422970479704797,0.396078431372549,0.3636627906976745,0.44023540553338314,3,0.41411369725925684
0.48242009132420094,0.7336831059811122,0.0,0.4727859778597786,0.3372549019607843,0.7148255813953491,0.04816343096800368,3,0.34180198211576324
0.7374429223744292,0.2974466596712137,0.0,0.2698339483394834,0.6470588235294118,0.14854651162790705,0.793073124534939,3,0.401200890983633
0.7374429223744292,0.2974466596712137,0.0,0.25046125461254615,0.7294117647058824,0.39244186046511625,0.5674085097747414,3,0.4386480291829421
0.6232876712328768,0.26246939489331933,0.0,0.02167896678966772,0.9176470588235294,0.14854651162790705,1.0,3,0.34438454337088803
0.8515981735159818,0.33242392444910807,0.0,0.5244464944649446,0.3490196078431373,0.14854651162790705,0.5073395116011636,3,0.4580172385963779
0.8378995433789954,0.3279468345575376,0.0,0.12500000000000003,1.0,0.14854651162790705,0.6669823445849964,3,0.4890079736578752
0.7374429223744292,0.2974466596712137,0.0,0.2698339483394834,0.6470588235294118,0.14854651162790705,0.793073124534939,3,0.401200890983633
0.6543378995433791,0.2717033927946834,0.0,0.3104243542435425,0.4745098039215686,0.14854651162790705,0.8975174186565653,3,0.3327630177228266
0.9801369863013698,0.0,0.0,0.16190036900369006,1.0,0.14854651162790705,0.8109314753433,3,0.5032120605610614
0.7374429223744292,0.2974466596712137,0.0,0.2698339483394834,0.6470588235294118,0.14854651162790705,0.793073124534939,3,0.401200890983633
0.49497716894977173,0.5946135012242043,0.0,0.2901291512915128,0.5607843137254902,0.14854651162790705,0.7749441926537239,3,0.2953158795235174
0.6844748858447489,0.26498775795732776,0.0,0.21356088560885608,0.4470588235294118,0.42383720930232544,0.6983697490360551,3,0.5006294993059366
0.5949771689497717,0.5288562434417629,0.0,0.37500000000000006,0.4549019607843137,0.417732558139535,0.4378001758776973,3,0.42573522290731824
0.5061643835616438,0.7913256383350822,0.0,0.5493542435424356,0.403921568627451,0.4119186046511629,0.17831292701075557,3,0.3353455789779513
0.6335616438356164,0.42308499475341027,0.0,0.27352398523985244,0.6235294117647059,0.9688953488372092,0.02976391801393493,3,0.33921942086063855
0.5949771689497717,0.5288562434417629,0.0,0.37500000000000006,0.4549019607843137,0.417732558139535,0.4378001758776973,3,0.42573522290731824
0.42077625570776256,0.5621545995103183,0.0,0.18865313653136515,0.4392156862745098,0.5918604651162791,0.5674085097747414,3,0.28498563450301834
0.5949771689497717,0.5288562434417629,0.0,0.37500000000000006,0.4549019607843137,0.417732558139535,0.4378001758776973,3,0.42573522290731824
0.769406392694064,0.49527806925498424,0.0,0.569649446494465,0.43529411764705883,0.24389534883720923,0.30819184198065347,3,0.47738644800981367
0.6573059360730593,0.5288562434417629,0.0,0.1997232472324723,0.8627450980392157,0.417732558139535,0.4378001758776973,3,0.4941730961681247
0.5949771689497717,0.5288562434417629,0.0,0.37500000000000006,0.4549019607843137,0.417732558139535,0.4378001758776973,3,0.42573522290731824
0.5385844748858447,0.5288562434417629,0.0,0.4672509225092252,0.37254901960784315,0.417732558139535,0.4378001758776973,3,0.2811117926203312
0.6210045662100456,0.5294158796782091,0.0,0.422970479704797,0.396078431372549,0.3636627906976745,0.44023540553338314,7,0.5664848113116183
0.48242009132420094,0.7336831059811122,0.0,0.4727859778597786,0.3372549019607843,0.7148255813953491,0.04816343096800368,7,0.5225812699744972
0.7374429223744292,0.2974466596712137,0.0,0.2698339483394834,0.6470588235294118,0.14854651162790705,0.793073124534939,7,0.6052232301384898
0.7374429223744292,0.2974466596712137,0.0,0.25046125461254615,0.7294117647058824,0.39244186046511625,0.5674085097747414,7,0.5742324950769925
0.6232876712328768,0.26246939489331933,0.0,0.02167896678966772,0.9176470588235294,0.14854651162790705,1.0,7,0.5600284081738064
0.8515981735159818,0.33242392444910807,0.0,0.5244464944649446,0.3490196078431373,0.14854651162790705,0.5073395116011636,7,0.6878651903024824
0.8378995433789954,0.3279468345575376,0.0,0.12500000000000003,1.0,0.14854651162790705,0.6669823445849964,7,0.6788262259095457
0.7374429223744292,0.2974466596712137,0.0,0.2698339483394834,0.6470588235294118,0.14854651162790705,0.793073124534939,7,0.6052232301384898
0.6543378995433791,0.2717033927946834,0.0,0.3104243542435425,0.4745098039215686,0.14854651162790705,0.8975174186565653,7,0.42057010039706877
0.9801369863013698,0.0,0.0,0.16190036900369006,1.0,0.14854651162790705,0.8109314753433,7,0.5755237757045549
0.7374429223744292,0.2974466596712137,0.0,0.2698339483394834,0.6470588235294118,0.14854651162790705,0.793073124534939,7,0.6052232301384898
0.49497716894977173,0.5946135012242043,0.0,0.2901291512915128,0.5607843137254902,0.14854651162790705,0.7749441926537239,7,0.401200890983633
0.6844748858447489,0.26498775795732776,0.0,0.21356088560885608,0.4470588235294118,0.42383720930232544,0.6983697490360551,7,0.6684959808890467
0.5949771689497717,0.5288562434417629,0.0,0.37500000000000006,0.4549019607843137,0.417732558139535,0.4378001758776973,7,0.6917390321851695
0.5061643835616438,0.7913256383350822,0.0,0.5493542435424356,0.403921568627451,0.4119186046511629,0.17831292701075557,7,0.612970913903864
0.6335616438356164,0.42308499475341027,0.0,0.27352398523985244,0.6235294117647059,0.9688953488372092,0.02976391801393493,7,0.5781063369596797
0.5949771689497717,0.5288562434417629,0.0,0.37500000000000006,0.4549019607843137,0.417732558139535,0.4378001758776973,7,0.6917390321851695
0.42077625570776256,0.5621545995103183,0.0,0.18865313653136515,0.4392156862745098,0.5918604651162791,0.5674085097747414,7,0.4605997998515027
0.5949771689497717,0.5288562434417629,0.0,0.37500000000000006,0.4549019607843137,0.417732558139535,0.4378001758776973,7,0.6917390321851695
0.769406392694064,0.49527806925498424,0.0,0.569649446494465,0.43529411764705883,0.24389534883720923,0.30819184198065347,7,0.6943215934402943
0.6573059360730593,0.5288562434417629,0.0,0.1997232472324723,0.8627450980392157,0.417732558139535,0.4378001758776973,7,0.7329308842044097
0.5949771689497717,0.5288562434417629,0.0,0.37500000000000006,0.4549019607843137,0.417732558139535,0.4378001758776973,7,0.26561642508958255
0.5385844748858447,0.5288562434417629,0.0,0.4672509225092252,0.37254901960784315,0.417732558139535,0.4378001758776973,7,0.42315266165219356
0.6210045662100456,0.5294158796782091,0.0,0.422970479704797,0.396078431372549,0.3636627906976745,0.44023540553338314,28,0.7587564967556574
0.48242009132420094,0.7336831059811122,0.0,0.4727859778597786,0.3372549019607843,0.7148255813953491,0.04816343096800368,28,0.7420989766601026
0.7374429223744292,0.2974466596712137,0.0,0.2698339483394834,0.6470588235294118,0.14854651162790705,0.793073124534939,28,0.7484262517351583
0.7374429223744292,0.2974466596712137,0.0,0.25046125461254615,0.7294117647058824,0.39244186046511625,0.5674085097747414,28,0.7679245892113502
0.6232876712328768,0.26246939489331933,0.0,0.02167896678966772,0.9176470588235294,0.14854651162790705,1.0,28,0.7020692772056687
0.8515981735159818,0.33242392444910807,0.0,0.5244464944649446,0.3490196078431373,0.14854651162790705,0.5073395116011636,28,0.8518578300029053
0.8378995433789954,0.3279468345575376,0.0,0.12500000000000003,1.0,0.14854651162790705,0.6669823445849964,28,0.8337799012170319
0.7374429223744292,0.2974466596712137,0.0,0.2698339483394834,0.6470588235294118,0.14854651162790705,0.793073124534939,28,0.7484262517351583
0.6543378995433791,0.2717033927946834,0.0,0.3104243542435425,0.4745098039215686,0.14854651162790705,0.8975174186565653,28,0.6245924395519256
0.9801369863013698,0.0,0.0,0.16190036900369006,1.0,0.14854651162790705,0.8109314753433,28,0.6981954353229815
0.7374429223744292,0.2974466596712137,0.0,0.2698339483394834,0.6470588235294118,0.14854651162790705,0.793073124534939,28,0.7484262517351583
0.49497716894977173,0.5946135012242043,0.0,0.2901291512915128,0.5607843137254902,0.14854651162790705,0.7749441926537239,28,0.68657390967492
0.6844748858447489,0.26498775795732776,0.0,0.21356088560885608,0.4470588235294118,0.42383720930232544,0.6983697490360551,28,0.8544403912580301
0.5949771689497717,0.5288562434417629,0.0,0.37500000000000006,0.4549019607843137,0.417732558139535,0.4378001758776973,28,0.8905962488297768
0.5061643835616438,0.7913256383350822,0.0,0.5493542435424356,0.403921568627451,0.4119186046511629,0.17831292701075557,28,0.934499790166898
0.6335616438356164,0.42308499475341027,0.0,0.27352398523985244,0.6235294117647059,0.9688953488372092,0.02976391801393493,28,0.6439616489653613
0.5949771689497717,0.5288562434417629,0.0,0.37500000000000006,0.4549019607843137,0.417732558139535,0.4378001758776973,28,0.8905962488297768
0.42077625570776256,0.5621545995103183,0.0,0.18865313653136515,0.4392156862745098,0.5918604651162791,0.5674085097747414,28,0.844110146237531
0.5949771689497717,0.5288562434417629,0.0,0.37500000000000006,0.4549019607843137,0.417732558139535,0.4378001758776973,28,0.8905962488297768
0.769406392694064,0.49527806925498424,0.0,0.569649446494465,0.43529411764705883,0.24389534883720923,0.30819184198065347,28,0.8221583755689704
0.6573059360730593,0.5288562434417629,0.0,0.1997232472324723,0.8627450980392157,0.417732558139535,0.4378001758776973,28,0.9319172289117732
0.5949771689497717,0.5288562434417629,0.0,0.37500000000000006,0.4549019607843137,0.417732558139535,0.4378001758776973,28,0.8905962488297768
0.5385844748858447,0.5288562434417629,0.0,0.4672509225092252,0.37254901960784315,0.417732558139535,0.4378001758776973,28,0.6142621945314265
0.6210045662100456,0.5294158796782091,0.0,0.422970479704797,0.396078431372549,0.3636627906976745,0.44023540553338314,56,0.7885850792523484
0.48242009132420094,0.7336831059811122,0.0,0.4727859778597786,0.3372549019607843,0.7148255813953491,0.04816343096800368,56,0.8079542886657843
0.7374429223744292,0.2974466596712137,0.0,0.2698339483394834,0.6470588235294118,0.14854651162790705,0.793073124534939,56,0.8002066049004098
0.7374429223744292,0.2974466596712137,0.0,0.25046125461254615,0.7294117647058824,0.39244186046511625,0.5674085097747414,56,0.8079542886657843
0.6232876712328768,0.26246939489331933,0.0,0.02167896678966772,0.9176470588235294,0.14854651162790705,1.0,56,0.7472640991703522
0.8515981735159818,0.33242392444910807,0.0,0.5244464944649446,0.3490196078431373,0.14854651162790705,0.5073395116011636,56,0.9035090551054007
0.8378995433789954,0.3279468345575376,0.0,0.12500000000000003,1.0,0.14854651162790705,0.6669823445849964,56,0.8647706362785291
0.7374429223744292,0.2974466596712137,0.0,0.2698339483394834,0.6470588235294118,0.14854651162790705,0.793073124534939,56,0.8002066049004098
0.6543378995433791,0.2717033927946834,0.0,0.3104243542435425,0.4745098039215686,0.14854651162790705,0.8975174186565653,56,0.6827000677922329
0.9801369863013698,0.0,0.0,0.16190036900369006,1.0,0.14854651162790705,0.8109314753433,56,0.7291861703844787
0.7374429223744292,0.2974466596712137,0.0,0.2698339483394834,0.6470588235294118,0.14854651162790705,0.793073124534939,56,0.8002066049004098
0.49497716894977173,0.5946135012242043,0.0,0.2901291512915128,0.5607843137254902,0.14854651162790705,0.7749441926537239,56,0.8234496561965328
0.6844748858447489,0.26498775795732776,0.0,0.21356088560885608,0.4470588235294118,0.42383720930232544,0.6983697490360551,56,0.9215869838912741
0.5949771689497717,0.5288562434417629,0.0,0.37500000000000006,0.4549019607843137,0.417732558139535,0.4378001758776973,56,0.9680730864835199
0.5061643835616438,0.7913256383350822,0.0,0.5493542435424356,0.403921568627451,0.4119186046511629,0.17831292701075557,56,1.0
0.6335616438356164,0.42308499475341027,0.0,0.27352398523985244,0.6235294117647059,0.9688953488372092,0.02976391801393493,56,0.6788262259095457
0.5949771689497717,0.5288562434417629,0.0,0.37500000000000006,0.4549019607843137,0.417732558139535,0.4378001758776973,56,0.9680730864835199
0.42077625570776256,0.5621545995103183,0.0,0.18865313653136515,0.4392156862745098,0.5918604651162791,0.5674085097747414,56,0.9124188914355811
0.5949771689497717,0.5288562434417629,0.0,0.37500000000000006,0.4549019607843137,0.417732558139535,0.4378001758776973,56,0.9680730864835199
0.769406392694064,0.49527806925498424,0.0,0.569649446494465,0.43529411764705883,0.24389534883720923,0.30819184198065347,56,0.8957613713400264
0.6573059360730593,0.5288562434417629,0.0,0.1997232472324723,0.8627450980392157,0.417732558139535,0.4378001758776973,56,0.9951899796623301
0.5949771689497717,0.5288562434417629,0.0,0.37500000000000006,0.4549019607843137,0.417732558139535,0.4378001758776973,56,0.9680730864835199
0.5385844748858447,0.5288562434417629,0.0,0.4672509225092252,0.37254901960784315,0.417732558139535,0.4378001758776973,56,0.7432611292249087
0.6210045662100456,0.5294158796782091,0.0,0.422970479704797,0.396078431372549,0.3636627906976745,0.44023540553338314,91,0.8079542886657843
0.48242009132420094,0.7336831059811122,0.0,0.4727859778597786,0.3372549019607843,0.7148255813953491,0.04816343096800368,91,0.8299060593343447
0.7374429223744292,0.2974466596712137,0.0,0.2698339483394834,0.6470588235294118,0.14854651162790705,0.793073124534939,91,0.8118281305484714
0.7374429223744292,0.2974466596712137,0.0,0.25046125461254615,0.7294117647058824,0.39244186046511625,0.5674085097747414,91,0.8311973399619071
0.6232876712328768,0.26246939489331933,0.0,0.02167896678966772,0.9176470588235294,0.14854651162790705,1.0,91,0.7769635536042869
0.8515981735159818,0.33242392444910807,0.0,0.5244464944649446,0.3490196078431373,0.14854651162790705,0.5073395116011636,91,0.9279142589663297
0.8378995433789954,0.3279468345575376,0.0,0.12500000000000003,1.0,0.14854651162790705,0.6669823445849964,91,0.8828485650644026
0.7374429223744292,0.2974466596712137,0.0,0.2698339483394834,0.6470588235294118,0.14854651162790705,0.793073124534939,91,0.8118281305484714
0.6543378995433791,0.2717033927946834,0.0,0.3104243542435425,0.4745098039215686,0.14854651162790705,0.8975174186565653,91,0.7136908028537301
0.9801369863013698,0.0,0.0,0.16190036900369006,1.0,0.14854651162790705,0.8109314753433,91,0.7343512928947283
0.7374429223744292,0.2974466596712137,0.0,0.2698339483394834,0.6470588235294118,0.14854651162790705,0.793073124534939,91,0.8118281305484714
0.49497716894977173,0.5946135012242043,0.0,0.2901291512915128,0.5607843137254902,0.14854651162790705,0.7749441926537239,91,0.8492752687477805
0.6844748858447489,0.26498775795732776,0.0,0.21356088560885608,0.4470588235294118,0.42383720930232544,0.6983697490360551,91,0.944830035187397
0.5949771689497717,0.5288562434417629,0.0,0.37500000000000006,0.4549019607843137,0.417732558139535,0.4378001758776973,91,0.9938986990347676
0.6335616438356164,0.42308499475341027,0.0,0.27352398523985244,0.6235294117647059,0.9688953488372092,0.02976391801393493,91,0.6994867159505439
0.5949771689497717,0.5288562434417629,0.0,0.37500000000000006,0.4549019607843137,0.417732558139535,0.4378001758776973,91,0.9938986990347676
0.42077625570776256,0.5621545995103183,0.0,0.18865313653136515,0.4392156862745098,0.5918604651162791,0.5674085097747414,91,0.9616166833457079
0.5949771689497717,0.5288562434417629,0.0,0.37500000000000006,0.4549019607843137,0.417732558139535,0.4378001758776973,91,0.9938986990347676
0.769406392694064,0.49527806925498424,0.0,0.569649446494465,0.43529411764705883,0.24389534883720923,0.30819184198065347,91,0.9164218613810245
0.6573059360730593,0.5288562434417629,0.0,0.1997232472324723,0.8627450980392157,0.417732558139535,0.4378001758776973,91,1.0
0.5949771689497717,0.5288562434417629,0.0,0.37500000000000006,0.4549019607843137,0.417732558139535,0.4378001758776973,91,0.9938986990347676
0.5385844748858447,0.5288562434417629,0.0,0.4672509225092252,0.37254901960784315,0.417732558139535,0.4378001758776973,91,0.8454014268650933
0.27488584474885847,0.0,0.4832583708145927,0.6000922509225094,0.17647058823529413,0.4828488372093024,0.7476155042954745,3,0.1194434580495206
0.27488584474885847,0.0,0.4832583708145927,0.6000922509225094,0.17647058823529413,0.4828488372093024,0.7476155042954745,14,0.2856312748167995
0.27488584474885847,0.0,0.4832583708145927,0.6000922509225094,0.17647058823529413,0.4828488372093024,0.7476155042954745,28,0.29131290957807404
0.27488584474885847,0.0,0.4832583708145927,0.6000922509225094,0.17647058823529413,0.4828488372093024,0.7476155042954745,56,0.35019530619491873
0.27488584474885847,0.0,0.4832583708145927,0.6000922509225094,0.17647058823529413,0.4828488372093024,0.7476155042954745,100,0.49559350485844333
0.30091324200913244,0.0,0.4727636181909045,0.679428044280443,0.1803921568627451,0.42441860465116277,0.6986403301089091,3,0.10394809051877199
0.30091324200913244,0.0,0.4727636181909045,0.679428044280443,0.1803921568627451,0.42441860465116277,0.6986403301089091,14,0.25580269232010844
0.30091324200913244,0.0,0.4727636181909045,0.679428044280443,0.1803921568627451,0.42441860465116277,0.6986403301089091,28,0.2648416567130451
0.30091324200913244,0.0,0.4727636181909045,0.679428044280443,0.1803921568627451,0.42441860465116277,0.6986403301089091,56,0.32708138296155204
0.30091324200913244,0.0,0.4727636181909045,0.679428044280443,0.1803921568627451,0.42441860465116277,0.6986403301089091,100,0.4161797462633567
0.21164383561643832,0.0,0.5022488755622189,0.3814575645756457,0.29411764705882354,0.5970930232558139,0.8439423662314822,3,0.13067759950931335
0.21164383561643832,0.0,0.5022488755622189,0.3814575645756457,0.29411764705882354,0.5970930232558139,0.8439423662314822,14,0.2926041902056364
0.21164383561643832,0.0,0.5022488755622189,0.3814575645756457,0.29411764705882354,0.5970930232558139,0.8439423662314822,28,0.30203053878684183
0.21164383561643832,0.0,0.5022488755622189,0.3814575645756457,0.29411764705882354,0.5970930232558139,0.8439423662314822,56,0.40843206249798236
0.21164383561643832,0.0,0.5022488755622189,0.3814575645756457,0.29411764705882354,0.5970930232558139,0.8439423662314822,100,0.452077347709591
0.20251141552511412,0.0,0.6266866566716642,0.34916974169741694,0.30588235294117644,0.8401162790697675,0.5682202529933033,3,0.1641217677631791
0.20251141552511412,0.0,0.6266866566716642,0.34916974169741694,0.30588235294117644,0.8401162790697675,0.5682202529933033,14,0.24185686154243463
0.20251141552511412,0.0,0.6266866566716642,0.34916974169741694,0.30588235294117644,0.8401162790697675,0.5682202529933033,28,0.31081124705426605
0.20251141552511412,0.0,0.6266866566716642,0.34916974169741694,0.30588235294117644,0.8401162790697675,0.5682202529933033,56,0.4262517351583433
0.20251141552511412,0.0,0.6266866566716642,0.34916974169741694,0.30588235294117644,0.8401162790697675,0.5682202529933033,100,0.493785711979856
0.2513698630136986,0.0,0.6076961519240379,0.5170664206642068,0.2235294117647059,0.7459302325581393,0.5013867279983765,3,0.13093585563482582
0.2513698630136986,0.0,0.6076961519240379,0.5170664206642068,0.2235294117647059,0.7459302325581393,0.5013867279983765,14,0.2400490686638474
0.2513698630136986,0.0,0.6076961519240379,0.5170664206642068,0.2235294117647059,0.7459302325581393,0.5013867279983765,28,0.29144203764083026
0.2513698630136986,0.0,0.6076961519240379,0.5170664206642068,0.2235294117647059,0.7459302325581393,0.5013867279983765,56,0.4115311360041321
0.2513698630136986,0.0,0.6076961519240379,0.5170664206642068,0.2235294117647059,0.7459302325581393,0.5013867279983765,100,0.4813894179552571
0.2922374429223744,0.0,0.5912043978010995,0.6572878228782288,0.1803921568627451,0.6639534883720933,0.4453764459176082,3,0.09942860832230363
0.2922374429223744,0.0,0.5912043978010995,0.6572878228782288,0.1803921568627451,0.6639534883720933,0.4453764459176082,14,0.2292023113923233
0.2922374429223744,0.0,0.5912043978010995,0.6572878228782288,0.1803921568627451,0.6639534883720933,0.4453764459176082,28,0.28601865900506823
0.2922374429223744,0.0,0.5912043978010995,0.6572878228782288,0.1803921568627451,0.6639534883720933,0.4453764459176082,56,0.3771830713109726
0.2922374429223744,0.0,0.5912043978010995,0.6572878228782288,0.1803921568627451,0.6639534883720933,0.4453764459176082,100,0.4262517351583433
0.20159817351598175,0.0,0.6256871564217892,0.3473247232472325,0.38823529411764707,0.8345930232558136,0.5644321179733479,3,0.09193918068244179
0.20159817351598175,0.0,0.6256871564217892,0.3473247232472325,0.38823529411764707,0.8345930232558136,0.5644321179733479,14,0.26329211995997026
0.20159817351598175,0.0,0.6256871564217892,0.3473247232472325,0.38823529411764707,0.8345930232558136,0.5644321179733479,28,0.3375407560448074
0.20159817351598175,0.0,0.6256871564217892,0.3473247232472325,0.38823529411764707,0.8345930232558136,0.5644321179733479,56,0.46783097136585206
0.20159817351598175,0.0,0.6256871564217892,0.3473247232472325,0.38823529411764707,0.8345930232558136,0.5644321179733479,100,0.4914614068502437
0.14634703196347032,0.0,0.8160919540229886,0.48201107011070116,0.17647058823529413,0.7488372093023253,0.5035513765812083,3,0.10885495690350903
0.14634703196347032,0.0,0.8160919540229886,0.48201107011070116,0.17647058823529413,0.7488372093023253,0.5035513765812083,14,0.2989314652806921
0.14634703196347032,0.0,0.8160919540229886,0.48201107011070116,0.17647058823529413,0.7488372093023253,0.5035513765812083,28,0.24805500855473414
0.14634703196347032,0.0,0.8160919540229886,0.48201107011070116,0.17647058823529413,0.7488372093023253,0.5035513765812083,56,0.33960680504890717
0.14634703196347032,0.0,0.8160919540229886,0.48201107011070116,0.17647058823529413,0.7488372093023253,0.5035513765812083,100,0.40300868386222033
0.1506849315068493,0.11780342777194824,0.8185907046476762,0.0,0.2235294117647059,0.7491279069767444,0.5035513765812083,3,0.06998741001388126
0.1506849315068493,0.11780342777194824,0.8185907046476762,0.0,0.2235294117647059,0.7491279069767444,0.5035513765812083,14,0.2000193692094134
0.1506849315068493,0.11780342777194824,0.8185907046476762,0.0,0.2235294117647059,0.7491279069767444,0.5035513765812083,28,0.2829195854989185
0.1506849315068493,0.11780342777194824,0.8185907046476762,0.0,0.2235294117647059,0.7491279069767444,0.5035513765812083,56,0.3940988475320399
0.1506849315068493,0.11780342777194824,0.8185907046476762,0.0,0.2235294117647059,0.7491279069767444,0.5035513765812083,100,0.47648255157052
0.25502283105022827,0.274501573976915,0.12243878060969515,0.529981549815498,0.2705882352941177,0.769767441860465,0.5178921734424677,3,0.2023436743390257
0.25502283105022827,0.274501573976915,0.12243878060969515,0.529981549815498,0.2705882352941177,0.769767441860465,0.5178921734424677,14,0.3623333440940052
0.25502283105022827,0.274501573976915,0.12243878060969515,0.529981549815498,0.2705882352941177,0.769767441860465,0.5178921734424677,28,0.5601575362365626
0.25502283105022827,0.274501573976915,0.12243878060969515,0.529981549815498,0.2705882352941177,0.769767441860465,0.5178921734424677,56,0.6254963359912192
0.25502283105022827,0.274501573976915,0.12243878060969515,0.529981549815498,0.2705882352941177,0.769767441860465,0.5178921734424677,100,0.6659134196339218
0.25525114155251144,0.274501573976915,0.12243878060969515,0.529981549815498,0.2627450980392157,0.7703488372093024,0.5181627545153218,3,0.14010394809051874
0.25525114155251144,0.274501573976915,0.12243878060969515,0.529981549815498,0.2627450980392157,0.7703488372093024,0.5181627545153218,14,0.20027762533492588
0.25525114155251144,0.274501573976915,0.12243878060969515,0.529981549815498,0.2627450980392157,0.7703488372093024,0.5181627545153218,28,0.48939535784614385
0.25525114155251144,0.274501573976915,0.12243878060969515,0.529981549815498,0.2627450980392157,0.7703488372093024,0.5181627545153218,56,0.5784937211479485
0.25525114155251144,0.274501573976915,0.12243878060969515,0.529981549815498,0.2627450980392157,0.7703488372093024,0.5181627545153218,100,0.6151660909707202
0.2915525114155251,0.0,0.5907046476761619,0.654520295202952,0.2392156862745098,0.6601744186046509,0.4426706351890687,3,0.14242825322013103
0.2915525114155251,0.0,0.5907046476761619,0.654520295202952,0.2392156862745098,0.6601744186046509,0.4426706351890687,14,0.25812699744972073
0.2915525114155251,0.0,0.5907046476761619,0.654520295202952,0.2392156862745098,0.6601744186046509,0.4426706351890687,28,0.2867934273816057
0.2915525114155251,0.0,0.5907046476761619,0.654520295202952,0.2392156862745098,0.6601744186046509,0.4426706351890687,56,0.3747296381186041
0.2915525114155251,0.0,0.5907046476761619,0.654520295202952,0.2392156862745098,0.6601744186046509,0.4426706351890687,100,0.4975304257997869
0.3107305936073059,0.0,0.4702648675662169,0.5761070110701106,0.27450980392156865,0.4328488372093023,0.6845701143205034,3,0.22726539045097974
0.3107305936073059,0.0,0.4702648675662169,0.5761070110701106,0.27450980392156865,0.4328488372093023,0.6845701143205034,14,0.3016431545985731
0.3107305936073059,0.0,0.4702648675662169,0.5761070110701106,0.27450980392156865,0.4328488372093023,0.6845701143205034,28,0.36026729508990535
0.3107305936073059,0.0,0.4702648675662169,0.5761070110701106,0.27450980392156865,0.4328488372093023,0.6845701143205034,56,0.48113116182974464
0.3107305936073059,0.0,0.4702648675662169,0.5761070110701106,0.27450980392156865,0.4328488372093023,0.6845701143205034,100,0.541950479387933
0.3378995433789954,0.0,0.4782608695652174,0.5825645756457566,0.21568627450980393,0.4531976744186046,0.722992626665765,3,0.148368144106918
0.3378995433789954,0.0,0.4782608695652174,0.5825645756457566,0.21568627450980393,0.4531976744186046,0.722992626665765,14,0.29170029376634277
0.3378995433789954,0.0,0.4782608695652174,0.5825645756457566,0.21568627450980393,0.4531976744186046,0.722992626665765,28,0.34722536075152527
0.3378995433789954,0.0,0.4782608695652174,0.5825645756457566,0.21568627450980393,0.4531976744186046,0.722992626665765,56,0.46486102592245854
0.3378995433789954,0.0,0.4782608695652174,0.5825645756457566,0.21568627450980393,0.4531976744186046,0.722992626665765,100,0.5167705071504665
0.2522831050228311,0.0,0.5017491254372815,0.32333948339483404,0.34117647058823525,0.6011627906976743,0.8377190015558413,3,0.14475255834974332
0.2522831050228311,0.0,0.5017491254372815,0.32333948339483404,0.34117647058823525,0.6011627906976743,0.8377190015558413,14,0.3096490944894598
0.2522831050228311,0.0,0.5017491254372815,0.32333948339483404,0.34117647058823525,0.6011627906976743,0.8377190015558413,28,0.378474351938535
0.2522831050228311,0.0,0.5017491254372815,0.32333948339483404,0.34117647058823525,0.6011627906976743,0.8377190015558413,56,0.5193530684055911
0.2522831050228311,0.0,0.5017491254372815,0.32333948339483404,0.34117647058823525,0.6011627906976743,0.8377190015558413,100,0.5241308067275721
0.25251141552511414,0.0,0.5017491254372815,0.3242619926199262,0.40784313725490196,0.5895348837209301,0.8382601637015491,3,0.14204086903186233
0.25251141552511414,0.0,0.5017491254372815,0.3242619926199262,0.40784313725490196,0.5895348837209301,0.8382601637015491,14,0.29751105659037347
0.25251141552511414,0.0,0.5017491254372815,0.3242619926199262,0.40784313725490196,0.5895348837209301,0.8382601637015491,28,0.45285211608612835
0.25251141552511414,0.0,0.5017491254372815,0.3242619926199262,0.40784313725490196,0.5895348837209301,0.8382601637015491,56,0.5432417600154953
0.25251141552511414,0.0,0.5017491254372815,0.3242619926199262,0.40784313725490196,0.5895348837209301,0.8382601637015491,100,0.586370532976079
0.2511415525114155,0.0,0.623688155922039,0.32057195571955716,0.30588235294117644,0.8267441860465119,0.5560441047148753,3,0.22197113987797393
0.2511415525114155,0.0,0.623688155922039,0.32057195571955716,0.30588235294117644,0.8267441860465119,0.5560441047148753,14,0.3747296381186041
0.2511415525114155,0.0,0.623688155922039,0.32057195571955716,0.30588235294117644,0.8267441860465119,0.5560441047148753,28,0.4670562029893146
0.2511415525114155,0.0,0.623688155922039,0.32057195571955716,0.30588235294117644,0.8267441860465119,0.5560441047148753,56,0.5520224682829196
0.2511415525114155,0.0,0.623688155922039,0.32057195571955716,0.30588235294117644,0.8267441860465119,0.5560441047148753,100,0.5874035574781289
0.29634703196347034,0.0,0.6076961519240379,0.45894833948339486,0.2627450980392157,0.7424418604651165,0.499222079415545,3,0.16928689027342864
0.29634703196347034,0.0,0.6076961519240379,0.45894833948339486,0.2627450980392157,0.7424418604651165,0.499222079415545,14,0.3155889853762468
0.29634703196347034,0.0,0.6076961519240379,0.45894833948339486,0.2627450980392157,0.7424418604651165,0.499222079415545,28,0.40546211705458884
0.29634703196347034,0.0,0.6076961519240379,0.45894833948339486,0.2627450980392157,0.7424418604651165,0.499222079415545,56,0.5212899893469348
0.29634703196347034,0.0,0.6076961519240379,0.45894833948339486,0.2627450980392157,0.7424418604651165,0.499222079415545,100,0.5618362010523937
0.3410958904109589,0.0,0.5912043978010995,0.5927121771217713,0.22745098039215686,0.6610465116279073,0.4429412162619227,3,0.19227168544403908
0.3410958904109589,0.0,0.5912043978010995,0.5927121771217713,0.22745098039215686,0.6610465116279073,0.4429412162619227,14,0.3563934532072182
0.3410958904109589,0.0,0.5912043978010995,0.5927121771217713,0.22745098039215686,0.6610465116279073,0.4429412162619227,28,0.3527778674500435
0.3410958904109589,0.0,0.5912043978010995,0.5927121771217713,0.22745098039215686,0.6610465116279073,0.4429412162619227,56,0.4472996093876101
0.3410958904109589,0.0,0.5912043978010995,0.5927121771217713,0.22745098039215686,0.6610465116279073,0.4429412162619227,100,0.5326532588694838
0.3410958904109589,0.0,0.5912043978010995,0.5927121771217713,0.25098039215686274,0.6610465116279073,0.4429412162619227,3,0.13932917971398132
0.3410958904109589,0.0,0.5912043978010995,0.5927121771217713,0.25098039215686274,0.6610465116279073,0.4429412162619227,14,0.28537301869128706
0.3410958904109589,0.0,0.5912043978010995,0.5927121771217713,0.25098039215686274,0.6610465116279073,0.4429412162619227,28,0.3916454143396713
0.3410958904109589,0.0,0.5912043978010995,0.5927121771217713,0.25098039215686274,0.6610465116279073,0.4429412162619227,56,0.44303838331665424
0.3410958904109589,0.0,0.5912043978010995,0.5927121771217713,0.25098039215686274,0.6610465116279073,0.4429412162619227,100,0.5407883268231268
0.1812785388127854,0.0,0.8345827086456772,0.41835793357933576,0.2980392156862745,0.7401162790697672,0.4973280119055672,3,0.14578558285179324
0.1812785388127854,0.0,0.8345827086456772,0.41835793357933576,0.2980392156862745,0.7401162790697672,0.4973280119055672,14,0.2488297769312716
0.1812785388127854,0.0,0.8345827086456772,0.41835793357933576,0.2980392156862745,0.7401162790697672,0.4973280119055672,28,0.32850179165187066
0.1812785388127854,0.0,0.8345827086456772,0.41835793357933576,0.2980392156862745,0.7401162790697672,0.4973280119055672,56,0.42922168060173677
0.1812785388127854,0.0,0.8345827086456772,0.41835793357933576,0.2980392156862745,0.7401162790697672,0.4973280119055672,100,0.5557671821028505
0.182648401826484,0.12647778943686605,0.6096951524237881,0.4238929889298892,0.32156862745098036,0.7511627906976747,0.505174863018332,3,0.064434903315363
0.182648401826484,0.12647778943686605,0.6096951524237881,0.4238929889298892,0.32156862745098036,0.7511627906976747,0.505174863018332,14,0.2475384963037092
0.182648401826484,0.12647778943686605,0.6096951524237881,0.4238929889298892,0.32156862745098036,0.7511627906976747,0.505174863018332,28,0.37369661361655415
0.182648401826484,0.12647778943686605,0.6096951524237881,0.4238929889298892,0.32156862745098036,0.7511627906976747,0.505174863018332,56,0.5316202343674339
0.182648401826484,0.12647778943686605,0.6096951524237881,0.4238929889298892,0.32156862745098036,0.7511627906976747,0.505174863018332,100,0.5983794428124092
0.15273972602739727,0.1180832458901714,0.6211894052973513,0.31411439114391154,0.42352941176470593,0.8133720930232556,0.5471149293106949,3,0.06546792781741291
0.15273972602739727,0.1180832458901714,0.6211894052973513,0.31411439114391154,0.42352941176470593,0.8133720930232556,0.5471149293106949,14,0.2734932369177131
0.15273972602739727,0.1180832458901714,0.6211894052973513,0.31411439114391154,0.42352941176470593,0.8133720930232556,0.5471149293106949,28,0.3717596926752106
0.15273972602739727,0.1180832458901714,0.6211894052973513,0.31411439114391154,0.42352941176470593,0.8133720930232556,0.5471149293106949,56,0.4754495270684701
0.15273972602739727,0.1180832458901714,0.6211894052973513,0.31411439114391154,0.42352941176470593,0.8133720930232556,0.5471149293106949,100,0.5916647835490847
0.4301369863013698,0.0,0.4807596201899051,0.40452029520295196,0.3686274509803922,0.46569767441860477,0.7332747074342151,3,0.260451302579333
0.4301369863013698,0.0,0.4807596201899051,0.40452029520295196,0.3686274509803922,0.46569767441860477,0.7332747074342151,14,0.4176001549536753
0.4301369863013698,0.0,0.4807596201899051,0.40452029520295196,0.3686274509803922,0.46569767441860477,0.7332747074342151,28,0.418504051392969
0.4301369863013698,0.0,0.4807596201899051,0.40452029520295196,0.3686274509803922,0.46569767441860477,0.7332747074342151,56,0.5520224682829196
0.4301369863013698,0.0,0.4807596201899051,0.40452029520295196,0.3686274509803922,0.46569767441860477,0.7332747074342151,100,0.6022532846950963
0.39977168949771696,0.0,0.48675662168915546,0.33533210332103314,0.4627450980392157,0.5026162790697674,0.7619563011567343,3,0.2687154985957323
0.39977168949771696,0.0,0.48675662168915546,0.33533210332103314,0.4627450980392157,0.5026162790697674,0.7619563011567343,14,0.5108306162636794
0.39977168949771696,0.0,0.48675662168915546,0.33533210332103314,0.4627450980392157,0.5026162790697674,0.7619563011567343,28,0.5933434483649158
0.39977168949771696,0.0,0.48675662168915546,0.33533210332103314,0.4627450980392157,0.5026162790697674,0.7619563011567343,56,0.6289827936856377
0.39977168949771696,0.0,0.48675662168915546,0.33533210332103314,0.4627450980392157,0.5026162790697674,0.7619563011567343,100,0.6883817025535074
0.4422374429223744,0.0,0.4777611194402798,0.43588560885608857,0.3490196078431373,0.4479651162790698,0.717581005208686,3,0.2662620654033637
0.4422374429223744,0.0,0.4777611194402798,0.43588560885608857,0.3490196078431373,0.4479651162790698,0.717581005208686,14,0.4248313264680246
0.4422374429223744,0.0,0.4777611194402798,0.43588560885608857,0.3490196078431373,0.4479651162790698,0.717581005208686,28,0.48565064402621294
0.4422374429223744,0.0,0.4777611194402798,0.43588560885608857,0.3490196078431373,0.4479651162790698,0.717581005208686,56,0.5990250831261903
0.4422374429223744,0.0,0.4777611194402798,0.43588560885608857,0.3490196078431373,0.4479651162790698,0.717581005208686,100,0.6418955999612616
0.34200913242009134,0.0,0.49925037481259377,0.2015682656826567,0.48627450980392156,0.5959302325581395,0.827436920787391,3,0.24134034929140968
0.34200913242009134,0.0,0.49925037481259377,0.2015682656826567,0.48627450980392156,0.5959302325581395,0.827436920787391,14,0.40068437873260804
0.34200913242009134,0.0,0.49925037481259377,0.2015682656826567,0.48627450980392156,0.5959302325581395,0.827436920787391,28,0.40817380637246986
0.34200913242009134,0.0,0.49925037481259377,0.2015682656826567,0.48627450980392156,0.5959302325581395,0.827436920787391,56,0.5398844303838332
0.34200913242009134,0.0,0.49925037481259377,0.2015682656826567,0.48627450980392156,0.5959302325581395,0.827436920787391,100,0.5557671821028505
0.33584474885844745,0.0,0.49375312343828087,0.31226937269372684,0.5019607843137255,0.5430232558139534,0.7982141649191641,3,0.16825386577137874
0.33584474885844745,0.0,0.49375312343828087,0.31226937269372684,0.5019607843137255,0.5430232558139534,0.7982141649191641,14,0.34025244536268845
0.33584474885844745,0.0,0.49375312343828087,0.31226937269372684,0.5019607843137255,0.5430232558139534,0.7982141649191641,28,0.3682732349807922
0.33584474885844745,0.0,0.49375312343828087,0.31226937269372684,0.5019607843137255,0.5430232558139534,0.7982141649191641,56,0.5126384091422668
0.33584474885844745,0.0,0.49375312343828087,0.31226937269372684,0.5019607843137255,0.5430232558139534,0.7982141649191641,100,0.6292410498111501
0.34315068493150686,0.0,0.49375312343828087,0.20341328413284138,0.5568627450980392,0.5430232558139534,0.7982141649191641,3,0.2511540820608839
0.34315068493150686,0.0,0.49375312343828087,0.20341328413284138,0.5568627450980392,0.5430232558139534,0.7982141649191641,14,0.515995738773929
0.34315068493150686,0.0,0.49375312343828087,0.20341328413284138,0.5568627450980392,0.5430232558139534,0.7982141649191641,28,0.6233011589243632
0.34315068493150686,0.0,0.49375312343828087,0.20341328413284138,0.5568627450980392,0.5430232558139534,0.7982141649191641,56,0.6908351357458759
0.34315068493150686,0.0,0.49375312343828087,0.20341328413284138,0.5568627450980392,0.5430232558139534,0.7982141649191641,100,0.75694870387707
0.3305936073059361,0.0,0.6251874062968515,0.17573800738007384,0.47058823529411764,0.830813953488372,0.5598322397348305,3,0.2736223649804693
0.3305936073059361,0.0,0.6251874062968515,0.17573800738007384,0.47058823529411764,0.830813953488372,0.5598322397348305,14,0.5150918423346353
0.3305936073059361,0.0,0.6251874062968515,0.17573800738007384,0.47058823529411764,0.830813953488372,0.5598322397348305,28,0.6478354908480485
0.3305936073059361,0.0,0.6251874062968515,0.17573800738007384,0.47058823529411764,0.830813953488372,0.5598322397348305,56,0.748813635923427
0.3305936073059361,0.0,0.6251874062968515,0.17573800738007384,0.47058823529411764,0.830813953488372,0.5598322397348305,100,0.8275817542047325
0.39520547945205486,0.0,0.606696651674163,0.3251845018450184,0.38823529411764707,0.7343023255813951,0.49651626868700544,3,0.277237950737644
0.39520547945205486,0.0,0.606696651674163,0.3251845018450184,0.38823529411764707,0.7343023255813951,0.49651626868700544,14,0.47054266068373307
0.39520547945205486,0.0,0.606696651674163,0.3251845018450184,0.38823529411764707,0.7343023255813951,0.49651626868700544,28,0.6327275075055686
0.39520547945205486,0.0,0.606696651674163,0.3251845018450184,0.38823529411764707,0.7343023255813951,0.49651626868700544,56,0.7040061981470123
0.39520547945205486,0.0,0.606696651674163,0.3251845018450184,0.38823529411764707,0.7343023255813951,0.49651626868700544,100,0.7267327371921102
0.44566210045662097,0.0,0.5872063968015993,0.466328413284133,0.37254901960784315,0.644767441860465,0.4315768112020565,3,0.2528327468767149
0.44566210045662097,0.0,0.5872063968015993,0.466328413284133,0.37254901960784315,0.644767441860465,0.4315768112020565,14,0.44755786551312265
0.44566210045662097,0.0,0.5872063968015993,0.466328413284133,0.37254901960784315,0.644767441860465,0.4315768112020565,28,0.5819801788423669
0.44566210045662097,0.0,0.5872063968015993,0.466328413284133,0.37254901960784315,0.644767441860465,0.4315768112020565,56,0.6408625754592117
0.44566210045662097,0.0,0.5872063968015993,0.466328413284133,0.37254901960784315,0.644767441860465,0.4315768112020565,100,0.7025857894566936
0.25502283105022827,0.0,0.873063468265867,0.28182656826568275,0.39999999999999997,0.7340116279069767,0.4935398768856119,3,0.19679116764050744
0.25502283105022827,0.0,0.873063468265867,0.28182656826568275,0.39999999999999997,0.7340116279069767,0.4935398768856119,14,0.40546211705458884
0.25502283105022827,0.0,0.873063468265867,0.28182656826568275,0.39999999999999997,0.7340116279069767,0.4935398768856119,28,0.48836233334409396
0.25502283105022827,0.0,0.873063468265867,0.28182656826568275,0.39999999999999997,0.7340116279069767,0.4935398768856119,56,0.5721664460728928
0.25502283105022827,0.0,0.873063468265867,0.28182656826568275,0.39999999999999997,0.7340116279069767,0.4935398768856119,100,0.6165864996610387
0.2545662100456621,0.0,0.8705647176411794,0.27998154981549805,0.4588235294117647,0.7305232558139534,0.49110464722992636,3,0.1942086063853827
0.2545662100456621,0.0,0.8705647176411794,0.27998154981549805,0.4588235294117647,0.7305232558139534,0.49110464722992636,14,0.4050747328663202
0.2545662100456621,0.0,0.8705647176411794,0.27998154981549805,0.4588235294117647,0.7305232558139534,0.49110464722992636,28,0.563127481679956
0.2545662100456621,0.0,0.8705647176411794,0.27998154981549805,0.4588235294117647,0.7305232558139534,0.49110464722992636,56,0.634018788133131
0.2545662100456621,0.0,0.8705647176411794,0.27998154981549805,0.4588235294117647,0.7305232558139534,0.49110464722992636,100,0.7356425735222907
0.39999999999999997,0.2736621196222455,0.12243878060969515,0.3362546125461253,0.4392156862745098,0.7578488372093024,0.5100453223297031,3,0.3631081124705426
0.39999999999999997,0.2736621196222455,0.12243878060969515,0.3362546125461253,0.4392156862745098,0.7578488372093024,0.5100453223297031,14,0.5859831487878103
0.39999999999999997,0.2736621196222455,0.12243878060969515,0.3362546125461253,0.4392156862745098,0.7578488372093024,0.5100453223297031,28,0.7852277496206862
0.39999999999999997,0.2736621196222455,0.12243878060969515,0.3362546125461253,0.4392156862745098,0.7578488372093024,0.5100453223297031,56,0.8327468767149819
0.39999999999999997,0.2736621196222455,0.12243878060969515,0.3362546125461253,0.4392156862745098,0.7578488372093024,0.5100453223297031,100,0.8344255415308132
0.265296803652968,0.1527806925498426,0.6186906546726637,0.15267527675276754,0.4666666666666667,0.7985465116279071,0.5376445917608066,3,0.3239823094554024
0.265296803652968,0.1527806925498426,0.6186906546726637,0.15267527675276754,0.4666666666666667,0.7985465116279071,0.5376445917608066,14,0.4342576750492301
0.265296803652968,0.1527806925498426,0.6186906546726637,0.15267527675276754,0.4666666666666667,0.7985465116279071,0.5376445917608066,28,0.6867030377376763
0.265296803652968,0.1527806925498426,0.6186906546726637,0.15267527675276754,0.4666666666666667,0.7985465116279071,0.5376445917608066,56,0.7703780224037189
0.265296803652968,0.1527806925498426,0.6186906546726637,0.15267527675276754,0.4666666666666667,0.7985465116279071,0.5376445917608066,100,0.7902637440681796
0.2577625570776256,0.15054214760405735,0.6091954022988506,0.2892066420664206,0.3764705882352941,0.6200581395348835,0.5049042819454781,3,0.20260193046453817
0.2577625570776256,0.15054214760405735,0.6091954022988506,0.2892066420664206,0.3764705882352941,0.6200581395348835,0.5049042819454781,14,0.468347483616877
0.2577625570776256,0.15054214760405735,0.6091954022988506,0.2892066420664206,0.3764705882352941,0.6200581395348835,0.5049042819454781,28,0.6439616489653613
0.2577625570776256,0.15054214760405735,0.6091954022988506,0.2892066420664206,0.3764705882352941,0.6200581395348835,0.5049042819454781,56,0.6666881880104594
0.2577625570776256,0.15054214760405735,0.6091954022988506,0.2892066420664206,0.3764705882352941,0.6200581395348835,0.5049042819454781,100,0.701165380766375
0.2668949771689498,0.0,0.6201899050474763,0.3159594095940959,0.4431372549019608,0.8072674418604653,0.5435973753635933,3,0.16799560964586627
0.2668949771689498,0.0,0.6201899050474763,0.3159594095940959,0.4431372549019608,0.8072674418604653,0.5435973753635933,14,0.3062917648577977
0.2668949771689498,0.0,0.6201899050474763,0.3159594095940959,0.4431372549019608,0.8072674418604653,0.5435973753635933,28,0.3601381670271491
0.2668949771689498,0.0,0.6201899050474763,0.3159594095940959,0.4431372549019608,0.8072674418604653,0.5435973753635933,56,0.45117345127029734
0.2668949771689498,0.0,0.6201899050474763,0.3159594095940959,0.4431372549019608,0.8072674418604653,0.5435973753635933,100,0.5668721954998869
0.6255707762557078,0.0,0.0,0.8334870848708488,0.0,0.5886627906976745,0.45565852668605833,3,0.1801336475449527
0.6255707762557078,0.0,0.0,0.8334870848708488,0.0,0.5886627906976745,0.45565852668605833,14,0.30073925815927943
0.6255707762557078,0.0,0.0,0.8334870848708488,0.0,0.5886627906976745,0.45565852668605833,28,0.3827355780094909
0.6255707762557078,0.0,0.0,0.8334870848708488,0.0,0.5886627906976745,0.45565852668605833,56,0.4386480291829421
0.6255707762557078,0.0,0.0,0.8334870848708488,0.0,0.5886627906976745,0.45565852668605833,100,0.5259385996061594
0.908675799086758,0.0,0.0,0.14529520295202944,0.1568627450980392,0.4796511627906977,0.7008049786917406,28,0.8424314814216998
0.8515981735159818,0.0,0.29485257371314344,0.16374538745387446,0.07450980392156863,0.8633720930232558,0.12717310424135833,28,0.7089130645317493
0.4863013698630137,0.3833508219657223,0.0,0.191420664206642,0.23137254901960785,0.9563953488372093,0.4085774200094704,28,1.0
0.9200913242009132,0.0,0.29985007496251875,0.6526752767527676,0.0,0.6656976744186046,0.09740918622742341,28,0.7965910191432352
0.7968036529680366,0.0,0.0,0.37592250922509224,0.4431372549019608,0.6656976744186046,0.4085774200094704,28,0.9874422958969556
0.9452054794520548,0.0,0.0,0.3482472324723247,0.32156862745098036,0.0,0.5628086315362242,28,0.504115957000355
0.954337899543379,0.0,0.0,0.4220479704797048,0.20392156862745098,0.1569767441860465,0.7062166001488197,28,0.7482971236724021
0.9726027397260274,0.0,0.0,0.5604243542435425,0.2705882352941177,0.34593023255813954,0.3409321517959819,28,0.7037479420214997
0.954337899543379,0.0,0.0,0.46817343173431736,0.20392156862745098,0.2005813953488372,0.5709260637218427,28,0.6287245375601253
0.6461187214611872,0.0,0.6796601699150425,0.31134686346863466,0.7843137254901961,0.29651162790697677,0.4708110667658798,28,0.6872195499887012
0.9089041095890411,0.0,0.0,0.6988007380073802,0.11764705882352941,0.9401162790697677,0.051951565987959275,28,0.5397553023210769
0.7947488584474887,0.13990905911157747,0.0,0.6988007380073802,0.11764705882352941,0.9401162790697677,0.051951565987959275,28,0.4784194725118636
0.6735159817351598,0.04812871633438265,0.7896051974012994,0.3943726937269373,0.8156862745098039,0.48255813953488375,0.10552661841304203,28,0.6885108306162636
0.5273972602739726,0.04896817068905212,0.8145927036481759,0.3943726937269373,0.7019607843137254,0.5668604651162791,0.15693702225529327,28,0.5804306420892921
0.5296803652968036,0.049247988807275274,0.7896051974012994,0.5973247232472325,0.6,0.48255813953488375,0.10552661841304203,28,0.5423378635762016
0.6917808219178082,0.0,0.0,0.46817343173431736,0.0,0.9273255813953488,0.2732868835824935,28,0.6452529295929237
0.2237442922374429,0.5596362364463099,0.0,0.606549815498155,0.0,1.0,0.1785835080836096,28,0.605868870452271
0.9452054794520548,0.0,0.0,0.3482472324723247,0.3254901960784314,0.0,0.5628086315362242,28,0.504115957000355
0.09817351598173515,0.32458901713885974,0.5947026486756621,0.55119926199262,0.2235294117647059,0.09302325581395349,0.7738618683623082,28,0.3464505923749878
0.1324200913242009,0.35816719132563835,0.6096951524237881,0.5327490774907749,0.25098039215686274,0.06686046511627906,0.7711560576337687,28,0.47867772863737607
0.3013698630136986,0.43651626442812175,0.0,0.5973247232472325,0.23137254901960785,0.5232558139534884,0.4491645809375635,28,0.47738644800981367
0.3378995433789954,0.5036726128016789,0.47476261869065467,0.32057195571955716,0.37254901960784315,0.17151162790697674,0.5573970100791451,28,0.8463053233043871
0.8515981735159818,0.0,0.0,0.3482472324723247,0.37254901960784315,0.7063953488372093,0.18399512954068867,28,0.7255705846273041
0.4178082191780822,0.5316544246239944,0.0,0.35747232472324725,0.2980392156862745,0.6686046511627907,0.24622877629709805,28,0.6617813216257222
0.5799086757990868,0.3329835606855544,0.0,0.3297970479704797,0.35294117647058826,0.7558139534883721,0.17046607589799095,28,0.7317687316396035
0.3949771689497717,0.5036726128016789,0.5997001499250375,0.3482472324723247,0.40784313725490196,0.08430232558139535,0.4626936345802612,28,0.9543855118313586
0.908675799086758,0.0,0.0,0.24677121771217708,0.35294117647058826,0.6744186046511628,0.16505445444091188,28,0.8717435516673661
0.14383561643835616,0.0,0.7176411794102948,0.3648523985239853,0.0,0.5947674418604652,0.8304133125887845,3,0.15585757174677986
0.14383561643835616,0.3595662819167541,0.6601699150424788,0.4690959409594096,0.3176470588235294,0.5953488372093022,0.4129067171751337,3,0.22067985925041161
0.1735159817351598,0.36320391745365516,0.592703648175912,0.5133763837638378,0.1411764705882353,0.5997093023255813,0.4134478793208415,3,0.2375956354714788
0.1493150684931507,0.3634837355718783,0.6426786606696652,0.4727859778597786,0.30588235294117644,0.5968023255813952,0.4129067171751337,3,0.1628304871356167
0.16073059360730596,0.03805526407834907,0.8615692153923039,0.30027675276752774,0.16078431372549018,0.5968023255813952,0.710004735168775,3,0.24482680698582818
0.1632420091324201,0.14018887722980064,0.8670664667666167,0.3740774907749079,0.2549019607843137,0.5965116279069769,0.5398092403436381,3,0.26794073021919484
0.14840182648401826,0.21098286114025885,0.8345827086456772,0.36669741697416974,0.30980392156862746,0.5997093023255813,0.4764932692958129,3,0.17031991477547856
0.16392694063926944,0.2613501224204267,0.7991004497751125,0.4432656826568267,0.3803921568627451,0.5994186046511629,0.4129067171751337,3,0.17419375665816572
0.20159817351598175,0.0,0.6256871564217892,0.3906826568265682,0.38823529411764707,0.8081395348837209,0.5544206182777515,3,0.13196888013687574
0.3378995433789954,0.0,0.4782608695652174,0.6231549815498156,0.20784313725490194,0.42994186046511623,0.7121693837516069,3,0.07954288665784291
0.2545662100456621,0.0,0.8705647176411794,0.3224169741697416,0.4588235294117647,0.7052325581395347,0.48136372860718396,3,0.1714820673402847
0.21164383561643832,0.0,0.5022488755622189,0.4238929889298892,0.29411764705882354,0.5726744186046512,0.83284854224447,3,0.1271911418148949
0.3410958904109589,0.0,0.5912043978010995,0.6333025830258304,0.22745098039215686,0.7052325581395347,0.433741459784888,3,0.12460858055977014
0.14383561643835616,0.0,0.7176411794102948,0.3648523985239853,0.0,0.5947674418604652,0.8304133125887845,14,0.18788133131032697
0.14383561643835616,0.3595662819167541,0.6601699150424788,0.4690959409594096,0.3176470588235294,0.5953488372093022,0.4129067171751337,14,0.3971979210381896
0.1735159817351598,0.36320391745365516,0.592703648175912,0.5133763837638378,0.1411764705882353,0.5997093023255813,0.4134478793208415,14,0.41204764825515705
0.1493150684931507,0.3634837355718783,0.6426786606696652,0.4727859778597786,0.30588235294117644,0.5968023255813952,0.4129067171751337,14,0.380669529005391
0.16073059360730596,0.03805526407834907,0.8615692153923039,0.30027675276752774,0.16078431372549018,0.5968023255813952,0.710004735168775,14,0.3540691480776059
0.1632420091324201,0.14018887722980064,0.8670664667666167,0.3740774907749079,0.2549019607843137,0.5965116279069769,0.5398092403436381,14,0.3961648965361397
0.14840182648401826,0.21098286114025885,0.8345827086456772,0.36669741697416974,0.30980392156862746,0.5997093023255813,0.4764932692958129,14,0.39474448784582106
0.16392694063926944,0.2613501224204267,0.7991004497751125,0.4432656826568267,0.3803921568627451,0.5994186046511629,0.4129067171751337,14,0.35148658682248113
0.20159817351598175,0.0,0.6256871564217892,0.3906826568265682,0.38823529411764707,0.8081395348837209,0.5544206182777515,14,0.22067985925041161
0.3378995433789954,0.0,0.4782608695652174,0.6231549815498156,0.20784313725490194,0.42994186046511623,0.7121693837516069,14,0.2883429641346805
0.2545662100456621,0.0,0.8705647176411794,0.3224169741697416,0.4588235294117647,0.7052325581395347,0.48136372860718396,14,0.3520030990735061
0.21164383561643832,0.0,0.5022488755622189,0.4238929889298892,0.29411764705882354,0.5726744186046512,0.83284854224447,14,0.2834360977499435
0.3410958904109589,0.0,0.5912043978010995,0.6333025830258304,0.22745098039215686,0.7052325581395347,0.433741459784888,14,0.2375956354714788
0.14383561643835616,0.0,0.7176411794102948,0.3648523985239853,0.0,0.5947674418604652,0.8304133125887845,28,0.3082286857991412
0.14383561643835616,0.3595662819167541,0.6601699150424788,0.4690959409594096,0.3176470588235294,0.5953488372093022,0.4129067171751337,28,0.5689382445039868
0.1735159817351598,0.36320391745365516,0.592703648175912,0.5133763837638378,0.1411764705882353,0.5997093023255813,0.4134478793208415,28,0.4755786551312263
0.1493150684931507,0.3634837355718783,0.6426786606696652,0.4727859778597786,0.30588235294117644,0.5968023255813952,0.4129067171751337,28,0.501920779933499
0.16073059360730596,0.03805526407834907,0.8615692153923039,0.30027675276752774,0.16078431372549018,0.5968023255813952,0.710004735168775,28,0.4049456048035639
0.1632420091324201,0.14018887722980064,0.8670664667666167,0.3740774907749079,0.2549019607843137,0.5965116279069769,0.5398092403436381,28,0.46318236110662747
0.14840182648401826,0.21098286114025885,0.8345827086456772,0.36669741697416974,0.30980392156862746,0.5997093023255813,0.4764932692958129,28,0.50463246925138
0.16392694063926944,0.2613501224204267,0.7991004497751125,0.4432656826568267,0.3803921568627451,0.5994186046511629,0.4129067171751337,28,0.45814636665913416
0.20159817351598175,0.0,0.6256871564217892,0.3906826568265682,0.38823529411764707,0.8081395348837209,0.5544206182777515,28,0.2907963973270491
0.3378995433789954,0.0,0.4782608695652174,0.6231549815498156,0.20784313725490194,0.42994186046511623,0.7121693837516069,28,0.3213997482002776
0.2545662100456621,0.0,0.8705647176411794,0.3224169741697416,0.4588235294117647,0.7052325581395347,0.48136372860718396,28,0.5463408335216451
0.21164383561643832,0.0,0.5022488755622189,0.4238929889298892,0.29411764705882354,0.5726744186046512,0.83284854224447,28,0.45117345127029734
0.3410958904109589,0.0,0.5912043978010995,0.6333025830258304,0.22745098039215686,0.7052325581395347,0.433741459784888,28,0.3995222261678019
0.14383561643835616,0.0,0.7176411794102948,0.3648523985239853,0.0,0.5947674418604652,0.8304133125887845,56,0.4420053588146044
0.14383561643835616,0.3595662819167541,0.6601699150424788,0.4690959409594096,0.3176470588235294,0.5953488372093022,0.4129067171751337,56,0.6635891145043096
0.1735159817351598,0.36320391745365516,0.592703648175912,0.5133763837638378,0.1411764705882353,0.5997093023255813,0.4134478793208415,56,0.5973464183103593
0.1493150684931507,0.3634837355718783,0.6426786606696652,0.4727859778597786,0.30588235294117644,0.5968023255813952,0.4129067171751337,56,0.6377635019530619
0.16073059360730596,0.03805526407834907,0.8615692153923039,0.30027675276752774,0.16078431372549018,0.5968023255813952,0.710004735168775,56,0.43283726635891145
0.1632420091324201,0.14018887722980064,0.8670664667666167,0.3740774907749079,0.2549019607843137,0.5965116279069769,0.5398092403436381,56,0.6642347548180908
0.14840182648401826,0.21098286114025885,0.8345827086456772,0.36669741697416974,0.30980392156862746,0.5997093023255813,0.4764932692958129,56,0.6602317848726474
0.16392694063926944,0.2613501224204267,0.7991004497751125,0.4432656826568267,0.3803921568627451,0.5994186046511629,0.4129067171751337,56,0.6025115408206088
0.20159817351598175,0.0,0.6256871564217892,0.3906826568265682,0.38823529411764707,0.8081395348837209,0.5544206182777515,56,0.3795073764405849
0.3378995433789954,0.0,0.4782608695652174,0.6231549815498156,0.20784313725490194,0.42994186046511623,0.7121693837516069,56,0.4817768021435258
0.2545662100456621,0.0,0.8705647176411794,0.3224169741697416,0.4588235294117647,0.7052325581395347,0.48136372860718396,56,0.6318236110662749
0.21164383561643832,0.0,0.5022488755622189,0.4238929889298892,0.29411764705882354,0.5726744186046512,0.83284854224447,56,0.5301998256771152
0.3410958904109589,0.0,0.5912043978010995,0.6333025830258304,0.22745098039215686,0.7052325581395347,0.433741459784888,56,0.476999063821545
0.14383561643835616,0.0,0.7176411794102948,0.3648523985239853,0.0,0.5947674418604652,0.8304133125887845,100,0.46008328760047773
0.14383561643835616,0.3595662819167541,0.6601699150424788,0.4690959409594096,0.3176470588235294,0.5953488372093022,0.4129067171751337,100,0.6803757626626207
0.1735159817351598,0.36320391745365516,0.592703648175912,0.5133763837638378,0.1411764705882353,0.5997093023255813,0.4134478793208415,100,0.6154243470962326
0.1493150684931507,0.3634837355718783,0.6426786606696652,0.4727859778597786,0.30588235294117644,0.5968023255813952,0.4129067171751337,100,0.6628143461277721
0.16073059360730596,0.03805526407834907,0.8615692153923039,0.30027675276752774,0.16078431372549018,0.5968023255813952,0.710004735168775,100,0.45646770184330304
0.1632420091324201,0.14018887722980064,0.8670664667666167,0.3740774907749079,0.2549019607843137,0.5965116279069769,0.5398092403436381,100,0.6938050811892694
0.14840182648401826,0.21098286114025885,0.8345827086456772,0.36669741697416974,0.30980392156862746,0.5997093023255813,0.4764932692958129,100,0.7034896858959873
0.16392694063926944,0.2613501224204267,0.7991004497751125,0.4432656826568267,0.3803921568627451,0.5994186046511629,0.4129067171751337,100,0.6276915130580752
0.20159817351598175,0.0,0.6256871564217892,0.3906826568265682,0.38823529411764707,0.8081395348837209,0.5544206182777515,100,0.40326693998773283
0.3378995433789954,0.0,0.4782608695652174,0.6231549815498156,0.20784313725490194,0.42994186046511623,0.7121693837516069,100,0.501404267682474
0.2545662100456621,0.0,0.8705647176411794,0.3224169741697416,0.4588235294117647,0.7052325581395347,0.48136372860718396,100,0.6537753817348355
0.21164383561643832,0.0,0.5022488755622189,0.4238929889298892,0.29411764705882354,0.5726744186046512,0.83284854224447,100,0.5416922232624205
0.3410958904109589,0.0,0.5912043978010995,0.6333025830258304,0.22745098039215686,0.7052325581395347,0.433741459784888,100,0.48836233334409396
0.7853881278538812,0.06715634837355719,0.3948025987006497,0.3482472324723247,0.4549019607843137,0.48255813953488375,0.3192856659676656,28,0.7063305032766245
0.7853881278538812,0.06715634837355719,0.3948025987006497,0.3482472324723247,0.4549019607843137,0.48255813953488375,0.3192856659676656,28,0.5435000161410078
0.7853881278538812,0.06715634837355719,0.3948025987006497,0.3482472324723247,0.4549019607843137,0.48255813953488375,0.3192856659676656,28,0.6287245375601253
0.7853881278538812,0.06715634837355719,0.3948025987006497,0.3482472324723247,0.403921568627451,0.48255813953488375,0.3192856659676656,28,0.6593278884333538
0.7853881278538812,0.06715634837355719,0.3948025987006497,0.3482472324723247,0.4549019607843137,0.48255813953488375,0.3192856659676656,3,0.42650999128385575
0.7853881278538812,0.06715634837355719,0.3948025987006497,0.3482472324723247,0.4549019607843137,0.48255813953488375,0.3192856659676656,3,0.2929915743939051
0.7853881278538812,0.06715634837355719,0.3948025987006497,0.3482472324723247,0.4549019607843137,0.48255813953488375,0.3192856659676656,3,0.2714271879136133
0.7853881278538812,0.06715634837355719,0.3948025987006497,0.3482472324723247,0.4549019607843137,0.48255813953488375,0.3192856659676656,7,0.6415082157729928
0.7853881278538812,0.06715634837355719,0.3948025987006497,0.3482472324723247,0.4549019607843137,0.48255813953488375,0.3192856659676656,7,0.46085805597701524
0.7853881278538812,0.06715634837355719,0.3948025987006497,0.3482472324723247,0.4549019607843137,0.48255813953488375,0.3192856659676656,7,0.47738644800981367
0.7853881278538812,0.06715634837355719,0.3948025987006497,0.3482472324723247,0.4549019607843137,0.48255813953488375,0.3192856659676656,56,0.7584982406301449
0.7853881278538812,0.06715634837355719,0.3948025987006497,0.3482472324723247,0.4549019607843137,0.48255813953488375,0.3192856659676656,56,0.6948381056913193
0.7853881278538812,0.06715634837355719,0.3948025987006497,0.3482472324723247,0.4549019607843137,0.48255813953488375,0.3192856659676656,56,0.683345708106014
0.7853881278538812,0.06715634837355719,0.3948025987006497,0.3482472324723247,0.403921568627451,0.48255813953488375,0.3192856659676656,56,0.6771475610937147
0.6506849315068494,0.05596362364463099,0.46976511744127936,0.30212177121771217,0.5607843137254902,0.39825581395348836,0.6791584928634243,28,0.6186525486651386
0.6506849315068494,0.05596362364463099,0.46976511744127936,0.30212177121771217,0.5450980392156863,0.39825581395348836,0.6791584928634243,28,0.5726829583239177
0.6506849315068494,0.05596362364463099,0.46976511744127936,0.30212177121771217,0.4549019607843137,0.39825581395348836,0.6791584928634243,28,0.5726829583239177
0.6506849315068494,0.05596362364463099,0.46976511744127936,0.30212177121771217,0.5607843137254902,0.39825581395348836,0.6791584928634243,3,0.263679504148239
0.6506849315068494,0.05596362364463099,0.46976511744127936,0.30212177121771217,0.5450980392156863,0.39825581395348836,0.6791584928634243,3,0.2993188494689608
0.6506849315068494,0.05596362364463099,0.46976511744127936,0.30212177121771217,0.4549019607843137,0.39825581395348836,0.6791584928634243,3,0.4188914355812377
0.6506849315068494,0.05596362364463099,0.46976511744127936,0.30212177121771217,0.5607843137254902,0.39825581395348836,0.6791584928634243,7,0.4456209445717791
0.6506849315068494,0.05596362364463099,0.46976511744127936,0.30212177121771217,0.5450980392156863,0.39825581395348836,0.6791584928634243,7,0.5626109694289311
0.6506849315068494,0.05596362364463099,0.46976511744127936,0.30212177121771217,0.4549019607843137,0.39825581395348836,0.6791584928634243,7,0.5079897988830422
0.6506849315068494,0.05596362364463099,0.46976511744127936,0.30212177121771217,0.5607843137254902,0.39825581395348836,0.6791584928634243,56,0.6974206669464441
0.6506849315068494,0.05596362364463099,0.46976511744127936,0.30212177121771217,0.5450980392156863,0.39825581395348836,0.6791584928634243,56,0.5893404784194725
0.6506849315068494,0.05596362364463099,0.46976511744127936,0.30212177121771217,0.4549019607843137,0.39825581395348836,0.6791584928634243,56,0.7635342350776382
0.5776255707762558,0.05316544246239944,0.4847576211894053,0.191420664206642,0.5137254901960784,0.48255813953488375,0.7495095718054523,28,0.5384640216935145
0.5776255707762558,0.05316544246239944,0.4847576211894053,0.191420664206642,0.4823529411764706,0.48255813953488375,0.7495095718054523,28,0.6859282693611389
0.8881278538812786,0.07275271073802028,0.6146926536731634,0.7910516605166054,0.15294117647058822,0.23546511627906977,0.2841101264966516,28,0.6872195499887012
0.8881278538812786,0.07275271073802028,0.6146926536731634,0.7080258302583027,0.15294117647058822,0.061046511627906974,0.2841101264966516,28,0.7178229008619298
0.8881278538812786,0.07275271073802028,0.6146926536731634,0.7910516605166054,0.15294117647058822,0.23546511627906977,0.2841101264966516,3,0.3006101300965232
0.8881278538812786,0.07275271073802028,0.6146926536731634,0.7910516605166054,0.15294117647058822,0.23546511627906977,0.2841101264966516,7,0.40236304354843916
0.8881278538812786,0.07275271073802028,0.6146926536731634,0.7910516605166054,0.15294117647058822,0.23546511627906977,0.2841101264966516,56,0.7393872873422216
0.8881278538812786,0.07275271073802028,0.6146926536731634,0.7080258302583027,0.15294117647058822,0.061046511627906974,0.2841101264966516,3,0.35148658682248113
0.8881278538812786,0.07275271073802028,0.6146926536731634,0.7080258302583027,0.15294117647058822,0.061046511627906974,0.2841101264966516,7,0.4595667753494528
0.8881278538812786,0.07275271073802028,0.6146926536731634,0.7080258302583027,0.15294117647058822,0.061046511627906974,0.2841101264966516,56,0.7686993575878877
0.7351598173515982,0.06155998600909409,0.6596701649175413,0.4958487084870849,0.3333333333333333,0.061046511627906974,0.42210647365216813,28,0.7711527907802562
0.7351598173515982,0.06155998600909409,0.6596701649175413,0.4958487084870849,0.3333333333333333,0.23546511627906977,0.42210647365216813,3,0.3832520902605158
0.7351598173515982,0.06155998600909409,0.6596701649175413,0.4035977859778598,0.3490196078431373,0.061046511627906974,0.42210647365216813,28,0.9009264938502759
0.7351598173515982,0.06155998600909409,0.6596701649175413,0.4958487084870849,0.3333333333333333,0.061046511627906974,0.42210647365216813,7,0.47351260612712653
0.7351598173515982,0.06155998600909409,0.6596701649175413,0.4958487084870849,0.3333333333333333,0.061046511627906974,0.42210647365216813,56,0.8182845336862833
0.7351598173515982,0.06155998600909409,0.6596701649175413,0.4035977859778598,0.3490196078431373,0.061046511627906974,0.42210647365216813,3,0.3845433708880782
0.7351598173515982,0.06155998600909409,0.6596701649175413,0.4035977859778598,0.3490196078431373,0.061046511627906974,0.42210647365216813,7,0.4901701262226813
0.7351598173515982,0.06155998600909409,0.6596701649175413,0.4035977859778598,0.3490196078431373,0.061046511627906974,0.42210647365216813,56,0.9301094360331859
0.228310502283105,0.030779993004547045,0.704647676161919,0.7541512915129153,0.06666666666666667,0.40988372093023256,0.5601028208076846,28,0.25360751525325237
0.228310502283105,0.030779993004547045,0.704647676161919,0.7541512915129153,0.06666666666666667,0.40988372093023256,0.5601028208076846,3,0.09710430319269134
0.228310502283105,0.030779993004547045,0.704647676161919,0.7541512915129153,0.06666666666666667,0.40988372093023256,0.5601028208076846,7,0.16450915195144783
0.228310502283105,0.030779993004547045,0.704647676161919,0.7541512915129153,0.06666666666666667,0.40988372093023256,0.5601028208076846,56,0.2701359072860509
0.4155251141552511,0.04197271773347324,0.704647676161919,0.5050738007380075,0.21568627450980393,0.11918604651162791,0.5601028208076846,28,0.5345901798108273
0.4155251141552511,0.04197271773347324,0.704647676161919,0.5050738007380075,0.21568627450980393,0.11918604651162791,0.5601028208076846,3,0.142944765471156
0.4155251141552511,0.04197271773347324,0.704647676161919,0.5050738007380075,0.21568627450980393,0.11918604651162791,0.5601028208076846,7,0.28149917680859987
0.4155251141552511,0.04197271773347324,0.704647676161919,0.5050738007380075,0.21568627450980393,0.11918604651162791,0.5601028208076846,56,0.5447912967685702
0.58675799086758,0.05316544246239944,0.704647676161919,0.2744464944649446,0.4274509803921569,0.40988372093023256,0.5601028208076846,28,0.7826451883655614
0.58675799086758,0.05316544246239944,0.704647676161919,0.2744464944649446,0.4274509803921569,0.40988372093023256,0.5601028208076846,28,0.7380960067146592
0.58675799086758,0.05316544246239944,0.704647676161919,0.2744464944649446,0.4274509803921569,0.40988372093023256,0.5601028208076846,3,0.2942828550214675
0.58675799086758,0.05316544246239944,0.704647676161919,0.2744464944649446,0.4274509803921569,0.40988372093023256,0.5601028208076846,3,0.2751719017335442
0.58675799086758,0.05316544246239944,0.704647676161919,0.2744464944649446,0.4274509803921569,0.40988372093023256,0.5601028208076846,7,0.43154598573134906
0.58675799086758,0.05316544246239944,0.704647676161919,0.2744464944649446,0.4274509803921569,0.40988372093023256,0.5601028208076846,7,0.4684766116796332
0.58675799086758,0.05316544246239944,0.704647676161919,0.2744464944649446,0.4274509803921569,0.40988372093023256,0.5601028208076846,56,0.8576685928269361
0.58675799086758,0.05316544246239944,0.704647676161919,0.2744464944649446,0.4274509803921569,0.40988372093023256,0.5601028208076846,56,0.832230364463957
0.7625570776255708,0.0,0.0,0.8648523985239854,0.0,0.10872093023255808,0.3401204085774202,28,0.27788359105142524
0.4269406392694064,0.0,0.0,0.6250000000000001,0.0,0.32616279069767456,0.815260772508963,90,0.38402685863705327
0.4269406392694064,0.0,0.0,0.6250000000000001,0.0,0.32616279069767456,0.815260772508963,3,0.12034735448881427
0.6643835616438356,0.0,0.0,0.6250000000000001,0.0,0.4058139534883722,0.5184333355881757,3,0.2178390418697743
0.6643835616438356,0.0,0.0,0.6250000000000001,0.0,0.4058139534883722,0.5184333355881757,90,0.6007037479420214
0.6643835616438356,0.0,0.0,0.6250000000000001,0.0,0.4058139534883722,0.5184333355881757,28,0.48126028989250086
0.863013698630137,0.0,0.0,0.6250000000000001,0.0,0.39302325581395364,0.31982682811337365,28,0.5373018691287084
0.863013698630137,0.0,0.0,0.6250000000000001,0.0,0.39302325581395364,0.31982682811337365,7,0.4163088743261129
0.863013698630137,0.0,0.0,0.6250000000000001,0.0,0.39302325581395364,0.31982682811337365,90,0.671336798269684
0.863013698630137,0.0,0.0,0.6250000000000001,0.0,0.39302325581395364,0.31982682811337365,3,0.28498563450301834
0.5273972602739726,0.0,0.0,0.6250000000000001,0.0,0.3784883720930234,0.6726645471149295,3,0.17161119540304093
0.3493150684931507,0.0,0.0,0.6250000000000001,0.0,0.2581395348837208,0.9497395657173783,90,0.25218710656293375
0.3493150684931507,0.0,0.0,0.6250000000000001,0.0,0.2581395348837208,0.9497395657173783,7,0.10188204151467217
0.4269406392694064,0.0,0.0,0.6250000000000001,0.0,0.32616279069767456,0.815260772508963,7,0.15844013300190463
0.3493150684931507,0.0,0.0,0.6250000000000001,0.0,0.2581395348837208,0.9497395657173783,28,0.21202827904574362
0.5273972602739726,0.0,0.0,0.6250000000000001,0.0,0.3784883720930234,0.6726645471149295,28,0.3827355780094909
0.5273972602739726,0.0,0.0,0.6250000000000001,0.0,0.3784883720930234,0.6726645471149295,7,0.2720728282273945
0.4269406392694064,0.0,0.0,0.6250000000000001,0.0,0.32616279069767456,0.815260772508963,28,0.30009361784549826
0.5273972602739726,0.0,0.0,0.6250000000000001,0.0,0.3784883720930234,0.6726645471149295,90,0.5081189269457984
0.6643835616438356,0.0,0.0,0.6250000000000001,0.0,0.4058139534883722,0.5184333355881757,7,0.32811440746360193
0.3493150684931507,0.0,0.0,0.6250000000000001,0.0,0.2581395348837208,0.9497395657173783,3,0.07579817283791197
0.12968036529680368,0.6665267576075551,0.0,0.5668819188191881,0.0,0.6965116279069765,0.37962524521409724,7,0.09413435774929785
0.3141552511415525,1.0,0.0,0.5668819188191881,0.0,0.40872093023255823,0.19021849421632947,7,0.2981566969041547
0.31095890410958904,0.4443511717383701,0.0,0.5668819188191881,0.0,0.6965116279069765,0.37962524521409724,7,0.1725150918423346
0.18242009132420092,0.7633438265127668,0.0,0.5668819188191881,0.0,0.6145348837209301,0.32550903064330644,28,0.3306969687187267
0.2089041095890411,0.8120321790835956,0.0,0.5668819188191881,0.0,0.5732558139534885,0.29845092335791107,28,0.39125803015140265
0.3504566210045662,0.4765302553340329,0.0,0.5668819188191881,0.0,0.6558139534883718,0.3525671379287018,7,0.19252994156955155
0.3899543378995434,0.5089891570479189,0.0,0.5668819188191881,0.0,0.6145348837209301,0.32550903064330644,7,0.2251993414468799
0.3141552511415525,1.0,0.0,0.5668819188191881,0.0,0.40872093023255823,0.19021849421632947,28,0.479194240888401
0.2712328767123288,0.41189227002448403,0.0,0.5668819188191881,0.0,0.7383720930232558,0.4066833524994926,28,0.30241792297511055
0.6735159817351598,0.0,0.0,0.5668819188191881,0.0,0.6965116279069765,0.37962524521409724,28,0.39706879297543335
0.6404109589041096,0.0,0.0,0.5668819188191881,0.0,0.7174418604651162,0.3931542988567949,7,0.2807244084320625
0.24817351598173512,0.8845050717033929,0.0,0.5668819188191881,0.0,0.5116279069767442,0.25786376242981796,7,0.25167059431190886
0.12968036529680368,0.6665267576075551,0.0,0.5668819188191881,0.0,0.6965116279069765,0.37962524521409724,28,0.24198598960519094
0.44246575342465755,0.0,0.0,0.5668819188191881,0.0,0.8441860465116282,0.4743286207129811,7,0.16153920650805434
0.3504566210045662,0.4765302553340329,0.0,0.5668819188191881,0.0,0.6558139534883718,0.3525671379287018,28,0.38376860251154077
0.2317351598173516,0.37971318642882124,0.0,0.5668819188191881,0.0,0.8000000000000002,0.4472705134275857,7,0.12435032443425767
0.6735159817351598,0.0,0.0,0.5668819188191881,0.0,0.6965116279069765,0.37962524521409724,7,0.29854408109242336
0.6378995433789953,0.0,0.0,0.5668819188191881,0.0,0.8825581395348835,0.5149157816410742,28,0.26032217451657674
0.44246575342465755,0.0,0.0,0.5668819188191881,0.0,0.8441860465116282,0.4743286207129811,28,0.2955741356490299
0.2876712328767123,0.9572577824414131,0.0,0.5668819188191881,0.0,0.44999999999999984,0.21727660150172487,28,0.48255157052006326
0.2712328767123288,0.41189227002448403,0.0,0.5668819188191881,0.0,0.7383720930232558,0.4066833524994926,7,0.13894179552571262
0.4888127853881279,0.5895767750961874,0.0,0.5668819188191881,0.0,0.5116279069767442,0.25786376242981796,28,0.4696387642444394
0.07694063926940636,0.5694298705841203,0.0,0.5668819188191881,0.0,0.8000000000000002,0.4472705134275857,7,0.06688833650773153
0.3107305936073059,0.0,0.0,0.5668819188191881,0.0,0.9238372093023255,0.5284448352837718,28,0.19692029570326366
0.5415525114155251,0.0,0.0,0.5668819188191881,0.0,0.7796511627906978,0.433741459784888,7,0.24340639829550956
0.07694063926940636,0.5694298705841203,0.0,0.5668819188191881,0.0,0.8000000000000002,0.4472705134275857,28,0.20492623559415046
0.2089041095890411,0.8120321790835956,0.0,0.5668819188191881,0.0,0.5732558139534885,0.29845092335791107,7,0.1920134293185266
0.2317351598173516,0.37971318642882124,0.0,0.5668819188191881,0.0,0.8000000000000002,0.4472705134275857,28,0.2621299673951641
0.42968036529680365,0.5414480587618048,0.0,0.5668819188191881,0.0,0.5732558139534885,0.29845092335791107,7,0.25218710656293375
0.18242009132420092,0.7633438265127668,0.0,0.5668819188191881,0.0,0.6145348837209301,0.32550903064330644,7,0.12964457500726342
0.15593607305936075,0.43511717383700593,0.0,0.5668819188191881,0.0,0.6558139534883718,0.3525671379287018,28,0.30215966684959805
0.24817351598173512,0.8845050717033929,0.0,0.5668819188191881,0.0,0.5116279069767442,0.25786376242981796,28,0.45814636665913416
0.2876712328767123,0.9572577824414131,0.0,0.5668819188191881,0.0,0.44999999999999984,0.21727660150172487,7,0.25296187493947125
0.42968036529680365,0.5414480587618048,0.0,0.5668819188191881,0.0,0.5732558139534885,0.29845092335791107,28,0.3965522807244084
0.6378995433789953,0.0,0.0,0.5668819188191881,0.0,0.8825581395348835,0.5149157816410742,7,0.15766536462536718
0.31095890410958904,0.4443511717383701,0.0,0.5668819188191881,0.0,0.6965116279069765,0.37962524521409724,28,0.31739677825483414
0.1922374429223744,0.3472542847149353,0.0,0.5668819188191881,0.0,0.8209302325581398,0.4607995670702834,7,0.07321561158278722
0.5415525114155251,0.0,0.0,0.5668819188191881,0.0,0.7796511627906978,0.433741459784888,28,0.3818316815701972
0.3107305936073059,0.0,0.0,0.5668819188191881,0.0,0.9238372093023255,0.5284448352837718,7,0.10343157826774703
0.3436073059360731,0.0,0.0,0.5668819188191881,0.0,0.9029069767441857,0.5149157816410742,28,0.2251993414468799
0.6404109589041096,0.0,0.0,0.5668819188191881,0.0,0.7174418604651162,0.3931542988567949,28,0.4533686283371533
0.3436073059360731,0.0,0.0,0.5668819188191881,0.0,0.9029069767441857,0.5149157816410742,7,0.11815217742195822
0.4888127853881279,0.5895767750961874,0.0,0.5668819188191881,0.0,0.5116279069767442,0.25786376242981796,7,0.2855021467540433
0.1922374429223744,0.3472542847149353,0.0,0.5668819188191881,0.0,0.8209302325581398,0.4607995670702834,28,0.1971785518287762
0.15593607305936075,0.43511717383700593,0.0,0.5668819188191881,0.0,0.6558139534883718,0.3525671379287018,7,0.10846757271524034
0.3899543378995434,0.5089891570479189,0.0,0.5668819188191881,0.0,0.6145348837209301,0.32550903064330644,28,0.37511702230687277
0.541095890410959,0.0,0.0,0.6711254612546127,0.0,0.48546511627906974,0.5059866062368938,3,0.1406204603415437
0.541095890410959,0.0,0.0,0.6711254612546127,0.0,0.48546511627906974,0.5059866062368938,7,0.24069470897762854
0.541095890410959,0.0,0.0,0.6711254612546127,0.0,0.48546511627906974,0.5059866062368938,14,0.3190754430706653
0.541095890410959,0.0,0.0,0.6711254612546127,0.0,0.48546511627906974,0.5059866062368938,28,0.38363947444878455
0.541095890410959,0.0,0.0,0.6711254612546127,0.0,0.48546511627906974,0.5059866062368938,90,0.42405655809148723
0.541095890410959,0.0,0.0,0.6711254612546127,0.0,0.48546511627906974,0.5059866062368938,180,0.4405849501242858
0.541095890410959,0.0,0.0,0.6711254612546127,0.0,0.48546511627906974,0.5059866062368938,365,0.4720921974368079
0.3059360730593607,0.0,0.0,0.6434501845018451,0.0,0.48546511627906974,0.7873909220050059,3,0.053459017981082727
0.3059360730593607,0.0,0.0,0.6434501845018451,0.0,0.48546511627906974,0.7873909220050059,14,0.13571359395680666
0.3059360730593607,0.0,0.0,0.6434501845018451,0.0,0.48546511627906974,0.7873909220050059,28,0.20776705297478776
0.3059360730593607,0.0,0.0,0.6434501845018451,0.0,0.48546511627906974,0.7873909220050059,90,0.25334925912773987
0.3059360730593607,0.0,0.0,0.6342250922509226,0.0,0.48546511627906974,0.7873909220050059,180,0.2811117926203312
0.3059360730593607,0.0,0.0,0.6342250922509226,0.0,0.48546511627906974,0.7873909220050059,365,0.29376634277044256
0.3995433789954338,0.0,0.0,0.6157749077490776,0.0,0.48546511627906974,0.7089224108773593,14,0.24443942279755945
0.3995433789954338,0.0,0.0,0.6157749077490776,0.0,0.48546511627906974,0.7089224108773593,28,0.3052587403557478
0.3995433789954338,0.0,0.0,0.6157749077490776,0.0,0.48546511627906974,0.7089224108773593,3,0.11660264066888334
0.3995433789954338,0.0,0.0,0.6157749077490776,0.0,0.48546511627906974,0.7089224108773593,90,0.3734383574910417
0.3995433789954338,0.0,0.0,0.6157749077490776,0.0,0.48546511627906974,0.7089224108773593,180,0.38738418826871546
0.3995433789954338,0.0,0.0,0.6157749077490776,0.0,0.48546511627906974,0.7089224108773593,360,0.4050747328663202
0.3470319634703196,0.0,0.0,0.6803505535055352,0.0,0.48546511627906974,0.727863085977136,3,0.09013138780385446
0.3470319634703196,0.0,0.0,0.6803505535055352,0.0,0.48546511627906974,0.727863085977136,90,0.3177841624431029
0.3470319634703196,0.0,0.0,0.6803505535055352,0.0,0.48546511627906974,0.727863085977136,180,0.3266939987732833
0.3470319634703196,0.0,0.0,0.6803505535055352,0.0,0.48546511627906974,0.727863085977136,365,0.35458566032863087
0.4680365296803653,0.0,0.0,0.6342250922509226,0.0,0.48546511627906974,0.5898667388216196,180,0.415275849824063
0.4680365296803653,0.0,0.0,0.6342250922509226,0.0,0.48546511627906974,0.5898667388216196,365,0.43671110824159853
0.4680365296803653,0.0,0.0,0.6342250922509226,0.0,0.48546511627906974,0.5898667388216196,3,0.1318397520741195
0.4680365296803653,0.0,0.0,0.6342250922509226,0.0,0.48546511627906974,0.5898667388216196,28,0.325402718145721
0.4680365296803653,0.0,0.0,0.6342250922509226,0.0,0.48546511627906974,0.5898667388216196,90,0.39500274397133356
0.3059360730593607,0.0,0.0,0.6342250922509226,0.0,0.48546511627906974,0.7873909220050059,7,0.09891209607127868
0.2237442922374429,0.0,0.0,0.51429889298893,0.0,0.9418604651162791,0.6791584928634243,7,0.0711495625786874
0.2237442922374429,0.0,0.0,0.51429889298893,0.0,0.9418604651162791,0.6791584928634243,28,0.12809503825418858
0.2808219178082192,0.0,0.0,0.5235239852398524,0.0,0.9069767441860465,0.6466887641209499,7,0.11414920747651482
0.2808219178082192,0.0,0.0,0.5235239852398524,0.0,0.9069767441860465,0.6466887641209499,28,0.19382122219711395
0.5091324200913242,0.0,0.0,0.55119926199262,0.0,0.7616279069767442,0.5113982276939729,7,0.19640378345223872
0.5091324200913242,0.0,0.0,0.55119926199262,0.0,0.7616279069767442,0.5113982276939729,28,0.3646576492236175
0.3949771689497717,0.0,0.0,0.5419741697416974,0.0,0.8343023255813954,0.5790434959074614,7,0.15327501049165507
0.3949771689497717,0.0,0.0,0.5419741697416974,0.0,0.8343023255813954,0.5790434959074614,28,0.28627691513058073
0.4520547945205479,0.0,0.0,0.55119926199262,0.0,0.7965116279069767,0.5438679564364474,7,0.17109468315201598
0.4520547945205479,0.0,0.0,0.55119926199262,0.0,0.7965116279069767,0.5438679564364474,28,0.3166220098782968
0.6232876712328768,0.0,0.0,0.569649446494465,0.0,0.688953488372093,0.44375295948048443,7,0.30642089292055386
0.6232876712328768,0.0,0.0,0.569649446494465,0.0,0.688953488372093,0.44375295948048443,28,0.4633114891693837
0.680365296803653,0.0,0.0,0.5788745387453875,0.0,0.6511627906976745,0.4085774200094704,28,0.5342027956225587
0.680365296803653,0.0,0.0,0.5788745387453875,0.0,0.6511627906976745,0.4085774200094704,7,0.35910514252509923
0.3378995433789954,0.0,0.0,0.5327490774907749,0.0,0.8691860465116279,0.6115132246499358,7,0.13429318526648804
0.3378995433789954,0.0,0.0,0.5327490774907749,0.0,0.8691860465116279,0.6115132246499358,28,0.23940342835006614
0.5662100456621004,0.0,0.0,0.569649446494465,0.0,0.7238372093023255,0.4762226882229589,7,0.23178487264744813
0.5662100456621004,0.0,0.0,0.569649446494465,0.0,0.7238372093023255,0.4762226882229589,28,0.4126932885689382
0.2317351598173516,0.8542847149352921,0.0,0.731088560885609,0.0,0.47209302325581387,0.09740918622742341,7,0.22222939600348643
0.33835616438356164,0.4667366211962225,0.0,0.731088560885609,0.0,0.5133720930232559,0.27085165392680793,90,0.5859831487878103
0.12557077625570776,0.6603707590066457,0.0,0.6250000000000001,0.0,0.3906976744186046,0.5065277683826018,90,0.530070697614359
0.0897260273972603,0.5932144106330884,0.0,0.731088560885609,0.0,0.4965116279069766,0.4180477575593588,28,0.35587694095619327
0.14794520547945209,0.7001049317943336,0.0,0.731088560885609,0.0,0.5075581395348838,0.2667929378339986,3,0.05901152467960099
0.04703196347031962,0.514585519412382,0.0,0.731088560885609,0.0,0.45697674418604667,0.557667591151999,90,0.39848920166575197
0.18698630136986302,0.34305701294158797,0.0,0.731088560885609,0.0,0.45988372093023266,0.5573970100791451,3,0.03318591212835329
0.0,0.4281217208814271,0.0,0.6250000000000001,0.0,0.25,0.9416221335317596,3,0.02892468605739742
0.0,0.4281217208814271,0.0,0.6250000000000001,0.0,0.25,0.9416221335317596,90,0.29867320915517964
0.04703196347031962,0.514585519412382,0.0,0.731088560885609,0.0,0.45697674418604667,0.557667591151999,28,0.2835652258126997
0.14794520547945209,0.7001049317943336,0.0,0.731088560885609,0.0,0.5075581395348838,0.2667929378339986,28,0.40830293443522614
0.2237442922374429,0.3721580972367961,0.0,0.6250000000000001,0.0,0.477906976744186,0.5741730365960903,3,0.11724828098266454
0.01438356164383561,0.45442462399440364,0.0,0.731088560885609,0.0,0.3988372093023257,0.6899817357775825,28,0.23578784259289146
0.46415525114155254,0.5694298705841203,0.0,0.731088560885609,0.0,0.477906976744186,0.10011499695596295,7,0.3042257158536979
0.01438356164383561,0.45442462399440364,0.0,0.731088560885609,0.0,0.3988372093023257,0.6899817357775825,90,0.3473544888142815
0.0319634703196347,0.48408534452605806,0.0,0.6250000000000001,0.0,0.31627906976744175,0.8060610160319287,90,0.3704684120476482
0.0897260273972603,0.5932144106330884,0.0,0.731088560885609,0.0,0.4965116279069766,0.4180477575593588,7,0.10407721858152823
0.12557077625570776,0.6603707590066457,0.0,0.6250000000000001,0.0,0.3906976744186046,0.5065277683826018,28,0.40455822061529517
0.07077625570776255,0.5596362364463099,0.0,0.6250000000000001,0.0,0.36744186046511623,0.6634647906378951,28,0.32979307227943305
0.33835616438356164,0.4667366211962225,0.0,0.731088560885609,0.0,0.5133720930232559,0.27085165392680793,7,0.21977596281111794
0.16210045662100456,0.32458901713885974,0.0,0.6250000000000001,0.0,0.42383720930232544,0.7110870594601908,7,0.11699002485715207
0.2054794520547945,0.8058761804826863,0.0,0.6250000000000001,0.0,0.37441860465116267,0.3303794899546778,3,0.13506795364302543
0.2054794520547945,0.8058761804826863,0.0,0.6250000000000001,0.0,0.37441860465116267,0.3303794899546778,28,0.47764470413532617
0.11643835616438356,0.28541448058761804,0.0,0.6250000000000001,0.0,0.25290697674418605,0.9445985253331531,3,0.03163637537527843
0.4246575342465753,0.5372507869884575,0.0,0.6250000000000001,0.0,0.3808139534883721,0.33497936819319485,3,0.17793847047809663
0.46415525114155254,0.5694298705841203,0.0,0.731088560885609,0.0,0.477906976744186,0.10011499695596295,28,0.530070697614359
0.3059360730593607,0.43931444561035327,0.0,0.6250000000000001,0.0,0.49883720930232567,0.4196712439964826,7,0.23359266552603547
0.16210045662100456,0.32458901713885974,0.0,0.6250000000000001,0.0,0.42383720930232544,0.7110870594601908,3,0.059528036930625944
0.2511415525114155,0.39538300104931795,0.0,0.731088560885609,0.0,0.5011627906976743,0.42210647365216813,7,0.16399263970042285
0.3059360730593607,0.43931444561035327,0.0,0.6250000000000001,0.0,0.49883720930232567,0.4196712439964826,3,0.14513994253801205
0.18698630136986302,0.34305701294158797,0.0,0.731088560885609,0.0,0.45988372093023266,0.5573970100791451,90,0.38996674952384025
0.14794520547945209,0.7001049317943336,0.0,0.731088560885609,0.0,0.5075581395348838,0.2667929378339986,7,0.17328986021887205
0.0,0.4281217208814271,0.0,0.6250000000000001,0.0,0.25,0.9416221335317596,7,0.06908351357458759
0.4246575342465753,0.5372507869884575,0.0,0.6250000000000001,0.0,0.3808139534883721,0.33497936819319485,28,0.47093004487200174
0.2511415525114155,0.39538300104931795,0.0,0.731088560885609,0.0,0.5011627906976743,0.42210647365216813,28,0.39603576847338345
0.0,0.4281217208814271,0.0,0.6250000000000001,0.0,0.25,0.9416221335317596,28,0.19304645382057656
0.16210045662100456,0.32458901713885974,0.0,0.6250000000000001,0.0,0.42383720930232544,0.7110870594601908,28,0.2834360977499435
0.18698630136986302,0.34305701294158797,0.0,0.731088560885609,0.0,0.45988372093023266,0.5573970100791451,28,0.28046615230655
0.07077625570776255,0.5596362364463099,0.0,0.6250000000000001,0.0,0.36744186046511623,0.6634647906378951,90,0.4423927430028731
0.2054794520547945,0.8058761804826863,0.0,0.6250000000000001,0.0,0.37441860465116267,0.3303794899546778,90,0.6249798237401942
0.07077625570776255,0.5596362364463099,0.0,0.6250000000000001,0.0,0.36744186046511623,0.6634647906378951,7,0.1463020951028182
0.46415525114155254,0.5694298705841203,0.0,0.731088560885609,0.0,0.477906976744186,0.10011499695596295,3,0.15250024211511765
0.3059360730593607,0.43931444561035327,0.0,0.6250000000000001,0.0,0.49883720930232567,0.4196712439964826,90,0.586887045227104
0.01438356164383561,0.45442462399440364,0.0,0.731088560885609,0.0,0.3988372093023257,0.6899817357775825,3,0.0
0.12557077625570776,0.6603707590066457,0.0,0.6250000000000001,0.0,0.3906976744186046,0.5065277683826018,7,0.18801045937308325
0.4246575342465753,0.5372507869884575,0.0,0.6250000000000001,0.0,0.3808139534883721,0.33497936819319485,7,0.2736223649804693
0.2511415525114155,0.39538300104931795,0.0,0.731088560885609,0.0,0.5011627906976743,0.42210647365216813,3,0.057849372114794836
0.2511415525114155,0.39538300104931795,0.0,0.731088560885609,0.0,0.5011627906976743,0.42210647365216813,90,0.48255157052006326
0.11643835616438356,0.28541448058761804,0.0,0.6250000000000001,0.0,0.25290697674418605,0.9445985253331531,28,0.20182716208800075
0.3059360730593607,0.43931444561035327,0.0,0.6250000000000001,0.0,0.49883720930232567,0.4196712439964826,28,0.3944862317203086
0.0319634703196347,0.48408534452605806,0.0,0.6250000000000001,0.0,0.31627906976744175,0.8060610160319287,28,0.2585143816379895
0.18698630136986302,0.34305701294158797,0.0,0.731088560885609,0.0,0.45988372093023266,0.5573970100791451,7,0.10924234109177774
0.01438356164383561,0.45442462399440364,0.0,0.731088560885609,0.0,0.3988372093023257,0.6899817357775825,7,0.06960002582561253
0.2317351598173516,0.8542847149352921,0.0,0.731088560885609,0.0,0.47209302325581387,0.09740918622742341,28,0.5081189269457984
0.2317351598173516,0.8542847149352921,0.0,0.731088560885609,0.0,0.47209302325581387,0.09740918622742341,3,0.09335958937276043
0.07077625570776255,0.5596362364463099,0.0,0.6250000000000001,0.0,0.36744186046511623,0.6634647906378951,3,0.05875326855408851
0.4246575342465753,0.5372507869884575,0.0,0.6250000000000001,0.0,0.3808139534883721,0.33497936819319485,90,0.6223972624850695
0.2237442922374429,0.3721580972367961,0.0,0.6250000000000001,0.0,0.477906976744186,0.5741730365960903,7,0.19162604513025794
0.2237442922374429,0.3721580972367961,0.0,0.6250000000000001,0.0,0.477906976744186,0.5741730365960903,28,0.36297898440778636
0.33835616438356164,0.4667366211962225,0.0,0.731088560885609,0.0,0.5133720930232559,0.27085165392680793,3,0.09555476643961648
0.04703196347031962,0.514585519412382,0.0,0.731088560885609,0.0,0.45697674418604667,0.557667591151999,3,0.012783678212867607
0.11643835616438356,0.28541448058761804,0.0,0.6250000000000001,0.0,0.25290697674418605,0.9445985253331531,90,0.30977822255221615
0.2237442922374429,0.3721580972367961,0.0,0.6250000000000001,0.0,0.477906976744186,0.5741730365960903,90,0.5283920327985279
0.0319634703196347,0.48408534452605806,0.0,0.6250000000000001,0.0,0.31627906976744175,0.8060610160319287,3,0.051005584788714205
0.16210045662100456,0.32458901713885974,0.0,0.6250000000000001,0.0,0.42383720930232544,0.7110870594601908,90,0.384414242825322
0.33835616438356164,0.4667366211962225,0.0,0.731088560885609,0.0,0.5133720930232559,0.27085165392680793,28,0.4471704813248539
0.46415525114155254,0.5694298705841203,0.0,0.731088560885609,0.0,0.477906976744186,0.10011499695596295,90,0.6749523840268586
0.2054794520547945,0.8058761804826863,0.0,0.6250000000000001,0.0,0.37441860465116267,0.3303794899546778,7,0.24728024017819666
0.12557077625570776,0.6603707590066457,0.0,0.6250000000000001,0.0,0.3906976744186046,0.5065277683826018,3,0.09503825418859152
0.11643835616438356,0.28541448058761804,0.0,0.6250000000000001,0.0,0.25290697674418605,0.9445985253331531,7,0.07799334990476803
0.0897260273972603,0.5932144106330884,0.0,0.731088560885609,0.0,0.4965116279069766,0.4180477575593588,90,0.48203505826903825
0.0319634703196347,0.48408534452605806,0.0,0.6250000000000001,0.0,0.31627906976744175,0.8060610160319287,7,0.10020337669884107
0.0897260273972603,0.5932144106330884,0.0,0.731088560885609,0.0,0.4965116279069766,0.4180477575593588,3,0.03228201568905962
0.04703196347031962,0.514585519412382,0.0,0.731088560885609,0.0,0.45697674418604667,0.557667591151999,7,0.10356070633050325
0.14794520547945209,0.7001049317943336,0.0,0.731088560885609,0.0,0.5075581395348838,0.2667929378339986,90,0.5325241308067276
0.2317351598173516,0.8542847149352921,0.0,0.731088560885609,0.0,0.47209302325581387,0.09740918622742341,90,0.6395712948316492
0.4748858447488584,0.0,0.0,0.6250000000000001,0.0,0.6133720930232558,0.6385713319353312,3,0.12292991574393904
0.4748858447488584,0.0,0.0,0.6250000000000001,0.0,0.6133720930232558,0.6385713319353312,7,0.19252994156955155
0.4748858447488584,0.0,0.0,0.6250000000000001,0.0,0.6133720930232558,0.6385713319353312,28,0.3292765600284081
0.4748858447488584,0.0,0.0,0.6250000000000001,0.0,0.6133720930232558,0.6385713319353312,90,0.4316751137941052
0.4748858447488584,0.0,0.0,0.6250000000000001,0.0,0.6133720930232558,0.6385713319353312,120,0.4696387642444394
0.5228310502283106,0.0,0.0,0.6250000000000001,0.0,0.6511627906976745,0.6142190353784754,3,0.15469541918197371
0.5228310502283106,0.0,0.0,0.6250000000000001,0.0,0.6511627906976745,0.6142190353784754,7,0.19511250282467638
0.5228310502283106,0.0,0.0,0.6250000000000001,0.0,0.6511627906976745,0.6142190353784754,28,0.37976563256609736
0.5228310502283106,0.0,0.0,0.6250000000000001,0.0,0.6511627906976745,0.6142190353784754,90,0.4594376472866965
0.5228310502283106,0.0,0.0,0.6250000000000001,0.0,0.6511627906976745,0.6142190353784754,120,0.4784194725118636
0.5639269406392694,0.0,0.0,0.6250000000000001,0.0,0.7412790697674418,0.5817493066360009,3,0.1748393969719469
0.5639269406392694,0.0,0.0,0.6250000000000001,0.0,0.7412790697674418,0.5817493066360009,7,0.0862575459211673
0.5639269406392694,0.0,0.0,0.6250000000000001,0.0,0.7412790697674418,0.5817493066360009,28,0.403912580301514
0.5639269406392694,0.0,0.0,0.6250000000000001,0.0,0.7412790697674418,0.5817493066360009,90,0.4949478645446621
0.5639269406392694,0.0,0.0,0.6250000000000001,0.0,0.7412790697674418,0.5817493066360009,120,0.4975304257997869
0.3105022831050228,0.0,0.0,0.569649446494465,0.0,0.9244186046511628,0.5276330920652101,7,0.12551247699906382
0.3105022831050228,0.0,0.0,0.569649446494465,0.0,0.9244186046511628,0.5276330920652101,28,0.19640378345223872
0.4429223744292237,0.0,0.0,0.569649446494465,0.0,0.8401162790697675,0.47351687749441934,7,0.21409432804984338
0.4429223744292237,0.0,0.0,0.569649446494465,0.0,0.8401162790697675,0.47351687749441934,28,0.29505762339800495
0.4452054794520548,0.0,0.0,0.569649446494465,0.0,0.6947674418604651,0.3788135019955355,7,0.3696936436711108
0.863013698630137,0.0,0.0,0.6250000000000001,0.0,0.39244186046511625,0.3436379625245215,28,0.5366562288149271
0.863013698630137,0.0,0.0,0.6250000000000001,0.0,0.39244186046511625,0.3436379625245215,90,0.670820286018659
0.6735159817351598,0.0,0.0,0.569649446494465,0.0,0.6947674418604651,0.3788135019955355,28,0.4469122251993414
0.408675799086758,0.0,0.0,0.569649446494465,0.0,0.8808139534883721,0.487045931137117,7,0.15714885237434223
0.408675799086758,0.0,0.0,0.5604243542435425,0.0,0.8808139534883721,0.487045931137117,28,0.2596765342027956
0.908675799086758,0.0,0.0,0.6988007380073802,0.0,0.9418604651162791,0.05141040384225124,1,0.1331310327016819
0.908675799086758,0.0,0.0,0.6988007380073802,0.0,0.9418604651162791,0.05141040384225124,3,0.30642089292055386
0.908675799086758,0.0,0.0,0.6988007380073802,0.0,0.9418604651162791,0.05141040384225124,7,0.39874745779126447
0.908675799086758,0.0,0.0,0.6988007380073802,0.0,0.9418604651162791,0.05141040384225124,14,0.4469122251993414
0.908675799086758,0.0,0.0,0.6988007380073802,0.0,0.9418604651162791,0.05141040384225124,28,0.5392387900700519
1.0,0.0,0.0,0.44972324723247237,0.0,0.9418604651162791,0.05141040384225124,7,0.6492558995383672
1.0,0.0,0.0,0.44972324723247237,0.0,0.9418604651162791,0.05141040384225124,14,0.7415824644090776
1.0,0.0,0.0,0.44972324723247237,0.0,0.9418604651162791,0.05141040384225124,28,0.8390741517900377
1.0,0.0,0.0,0.44972324723247237,0.0,0.9418604651162791,0.05141040384225124,90,0.8694192465377537
1.0,0.0,0.0,0.44972324723247237,0.0,0.9418604651162791,0.05141040384225124,180,0.8947283468379765
1.0,0.0,0.0,0.44972324723247237,0.0,0.9418604651162791,0.05141040384225124,270,0.9276560028408173
0.5662100456621004,0.0,0.0,0.7264760147601477,0.0,0.502906976744186,0.48975174186565656,7,0.2040223391548568
0.5662100456621004,0.0,0.0,0.7264760147601477,0.0,0.502906976744186,0.48975174186565656,14,0.26083868676760175
0.5662100456621004,0.0,0.0,0.7264760147601477,0.0,0.502906976744186,0.48975174186565656,28,0.3229492849533524
0.5662100456621004,0.0,0.0,0.7264760147601477,0.0,0.502906976744186,0.48975174186565656,56,0.3570390935209994
0.5662100456621004,0.0,0.0,0.7264760147601477,0.0,0.502906976744186,0.48975174186565656,90,0.3747296381186041
0.5662100456621004,0.0,0.0,0.7264760147601477,0.0,0.502906976744186,0.48975174186565656,180,0.39242018271620877
0.6461187214611872,0.0,0.0,0.569649446494465,0.0,0.4796511627906977,0.4572820131231821,1,0.050876456725957954
0.6461187214611872,0.0,0.0,0.569649446494465,0.0,0.4796511627906977,0.4572820131231821,3,0.159731413629467
0.6461187214611872,0.0,0.0,0.569649446494465,0.0,0.4796511627906977,0.4572820131231821,7,0.2697485230977822
0.6461187214611872,0.0,0.0,0.569649446494465,0.0,0.4796511627906977,0.4572820131231821,14,0.33043871259321433
0.6461187214611872,0.0,0.0,0.569649446494465,0.0,0.4796511627906977,0.4572820131231821,28,0.3747296381186041
0.5228310502283106,0.0,0.0,0.6250000000000001,0.0,0.5145348837209303,0.6250422782926336,180,0.47351260612712653
0.5228310502283106,0.0,0.0,0.6250000000000001,0.0,0.5145348837209303,0.6250422782926336,360,0.5024372921845239
0.5639269406392694,0.0,0.0,0.6250000000000001,0.0,0.7151162790697675,0.5736318744503823,3,0.16347612744939793
0.5228310502283106,0.0,0.0,0.6250000000000001,0.0,0.5145348837209303,0.6250422782926336,3,0.14449430222423085
0.639269406392694,0.0,0.0,0.569649446494465,0.0,0.7151162790697675,0.39234255563823317,7,0.2798205119927688
0.639269406392694,0.0,0.0,0.569649446494465,0.0,0.7151162790697675,0.39234255563823317,28,0.45311037221164085
0.639269406392694,0.0,0.0,0.569649446494465,0.0,0.9011627906976745,0.5141040384225124,7,0.11802304935920198
0.408675799086758,0.0,0.0,0.569649446494465,0.0,0.8808139534883721,0.487045931137117,28,0.2596765342027956
0.541095890410959,0.0,0.0,0.5604243542435425,0.0,0.7790697674418605,0.4329297165663263,7,0.24314814216999706
0.541095890410959,0.0,0.0,0.5604243542435425,0.0,0.7790697674418605,0.4329297165663263,28,0.38105691319365975
0.4406392694063927,0.0,0.0,0.5604243542435425,0.0,0.7790697674418605,0.47351687749441934,7,0.1610226942570294
0.4406392694063927,0.0,0.0,0.5604243542435425,0.0,0.7790697674418605,0.47351687749441934,28,0.29505762339800495
0.3105022831050228,0.0,0.0,0.5604243542435425,0.0,0.9215116279069767,0.5276330920652101,28,0.19640378345223872
0.4429223744292237,0.0,0.0,0.6250000000000001,0.0,0.8255813953488372,0.4626936345802612,7,0.15327501049165507
0.4429223744292237,0.0,0.0,0.6250000000000001,0.0,0.8255813953488372,0.4626936345802612,28,0.24947541724505276
0.4429223744292237,0.0,0.0,0.6250000000000001,0.0,0.8255813953488372,0.4626936345802612,90,0.34942053781838134
0.5228310502283106,0.0,0.0,0.6250000000000001,0.0,0.22674418604651161,0.6250422782926336,3,0.14449430222423085
0.5228310502283106,0.0,0.0,0.6250000000000001,0.0,0.5145348837209303,0.6250422782926336,7,0.17987539141944023
0.5228310502283106,0.0,0.0,0.6250000000000001,0.0,0.5145348837209303,0.6250422782926336,28,0.37602091874616644
0.5228310502283106,0.0,0.0,0.6250000000000001,0.0,0.5145348837209303,0.6250422782926336,90,0.4506569390192723
0.5639269406392694,0.0,0.0,0.6250000000000001,0.0,0.7151162790697675,0.5736318744503823,7,0.2040223391548568
0.5639269406392694,0.0,0.0,0.6250000000000001,0.0,0.7151162790697675,0.5736318744503823,28,0.39242018271620877
0.5639269406392694,0.0,0.0,0.6250000000000001,0.0,0.7151162790697675,0.5736318744503823,90,0.47983988120218224
0.5639269406392694,0.0,0.0,0.6250000000000001,0.0,0.7151162790697675,0.5736318744503823,180,0.4999838589921554
0.5639269406392694,0.0,0.0,0.6250000000000001,0.0,0.7151162790697675,0.5736318744503823,360,0.5139296897698292
0.45662100456621,0.0,0.0,0.7264760147601477,0.0,0.502906976744186,0.6033957924643172,14,0.2040223391548568
0.45662100456621,0.0,0.0,0.7264760147601477,0.0,0.502906976744186,0.6033957924643172,180,0.3152016011879781
0.9657534246575342,0.0,0.0,0.5973247232472325,0.0,0.9418604651162791,0.05141040384225124,180,0.7694741259644252
0.908675799086758,0.0,0.0,0.6988007380073802,0.0,0.9418604651162791,0.05141040384225124,90,0.5796558737127545
0.908675799086758,0.0,0.0,0.6988007380073802,0.0,0.9418604651162791,0.05141040384225124,180,0.6289827936856377
0.908675799086758,0.0,0.0,0.6988007380073802,0.0,0.9418604651162791,0.05141040384225124,270,0.6821835555412079
1.0,0.0,0.0,0.44972324723247237,0.0,0.9418604651162791,0.05141040384225124,3,0.5076024146947735
0.3424657534246575,0.0,0.0,0.5604243542435425,0.0,0.9011627906976745,0.5141040384225124,7,0.14694773541659942
0.3424657534246575,0.0,0.0,0.5604243542435425,0.0,0.9011627906976745,0.5141040384225124,28,0.22416631694483
0.541095890410959,0.0,0.0,0.5604243542435425,0.0,0.752906976744186,0.4329297165663263,28,0.37860348000129124
0.6643835616438356,0.0,0.0,0.6250000000000001,0.0,0.40406976744186046,0.44375295948048443,3,0.2166768893049682
0.6643835616438356,0.0,0.0,0.6250000000000001,0.0,0.40406976744186046,0.44375295948048443,28,0.48100203376698836
0.6643835616438356,0.0,0.0,0.6250000000000001,0.0,0.40406976744186046,0.44375295948048443,90,0.599928979565484
0.639269406392694,0.0,0.0,0.5604243542435425,0.0,0.7151162790697675,0.39234255563823317,7,0.2798205119927688
0.639269406392694,0.0,0.0,0.5604243542435425,0.0,0.7151162790697675,0.39234255563823317,28,0.45311037221164085
0.3424657534246575,0.0,0.0,0.569649446494465,0.0,0.9011627906976745,0.5141040384225124,7,0.11802304935920198
0.3424657534246575,0.0,0.0,0.5604243542435425,0.0,0.9011627906976745,0.5141040384225124,28,0.22416631694483
0.4748858447488584,0.0,0.0,0.6250000000000001,0.0,0.49127906976744184,0.6926875465061221,7,0.16347612744939793
0.4748858447488584,0.0,0.0,0.6250000000000001,0.0,0.49127906976744184,0.6926875465061221,28,0.33043871259321433
0.4748858447488584,0.0,0.0,0.6250000000000001,0.0,0.49127906976744184,0.6926875465061221,90,0.41772928301643153
0.4748858447488584,0.0,0.0,0.6250000000000001,0.0,0.49127906976744184,0.6926875465061221,180,0.4519482196468347
0.4748858447488584,0.0,0.0,0.6250000000000001,0.0,0.49127906976744184,0.6926875465061221,360,0.4620202085418213
0.9657534246575342,0.0,0.0,0.5973247232472325,0.0,0.9418604651162791,0.05141040384225124,3,0.4063660134938825
0.9657534246575342,0.0,0.0,0.5973247232472325,0.0,0.9418604651162791,0.05141040384225124,7,0.5176744035897601
0.9657534246575342,0.0,0.0,0.5973247232472325,0.0,0.9418604651162791,0.05141040384225124,14,0.5948929851179907
0.9657534246575342,0.0,0.0,0.5973247232472325,0.0,0.9418604651162791,0.05141040384225124,28,0.6922555444361945
0.9657534246575342,0.0,0.0,0.5973247232472325,0.0,0.9418604651162791,0.05141040384225124,90,0.7289279142589663
0.9657534246575342,0.0,0.0,0.5973247232472325,0.0,0.9418604651162791,0.05141040384225124,270,0.836491590534913
0.502283105022831,0.0,0.0,0.7264760147601477,0.0,0.502906976744186,0.5573970100791451,14,0.23811214772250375
0.502283105022831,0.0,0.0,0.7264760147601477,0.0,0.502906976744186,0.5573970100791451,28,0.29505762339800495
0.502283105022831,0.0,0.0,0.7264760147601477,0.0,0.502906976744186,0.5573970100791451,180,0.3520030990735061
0.45662100456621,0.0,0.0,0.7264760147601477,0.0,0.502906976744186,0.6033957924643172,28,0.25076669787261513
0.6735159817351598,0.0,0.0,0.5604243542435425,0.0,0.6947674418604651,0.3788135019955355,28,0.4746747586919327
0.863013698630137,0.0,0.0,0.6250000000000001,0.0,0.39244186046511625,0.3436379625245215,3,0.2848565064402621
0.958904109589041,0.0,0.0,0.20064575645756452,0.0,0.2761627906976744,0.8171548400189408,7,0.622139006359557
0.958904109589041,0.0,0.0,0.20064575645756452,0.0,0.2761627906976744,0.8171548400189408,28,0.9382445039868288
0.3904109589041096,0.2938090241343127,0.40979510244877565,0.7910516605166054,0.35294117647058826,0.29941860465116277,0.23269972265440036,28,0.44988217064273495
0.136986301369863,0.5316544246239944,0.7396301849075463,0.5050738007380075,0.7450980392156863,0.10755813953488372,0.39775417709531224,28,0.40584950124285757
0.1187214611872146,0.40293809024134314,0.559720139930035,0.8833025830258304,0.39215686274509803,0.3546511627906977,0.17317188662653052,28,0.18297446492558994
0.10273972602739725,0.3217908359566282,0.4447776111944028,0.7172509225092252,0.35294117647058826,0.17151162790697674,0.6358655212067917,28,0.22804015882751713
0.1141552511415525,0.4980762504372158,0.6946526736631684,0.4035977859778598,0.7058823529411765,0.41569767441860467,0.2732868835824935,28,0.4392936694967234
0.4748858447488584,0.40013990905911156,0.5547226386806597,0.4035977859778598,0.8627450980392157,0.32848837209302323,0.15423121152675373,28,0.4049456048035639
0.0958904109589041,0.0,0.8745627186406797,0.31134686346863466,0.7058823529411765,0.4127906976744186,0.6764526821348847,28,0.16902863414791616
0.4611872146118721,0.39174536551241695,0.0,0.8279520295202953,0.23529411764705882,0.27325581395348836,0.34634377325306104,28,0.4014591471091455
0.6210045662100456,0.0,0.0,0.606549815498155,0.27450980392156865,0.6162790697674418,0.36799025908137734,28,0.4741582464409077
0.13013698630136986,0.4169289961525009,0.5797101449275363,0.46817343173431736,0.5882352941176471,0.4418604651162791,0.3409321517959819,28,0.3273396390870646
0.11643835616438356,0.6687653025533403,0.0,0.6988007380073802,0.23529411764705882,0.5843023255813954,0.2435229655685585,28,0.31675113794105303
0.4748858447488584,0.40013990905911156,0.0,0.4035977859778598,0.39215686274509803,0.32848837209302323,0.5682202529933033,28,0.5548632856635567
0.4634703196347032,0.0,0.49975012493753124,0.6619003690036901,0.39215686274509803,0.45930232558139533,0.30034499086788885,28,0.35884688639958673
0.11187214611872145,0.0,0.9195402298850575,0.3943726937269373,0.47058823529411764,0.5523255813953488,0.48163430968003795,28,0.17096555508925976
0.091324200913242,0.4672962574326688,0.6496751624187906,0.45894833948339486,0.43137254901960786,0.23837209302325582,0.516809849151052,28,0.5459534493333763
0.4474885844748858,0.3833508219657223,0.5347326336831585,0.7080258302583027,0.23529411764705882,0.2238372093023256,0.16505445444091188,28,0.6610065532491849
0.5,0.4589017138859741,0.0,0.606549815498155,0.19607843137254902,0.2005813953488372,0.487045931137117,28,0.7086548084062368
0.6027397260273972,0.5232598810772997,0.0,0.6157749077490776,0.27450980392156865,0.06686046511627906,0.4410471487519449,28,0.8209962230041643
0.4063926940639269,0.36096537250786986,0.49975012493753124,0.4404981549815498,0.35294117647058826,0.06976744186046512,0.5709260637218427,28,0.6519675888562482
0.3424657534246575,0.2714235746764603,0.37981009495252377,0.6434501845018451,0.3137254901960784,0.09883720930232558,0.6142190353784754,28,0.401200890983633
0.14383561643835616,0.0,0.7496251874062969,0.5327490774907749,0.47058823529411764,0.6453488372093024,0.3652844483528378,28,0.20273105852729442
0.1232876712328767,0.6799580272822665,0.0,0.51429889298893,0.43137254901960786,0.6424418604651163,0.2814043157681121,28,0.4523356038351034
0.1324200913242009,0.5260580622595313,0.7296351824087957,0.7264760147601477,0.43137254901960786,0.08139534883720931,0.31387404451058654,28,0.39396971946928366
0.4474885844748858,0.0,0.5347326336831585,0.569649446494465,0.23529411764705882,0.22674418604651161,0.5979841710072381,28,0.5205152209703974
0.4931506849315068,0.0,0.6296851574212894,0.7910516605166054,0.23529411764705882,0.1744186046511628,0.3869309341811541,28,0.48720018077928784
0.4223744292237443,0.3385799230500175,0.46976511744127936,0.58809963099631,0.35294117647058826,0.29941860465116277,0.275992694311033,28,0.5114762565774607
0.5114155251141552,0.4644980762504372,0.0,0.45894833948339486,0.35294117647058826,0.23546511627906977,0.5303389027937496,28,0.7605642896342446
0.5799086757990868,0.0,0.7096451774112944,0.6342250922509226,0.43137254901960786,0.0,0.49786917405127523,28,0.4976595538625431
0.0684931506849315,0.5792235047219307,0.8045977011494253,0.5050738007380075,0.19607843137254902,0.19186046511627908,0.38422512345261456,28,0.3999096103560706
0.502283105022831,0.4169289961525009,0.0,0.569649446494465,0.3137254901960784,0.436046511627907,0.311168233782047,28,0.6468024663459986
0.1415525114155251,0.0,0.9995002498750625,0.5235239852398524,0.5098039215686274,0.13953488372093023,0.6818643035919638,28,0.1647674080769603
0.4840182648401826,0.0,0.5647176411794103,0.4220479704797048,0.39215686274509803,0.36046511627906974,0.5113982276939729,28,0.46653969073828966
0.5,0.0,0.63968015992004,0.5327490774907749,0.43137254901960786,0.2005813953488372,0.5032807955083543,28,0.451044323207541
0.0867579908675799,0.4589017138859741,0.63968015992004,1.0,0.23529411764705882,0.19767441860465115,0.16776026516945142,28,0.4248313264680246
0.4246575342465753,0.3385799230500175,0.0,0.4866236162361624,0.27450980392156865,0.311046511627907,0.6358655212067917,28,0.5139296897698292
0.4474885844748858,0.0,0.5347326336831585,0.7910516605166054,0.43137254901960786,0.22965116279069767,0.40587160928093086,28,0.3814442973819285
0.3721461187214612,0.310598111227702,0.42978510744627685,0.6526752767527676,0.23529411764705882,0.09302325581395349,0.5303389027937496,28,0.5063111340672111
0.1324200913242009,0.6995452955578874,0.0,0.4035977859778598,0.47058823529411764,0.7209302325581395,0.25434620848271666,28,0.4793233689511573
0.1461187214611872,0.7275271073802029,0.0,0.5419741697416974,0.5098039215686274,0.1686046511627907,0.6304538997497127,28,0.4594376472866965
0.3972602739726027,0.32458901713885974,0.4497751124437781,0.51429889298893,0.35294117647058826,0.2005813953488372,0.4708110667658798,28,0.5416922232624205
0.502283105022831,0.0,0.5797101449275363,0.6619003690036901,0.39215686274509803,0.04941860465116279,0.592572549550159,28,0.37253446105174803
0.10730593607305935,0.3889471843301854,0.5447276361819091,0.6342250922509226,0.23529411764705882,0.26453488372093026,0.5032807955083543,28,0.2758175420473254
0.13013698630136986,0.5232598810772997,0.0,0.4773985239852399,0.43137254901960786,0.5494186046511628,0.5276330920652101,28,0.3929366949672337
0.363013698630137,0.27981811822315494,0.3898050974512744,0.7080258302583027,0.35294117647058826,0.18313953488372092,0.45187039166610304,28,0.38828808470800913
0.3082191780821918,0.2574326687653026,0.3548225887056472,1.0,0.23529411764705882,0.1511627906976744,0.2732868835824935,28,0.33960680504890717
0.4817351598173516,0.0,0.5647176411794103,0.4958487084870849,0.3137254901960784,0.5843023255813954,0.2570520192112562,28,0.44510443232075403
0.12100456621004566,0.5120671563483735,0.0,0.6342250922509226,0.35294117647058826,0.7151162790697675,0.27869850503957255,28,0.20595926009620039
0.1004566210045662,0.6435816719132564,0.0,0.7172509225092252,0.11764705882352941,0.0755813953488372,0.7522153825339919,28,0.3968105368499209
0.4429223744292237,0.0,0.5347326336831585,0.8925276752767529,0.43137254901960786,0.05232558139534884,0.49786917405127523,28,0.3756335345578978
0.07077625570776255,0.5876180482686254,0.0,0.6619003690036901,0.11764705882352941,0.43023255813953487,0.5438679564364474,28,0.37059754011040447
0.4817351598173516,0.40573627142357466,0.0,0.4958487084870849,0.3137254901960784,0.19186046511627908,0.622336467564094,28,0.5431126319527391
0.1141552511415525,0.0,0.559720139930035,0.55119926199262,0.3137254901960784,0.5552325581395349,0.6006899817357777,28,0.1271911418148949
0.11643835616438356,0.40573627142357466,0.5647176411794103,0.4958487084870849,0.3137254901960784,0.5843023255813954,0.2570520192112562,28,0.299964489782742
0.0867579908675799,0.3721580972367961,0.5147426286856572,0.6988007380073802,0.27450980392156865,0.33430232558139533,0.43022390583778675,28,0.44045582206152945
0.10730593607305935,0.6603707590066457,0.0,0.4773985239852399,0.5098039215686274,0.13372093023255813,0.8090374078333222,28,0.3955192562223585
0.4520547945205479,0.0,0.5997001499250375,0.8095018450184504,0.39215686274509803,0.2238372093023256,0.36257863762429826,28,0.27775446298866896
0.11643835616438356,0.40573627142357466,0.5647176411794103,0.4958487084870849,0.3137254901960784,0.19186046511627908,0.622336467564094,28,0.30861606998741
0.1050228310502283,0.0,0.6846576711644178,0.31134686346863466,0.6274509803921569,0.5843023255813954,0.6385713319353312,28,0.2016980340252445
0.5114155251141552,0.0,0.6896551724137931,0.6895756457564577,0.43137254901960786,0.0,0.5357505242508288,28,0.4952061206701746
0.11643835616438356,0.40573627142357466,0.0,0.4958487084870849,0.3137254901960784,0.5784883720930233,0.6169248461070149,28,0.21538560867740578
0.365296803652968,0.310598111227702,0.42978510744627685,0.6526752767527676,0.19607843137254902,0.27325581395348836,0.37610769126699595,28,0.4053329889918326
0.1278538812785388,0.0,0.974512743628186,0.8833025830258304,0.43137254901960786,0.2819767441860465,0.32199147669620515,28,0.08018852697162408
0.11187214611872145,0.0,0.9245377311344328,0.3943726937269373,0.6274509803921569,0.7936046511627907,0.2272881011973213,28,0.14371953384769345
0.3904109589041096,0.0,0.4497751124437781,0.6895756457564577,0.43137254901960786,0.37790697674418605,0.4545762023946426,28,0.38622203570390934
0.10730593607305935,0.33018537950332283,0.45977011494252873,0.5419741697416974,0.27450980392156865,0.4418604651162791,0.5032807955083543,28,0.2736223649804693
0.09360730593607305,0.4728926197971319,0.7146426786606697,0.6157749077490776,0.3137254901960784,0.48255813953488375,0.1325847256984374,28,0.3536817638893372
0.3607305936073059,0.2826162994053865,0.3898050974512744,0.4312730627306273,0.39215686274509803,0.39244186046511625,0.4572820131231821,28,0.6125835297155954
0.4817351598173516,0.45050717033927945,0.0,0.4958487084870849,0.39215686274509803,0.3372093023255814,0.44645877020902397,28,0.647060722471511
0.4155251141552511,0.3357817418677859,0.0,0.4035977859778598,0.27450980392156865,0.49127906976744184,0.5411621457079079,28,0.4984343222390806
0.5342465753424658,0.0,0.0,0.5327490774907749,0.11764705882352941,0.5377906976744186,0.6033957924643172,28,0.5491816509022823
0.09817351598173515,0.0,0.6696651674162919,0.5235239852398524,0.43137254901960786,0.5174418604651163,0.5898667388216196,28,0.1403622042160312
0.1095890410958904,0.6631689401888772,0.0,0.45894833948339486,0.47058823529411764,0.7790697674418605,0.21917066901170268,28,0.4532395002743971
0.0958904109589041,0.4756908009793634,0.6646676661669165,0.6250000000000001,0.3137254901960784,0.0377906976744186,0.5709260637218427,28,0.35561868483068076
0.5228310502283106,0.4756908009793634,0.0,0.6526752767527676,0.3137254901960784,0.029069767441860465,0.5628086315362242,28,0.7009071246408625
0.12100456621004566,0.0,0.7146426786606697,0.6342250922509226,0.35294117647058826,0.7151162790697675,0.27869850503957255,28,0.1308067275720696
0.12100456621004566,0.5120671563483735,0.0,0.6342250922509226,0.35294117647058826,0.22093023255813954,0.7413921396198337,28,0.2771088226748878
0.07534246575342465,0.0,0.8295852073963019,0.51429889298893,0.39215686274509803,0.46511627906976744,0.5709260637218427,28,0.14152435678083736
0.3744292237442922,0.31339629240993355,0.43478260869565216,0.4958487084870849,0.39215686274509803,0.3168604651162791,0.4085774200094704,28,0.47893598476288857
0.4840182648401826,0.40573627142357466,0.5647176411794103,0.5050738007380075,0.3137254901960784,0.19767441860465115,0.25975782993979574,28,0.5668721954998869
0.4817351598173516,0.40573627142357466,0.0,0.02536900369003678,0.3137254901960784,0.5784883720930233,0.6169248461070149,28,0.5447912967685702
0.1004566210045662,0.48408534452605806,0.0,0.5327490774907749,0.11764705882352941,0.5377906976744186,0.6033957924643172,28,0.27646318236110656
0.0958904109589041,0.3805526407834907,0.5297351324337831,0.4958487084870849,0.27450980392156865,0.4069767441860465,0.487045931137117,28,0.30745391742260386
0.1050228310502283,0.0,0.9095452273863068,0.5235239852398524,0.5882352941176471,0.11046511627906977,0.7846851112764663,28,0.17031991477547856
0.3995433789954338,0.3273871983210913,0.4547726136931534,0.6157749077490776,0.27450980392156865,0.42151162790697677,0.19481837245484682,28,0.5325241308067276
0.4474885844748858,0.0,0.5347326336831585,0.36669741697416974,0.5098039215686274,0.4418604651162791,0.5141040384225124,28,0.4329663944216676
0.4817351598173516,0.40573627142357466,0.0,0.4958487084870849,0.3137254901960784,0.5843023255813954,0.2570520192112562,28,0.4999838589921554
0.12100456621004566,0.5148653375306051,0.7146426786606697,0.6434501845018451,0.35294117647058826,0.22965116279069767,0.2841101264966516,28,0.34425541530813175
0.4269406392694064,0.3749562784190276,0.0,0.6526752767527676,0.23529411764705882,0.35755813953488375,0.4491645809375635,28,0.5670013235626432
0.1050228310502283,0.48968170689052115,0.0,0.4312730627306273,0.0784313725490196,0.5784883720930233,0.6331597104782521,28,0.3175259063175905
0.09817351598173515,0.0,0.894552723638181,0.7172509225092252,0.3137254901960784,0.06686046511627906,0.7440979503483732,28,0.10601413952287178
0.4817351598173516,0.0,0.0,0.4958487084870849,0.3137254901960784,0.5784883720930233,0.6169248461070149,28,0.29402459889595506
0.0776255707762557,0.453305351521511,0.6296851574212894,0.4404981549815498,0.39215686274509803,0.3546511627906977,0.45998782385172166,28,0.34528843981018176
0.12100456621004566,0.0,0.7146426786606697,0.6342250922509226,0.35294117647058826,0.22093023255813954,0.7413921396198337,28,0.09568389450237272
0.3493150684931507,0.2770199370409234,0.3848075962018991,0.5973247232472325,0.23529411764705882,0.3430232558139535,0.41940066292362854,28,0.4063660134938825
0.136986301369863,0.5792235047219307,0.8595702148925537,0.8464022140221403,0.39215686274509803,0.061046511627906974,0.11905567205573972,28,0.4843593633986506
0.0776255707762557,0.5484435117173837,0.4897551224387806,0.6895756457564577,0.23529411764705882,0.13372093023255813,0.5113982276939729,28,0.31817154663137165
0.1415525114155251,0.45610353270374254,0.63968015992004,0.6711254612546127,0.3137254901960784,0.46511627906976744,0.12717310424135833,28,0.3215288762630338
0.136986301369863,0.5988107729975516,0.8195902048975513,0.7172509225092252,0.39215686274509803,0.055232558139534885,0.23269972265440036,28,0.3656906737256674
0.12557077625570776,0.5988107729975516,0.7596201899050475,0.6988007380073802,0.35294117647058826,0.05232558139534884,0.2976391801393493,28,0.3966814087871646
0.10730593607305935,0.4281217208814271,0.9695152423788106,0.6250000000000001,0.3137254901960784,0.38953488372093026,0.07846851112764663,28,0.28730993963263063
0.07534246575342465,0.2938090241343127,0.9645177411294353,0.6619003690036901,0.23529411764705882,0.47674418604651164,0.1325847256984374,28,0.2528327468767149
0.13013698630136986,0.5848198670863939,0.8045977011494253,0.7080258302583027,0.27450980392156865,0.13662790697674418,0.20293580464046543,28,0.36866061916906084
0.0958904109589041,0.04197271773347324,0.974512743628186,0.4773985239852399,0.23529411764705882,0.6395348837209303,0.311168233782047,28,0.16799560964586627
0.1187214611872146,0.48688352570828963,0.9245377311344328,0.9571033210332105,0.27450980392156865,0.12790697674418605,0.048704593113711704,28,0.2842108661264809
0.14840182648401826,0.5232598810772997,0.974512743628186,0.5604243542435425,0.27450980392156865,0.2819767441860465,0.11364405059866065,28,0.2784001033024502
0.1872146118721461,0.24064358167191324,0.9495252373813093,0.8187269372693728,0.23529411764705882,0.3546511627906977,0.07846851112764663,28,0.2660038092778513
0.1232876712328767,0.4980762504372158,0.9345327336331835,0.8925276752767529,0.27450980392156865,0.15406976744186046,0.054116214570790785,28,0.3496787939438938
0.3079908675799087,0.2565932144106331,0.35732133933033483,1.0,0.23529411764705882,0.15087209302325574,0.2743692078739092,28,0.33960680504890717
0.48242009132420094,0.0,0.5647176411794103,0.5004612546125462,0.3137254901960784,0.5840116279069767,0.2562402759926945,28,0.44510443232075403
0.12054794520547948,0.5131864288212662,0.0,0.6369926199261995,0.3568627450980392,0.7162790697674422,0.2778867618210108,28,0.2060883881589566
0.10022831050228312,0.6449807625043722,0.0,0.7218634686346864,0.13333333333333333,0.0755813953488372,0.7516742203882839,28,0.39242018271620877
0.4429223744292237,0.0,0.5332333833083459,0.896217712177122,0.4117647058823529,0.05290697674418618,0.498951498342691,28,0.3756335345578978
0.07100456621004565,0.5881776845050717,0.0,0.6591328413284133,0.12156862745098039,0.43139534883720926,0.5446796996550091,28,0.3436097749943506
0.48242009132420094,0.40573627142357466,0.0,0.5004612546125462,0.3137254901960784,0.1924418604651164,0.622336467564094,28,0.4984343222390806
0.11324200913242008,0.0,0.5592203898050975,0.554889298892989,0.30980392156862746,0.5552325581395349,0.6004194006629237,28,0.1271911418148949
0.11666666666666665,0.40573627142357466,0.5647176411794103,0.5004612546125462,0.3137254901960784,0.5840116279069767,0.2562402759926945,28,0.299964489782742
0.08652968036529682,0.37103882476390343,0.5162418790604698,0.7015682656826571,0.2901960784313726,0.33430232558139533,0.4313062301292025,28,0.44045582206152945
0.10844748858447488,0.6603707590066457,0.0,0.4755535055350555,0.4941176470588235,0.1331395348837208,0.8082256646147604,28,0.3955192562223585
0.45159817351598175,0.0,0.5987006496751625,0.8048892988929891,0.38823529411764707,0.22441860465116292,0.3614963133328825,28,0.27775446298866896
0.11666666666666665,0.40573627142357466,0.5647176411794103,0.5004612546125462,0.3137254901960784,0.1924418604651164,0.622336467564094,28,0.30861606998741
0.1052511415525114,0.0,0.6826586706646677,0.31226937269372684,0.6313725490196079,0.583720930232558,0.6388419130081853,28,0.20182716208800075
0.5125570776255708,0.0,0.6891554222888556,0.6895756457564577,0.42352941176470593,0.00029069767441867073,0.5371034296150985,28,0.4687348678051457
0.11575342465753422,0.4048968170689052,0.0,0.4967712177121771,0.3137254901960784,0.5776162790697675,0.6174660082527229,28,0.21538560867740578
0.3650684931506849,0.3091990206365862,0.4302848575712144,0.6563653136531367,0.19607843137254902,0.2738372093023257,0.3750253669755802,28,0.4053329889918326
0.12876712328767126,0.0,0.9740129935032484,0.8805350553505535,0.43137254901960786,0.2811046511627908,0.32172089562335116,28,0.08018852697162408
0.11118721461187211,0.0,0.9260369815092455,0.3916051660516604,0.6117647058823529,0.7950581395348837,0.2272881011973213,28,0.14371953384769345
0.3894977168949772,0.0,0.44777611194402794,0.6868081180811808,0.4156862745098039,0.37877906976744175,0.4551173645403506,28,0.38635116376666556
0.10730593607305935,0.3290661070304302,0.45827086456771615,0.5410516605166052,0.2784313725490196,0.4430232558139534,0.5040925387269161,28,0.2736223649804693
0.09360730593607305,0.4740118922700245,0.7131434282858571,0.6130073800738007,0.32941176470588235,0.4837209302325581,0.1339376310627072,28,0.3538108919520934
0.3605022831050228,0.28149702693249384,0.39180409795102455,0.42758302583025826,0.40784313725490196,0.3915697674418606,0.4570114320503281,28,0.6125835297155954
0.48150684931506843,0.4491080797481637,0.0,0.49215867158671583,0.3764705882352941,0.33604651162790705,0.4478116755732937,28,0.6471898505342674
0.4155251141552511,0.3349422875131165,0.0,0.40636531365313666,0.2823529411764706,0.49244186046511623,0.5417033078536159,28,0.4984343222390806
0.5353881278538812,0.0,0.0,0.5318265682656828,0.13333333333333333,0.5372093023255813,0.6028546303186092,28,0.5493107789650385
0.09771689497716897,0.0,0.6676661669165417,0.5216789667896681,0.43529411764705883,0.5188953488372093,0.5885138334573498,28,0.1403622042160312
0.1095890410958904,0.662609303952431,0.0,0.45710332103321044,0.4666666666666667,0.7799418604651162,0.21862950686599464,28,0.4532395002743971
0.09520547945205476,0.4762504372158097,0.6626686656671664,0.621309963099631,0.3333333333333333,0.038081395348837276,0.5717378069404045,28,0.35561868483068076
0.521689497716895,0.4745715285064708,0.0,0.6517527675276754,0.3176470588235294,0.029069767441860465,0.5636203747547859,28,0.7010362527036187
0.12054794520547948,0.0,0.7136431784107947,0.6369926199261995,0.3568627450980392,0.7162790697674422,0.2778867618210108,28,0.1308067275720696
0.12054794520547948,0.5131864288212662,0.0,0.6369926199261995,0.3568627450980392,0.22151162790697687,0.740580396401272,28,0.2771088226748878
0.07465753424657531,0.0,0.8280859570214892,0.5161439114391143,0.39215686274509803,0.46511627906976744,0.5706554826489888,28,0.14152435678083736
0.37488584474885844,0.314235746764603,0.43728135932033985,0.4949261992619927,0.40784313725490196,0.3159883720930234,0.40722451464520065,28,0.47893598476288857
0.4840182648401826,0.4065757257782442,0.5657171414292854,0.5041512915129153,0.3137254901960784,0.19796511627906985,0.2602989920855038,28,0.5668721954998869
0.48105022831050226,0.4048968170689052,0.0,0.028136531365313504,0.3137254901960784,0.5776162790697675,0.6174660082527229,28,0.5447912967685702
0.09977168949771686,0.48296607205316544,0.0,0.5318265682656828,0.13333333333333333,0.5372093023255813,0.6028546303186092,28,0.27646318236110656
0.09543378995433792,0.38139209513816025,0.5307346326836582,0.4967712177121771,0.29411764705882354,0.40843023255813954,0.4878576743556788,28,0.3075830454853601
0.1052511415525114,0.0,0.9100449775112444,0.5272140221402215,0.5882352941176471,0.1101744186046511,0.785496854495028,28,0.17044904283823478
0.3995433789954338,0.326827562084645,0.4547726136931534,0.6120848708487086,0.27450980392156865,0.42296511627906974,0.19373604816343107,28,0.5326532588694838
0.447716894977169,0.0,0.5372313843078461,0.3630073800738007,0.5019607843137255,0.4424418604651164,0.5141040384225124,28,0.43309552248442384
0.48242009132420094,0.40573627142357466,0.0,0.5004612546125462,0.3137254901960784,0.5840116279069767,0.2562402759926945,28,0.4999838589921554
0.12146118721461184,0.514585519412382,0.7156421789105447,0.6416051660516607,0.3607843137254902,0.22848837209302333,0.28275722113238183,28,0.34425541530813175
0.4269406392694064,0.37411682406435814,0.0,0.6517527675276754,0.21568627450980393,0.3578488372093024,0.4494351620104175,28,0.5671304516253994
0.10456621004566212,0.4899615250087443,0.0,0.43311808118081174,0.08627450980392158,0.5784883720930233,0.6345126158425219,28,0.3175259063175905
0.0990867579908676,0.0,0.8940529735132434,0.7144833948339483,0.30588235294117644,0.06686046511627906,0.7432862071298115,28,0.10601413952287178
0.48105022831050226,0.0,0.0,0.4967712177121771,0.3137254901960784,0.5776162790697675,0.6174660082527229,28,0.29402459889595506
0.07853881278538814,0.4521860790486184,0.6286856571714143,0.43680811808118075,0.40784313725490196,0.3534883720930233,0.4610701481431374,28,0.34528843981018176
0.12054794520547948,0.0,0.7136431784107947,0.6369926199261995,0.3568627450980392,0.22151162790697687,0.740580396401272,28,0.09568389450237272
0.35000000000000003,0.2764603008044771,0.3848075962018991,0.5936346863468634,0.2549019607843137,0.3430232558139535,0.4202124061421903,28,0.4063660134938825
0.3899543378995434,0.29408884225253584,0.40879560219890054,0.7882841328413285,0.35294117647058826,0.29941860465116277,0.23188797943583864,28,0.44988217064273495
0.136986301369863,0.5319342427422176,0.7401299350324837,0.503228782287823,0.7372549019607844,0.1078488372093024,0.398836501386728,28,0.40584950124285757
0.11780821917808218,0.4034977264777894,0.5612193903048476,0.8842250922509226,0.396078431372549,0.355232558139535,0.1729013055536765,28,0.18297446492558994
0.10159817351598173,0.32067156348373554,0.44627686156921537,0.716328413284133,0.3450980392156863,0.17151162790697674,0.6372184265710614,28,0.22804015882751713
0.11369863013698633,0.49835606855543896,0.6931534232883558,0.39898523985239853,0.7176470588235294,0.41569767441860467,0.2722045592910777,28,0.4392936694967234
0.4746575342465753,0.3995802728226653,0.5557221389305348,0.4017527675276754,0.8666666666666667,0.3281976744186046,0.15477237367246177,28,0.4634406172321399
0.09497716894977168,0.0,0.8740629685157422,0.3150369003690037,0.7019607843137254,0.4119186046511629,0.6778055874991545,28,0.16902863414791616
0.4602739726027398,0.3914655473941938,0.0,0.8233394833948341,0.24313725490196078,0.2747093023255814,0.3476966786173308,28,0.4014591471091455
0.621689497716895,0.0,0.0,0.6083948339483395,0.2627450980392157,0.6168604651162792,0.3690725833727931,28,0.474287374503664
0.12922374429223743,0.41664917803427776,0.5797101449275363,0.4690959409594096,0.5882352941176471,0.44273255813953477,0.3401204085774202,28,0.3273396390870646
0.11552511415525113,0.6679258481986708,0.0,0.6988007380073802,0.24705882352941175,0.583720930232558,0.24325238449570452,28,0.31675113794105303
0.4748858447488584,0.3995802728226653,0.0,0.4026752767527676,0.39215686274509803,0.3293604651162789,0.5682202529933033,28,0.5548632856635567
0.463013698630137,0.0,0.4977511244377811,0.6619003690036901,0.3843137254901961,0.4604651162790697,0.3008861530135969,28,0.35884688639958673
0.11164383561643837,0.0,0.91904047976012,0.3906826568265682,0.4549019607843137,0.5529069767441862,0.482175471825746,28,0.17096555508925976
0.09109589041095892,0.4661769849597761,0.648175912043978,0.4543357933579336,0.4274509803921569,0.23720930232558146,0.5176215923696137,28,0.5459534493333763
0.44703196347031965,0.38391045820216857,0.534232883558221,0.7107933579335796,0.23529411764705882,0.22499999999999992,0.16586619765947364,28,0.6610065532491849
0.5006849315068493,0.4594613501224204,0.0,0.6111623616236164,0.1803921568627451,0.2005813953488372,0.487045931137117,28,0.7087839364689931
0.6027397260273972,0.5232598810772997,0.0,0.6185424354243544,0.2588235294117647,0.06773255813953476,0.44077656767909085,28,0.8209962230041643
0.40593607305936075,0.3606855543896467,0.5017491254372815,0.4441881918819189,0.37254901960784315,0.07005813953488378,0.5706554826489888,28,0.6520967169190044
0.34269406392694063,0.2717033927946834,0.3778110944527736,0.6416051660516607,0.3254901960784314,0.1002906976744186,0.6153013596698912,28,0.401200890983633
0.14292237442922373,0.0,0.751624187906047,0.5290590405904059,0.4588235294117647,0.646220930232558,0.36501386727998375,28,0.20273105852729442
0.12237442922374428,0.6813571178733823,0.0,0.5170664206642068,0.41960784313725485,0.6424418604651163,0.28059257254955033,28,0.4523356038351034
0.1328767123287671,0.5260580622595313,0.7316341829085458,0.7283210332103321,0.4431372549019608,0.08052325581395361,0.3130623012920248,28,0.4258643509700746
0.447716894977169,0.0,0.5347326336831585,0.5733394833948341,0.2392156862745098,0.22674418604651161,0.5985253331529462,28,0.5205152209703974
0.4929223744292237,0.0,0.632183908045977,0.7882841328413285,0.2235294117647059,0.17296511627906977,0.38584860988973835,28,0.48720018077928784
0.42305936073059364,0.33718083245890174,0.4692653673163419,0.584409594095941,0.3607843137254902,0.30058139534883715,0.27572211323817897,28,0.535494076250121
0.5105022831050229,0.4656173487233298,0.0,0.45894833948339486,0.3490196078431373,0.2343023255813954,0.5303389027937496,28,0.7606934176970009
0.5796803652968036,0.0,0.7076461769115442,0.6369926199261995,0.43137254901960786,0.0011627906976743525,0.498951498342691,28,0.4976595538625431
0.0684931506849315,0.577824414130815,0.8040979510244878,0.5041512915129153,0.21568627450980393,0.1915697674418604,0.3831427991611988,28,0.40003873841882687
0.5034246575342466,0.4158097236796082,0.0,0.5678044280442807,0.3333333333333333,0.436046511627907,0.3125211391463168,28,0.6469315944087548
0.1420091324200913,0.0,1.0,0.5253690036900368,0.4941176470588235,0.14040697674418592,0.6818643035919638,28,0.1647674080769603
0.48356164383561645,0.0,0.5627186406796602,0.4211254612546126,0.396078431372549,0.36133720930232544,0.5111276466211189,28,0.46653969073828966
0.5009132420091323,0.0,0.6391804097951025,0.5373616236162362,0.45098039215686275,0.20087209302325587,0.5024690522897926,28,0.45117345127029734
0.08607305936073056,0.458621895767751,0.6381809095452274,1.0,0.22745098039215686,0.19651162790697682,0.16667794087803567,28,0.4248313264680246
0.4255707762557077,0.3385799230500175,0.0,0.49031365313653147,0.27450980392156865,0.3107558139534883,0.6372184265710614,28,0.5140588178325854
0.44794520547945205,0.0,0.5347326336831585,0.7882841328413285,0.43529411764705883,0.22848837209302333,0.4064127714266389,28,0.3815734254446847
0.3710045662100457,0.310598111227702,0.43228385807096453,0.6572878228782288,0.23137254901960785,0.09186046511627914,0.5314212270851655,28,0.5063111340672111
0.13196347031963473,0.6995452955578874,0.0,0.40728782287822884,0.4784313725490196,0.7218023255813952,0.2548873706284247,28,0.4794524970139135
0.1461187214611872,0.7266876530255334,0.0,0.5438191881918819,0.49803921568627446,0.16802325581395336,0.6299127376040046,28,0.4595667753494528
0.3981735159817351,0.32458901713885974,0.4512743628185907,0.5106088560885609,0.3490196078431373,0.20087209302325587,0.47162280998444156,28,0.5416922232624205
0.5027397260273972,0.0,0.5777111444277861,0.6619003690036901,0.40784313725490196,0.04912790697674412,0.5936548738415748,28,0.37253446105174803
0.10616438356164383,0.390066456803078,0.5427286356821589,0.6314575645756457,0.2392156862745098,0.2656976744186046,0.5032807955083543,28,0.2759466701100816
0.13036529680365294,0.5224204267226302,0.0,0.47370848708487084,0.4431372549019608,0.5482558139534884,0.5273625109923561,28,0.39306582302999
0.3627853881278538,0.2812172088142707,0.391304347826087,0.7043357933579336,0.3372549019607843,0.18459302325581395,0.4532232970303728,28,0.38828808470800913
